-- MySQL dump 10.13  Distrib 5.5.9, for Win32 (x86)
--
-- Host: localhost    Database: temp_development
-- ------------------------------------------------------
-- Server version	5.5.9

/*!40101 SET @OLD_CHARACTER_SET_CLIENT=@@CHARACTER_SET_CLIENT */;
/*!40101 SET @OLD_CHARACTER_SET_RESULTS=@@CHARACTER_SET_RESULTS */;
/*!40101 SET @OLD_COLLATION_CONNECTION=@@COLLATION_CONNECTION */;
/*!40101 SET NAMES utf8 */;
/*!40103 SET @OLD_TIME_ZONE=@@TIME_ZONE */;
/*!40103 SET TIME_ZONE='+00:00' */;
/*!40014 SET @OLD_UNIQUE_CHECKS=@@UNIQUE_CHECKS, UNIQUE_CHECKS=0 */;
/*!40014 SET @OLD_FOREIGN_KEY_CHECKS=@@FOREIGN_KEY_CHECKS, FOREIGN_KEY_CHECKS=0 */;
/*!40101 SET @OLD_SQL_MODE=@@SQL_MODE, SQL_MODE='NO_AUTO_VALUE_ON_ZERO' */;
/*!40111 SET @OLD_SQL_NOTES=@@SQL_NOTES, SQL_NOTES=0 */;

--
-- Table structure for table `affiliation_types`
--

DROP TABLE IF EXISTS `affiliation_types`;
/*!40101 SET @saved_cs_client     = @@character_set_client */;
/*!40101 SET character_set_client = utf8 */;
CREATE TABLE `affiliation_types` (
  `id` int(11) NOT NULL AUTO_INCREMENT,
  `name` varchar(255) COLLATE utf8_unicode_ci DEFAULT NULL,
  `created_at` datetime DEFAULT NULL,
  `updated_at` datetime DEFAULT NULL,
  PRIMARY KEY (`id`)
) ENGINE=InnoDB AUTO_INCREMENT=7 DEFAULT CHARSET=utf8 COLLATE=utf8_unicode_ci;
/*!40101 SET character_set_client = @saved_cs_client */;

--
-- Dumping data for table `affiliation_types`
--

LOCK TABLES `affiliation_types` WRITE;
/*!40000 ALTER TABLE `affiliation_types` DISABLE KEYS */;
INSERT INTO `affiliation_types` VALUES (3,'Social','2011-04-11 01:09:41','2011-04-11 01:09:41'),(4,'Professional','2011-04-11 01:10:54','2011-04-11 01:10:54'),(5,'Political','2011-05-13 18:14:15','2011-05-13 18:14:15'),(6,'Religious','2011-05-13 18:14:32','2011-05-13 18:14:32');
/*!40000 ALTER TABLE `affiliation_types` ENABLE KEYS */;
UNLOCK TABLES;

--
-- Table structure for table `affiliations`
--

DROP TABLE IF EXISTS `affiliations`;
/*!40101 SET @saved_cs_client     = @@character_set_client */;
/*!40101 SET character_set_client = utf8 */;
CREATE TABLE `affiliations` (
  `id` int(11) NOT NULL AUTO_INCREMENT,
  `user_id` int(11) DEFAULT NULL,
  `name` varchar(255) COLLATE utf8_unicode_ci DEFAULT NULL,
  `created_at` datetime DEFAULT NULL,
  `updated_at` datetime DEFAULT NULL,
  `affiliation_type` varchar(255) COLLATE utf8_unicode_ci DEFAULT NULL,
  PRIMARY KEY (`id`),
  UNIQUE KEY `index_affiliations_on_user_id_and_name` (`user_id`,`name`),
  KEY `index_affiliations_on_user_id` (`user_id`)
) ENGINE=InnoDB AUTO_INCREMENT=53 DEFAULT CHARSET=utf8 COLLATE=utf8_unicode_ci;
/*!40101 SET character_set_client = @saved_cs_client */;

--
-- Dumping data for table `affiliations`
--

LOCK TABLES `affiliations` WRITE;
/*!40000 ALTER TABLE `affiliations` DISABLE KEYS */;
INSERT INTO `affiliations` VALUES (1,167,'Kiwanis Club','2011-04-11 22:25:03','2011-04-11 22:25:03','Social'),(2,169,'Boys & Girls Club','2011-04-12 02:59:19','2011-04-12 02:59:19','Social'),(3,170,'JHC','2011-04-12 03:23:32','2011-04-12 03:23:32','Social'),(4,171,'ABA','2011-04-12 06:30:48','2011-04-12 06:30:48','Professional'),(5,172,'JHC','2011-04-12 07:19:35','2011-04-12 07:19:35','Social'),(6,175,'AA','2011-04-12 17:23:21','2011-04-12 17:23:21','Social'),(7,176,'Blackjack Club','2011-04-12 18:04:27','2011-04-12 18:04:27','Social'),(8,177,'Real Estate Brokers Assn','2011-04-12 19:05:03','2011-04-12 19:05:03','Professional'),(9,177,'YMCA','2011-04-12 19:05:03','2011-04-12 19:05:03','Social'),(10,179,'Masons','2011-04-13 01:23:37','2011-04-13 01:23:37','Professional'),(11,179,'Symphony Club','2011-04-13 01:26:01','2011-04-13 01:26:01','Social'),(12,180,'SF Tennis Club','2011-04-13 01:41:10','2011-04-13 01:41:10','Social'),(13,180,'AAA','2011-04-13 01:41:10','2011-04-13 01:41:10','Social'),(14,181,'SF Chamber of Commerce','2011-04-17 03:07:48','2011-04-17 03:07:48','Professional'),(15,181,'WISE SF','2011-04-17 03:07:48','2011-04-17 03:07:48','Professional'),(16,181,'Alliance of CEOs','2011-04-17 03:07:48','2011-04-17 03:07:48','Professional'),(17,181,'UM Alumni Club of SF','2011-04-17 03:07:48','2011-04-17 03:07:48','Social'),(18,179,'Brown Bag Crew','2011-04-17 03:59:59','2011-04-17 03:59:59','Social'),(19,183,'Blue Angels','2011-04-17 04:01:33','2011-04-17 04:01:33','Social'),(20,184,'Real Estate Brokers Assn','2011-04-17 04:35:58','2011-04-17 04:35:58','Professional'),(21,194,'Giants Fan Club','2011-04-17 20:50:27','2011-04-17 20:50:27','Social'),(22,203,'Brown Bag Crew','2011-04-18 04:00:00','2011-04-18 04:00:00','Social'),(23,203,'Real Estate Brokers Assn','2011-04-18 04:00:00','2011-04-18 04:00:00','Professional'),(24,207,'Big Brothers & Sisters','2011-04-25 21:17:36','2011-04-25 21:17:36','Social'),(25,207,'SF Chamber of Commerce','2011-04-25 21:17:36','2011-04-25 21:17:36','Professional'),(26,208,'YMCA','2011-04-28 18:27:28','2011-04-28 18:27:28','Social'),(27,209,'YMCA','2011-04-29 00:55:41','2011-04-29 00:55:41','Social'),(29,211,'YMCA','2011-05-13 18:16:35','2011-05-13 18:16:35','Social'),(30,213,'American Cancer Society','2011-05-14 22:04:21','2011-05-14 22:04:21','Social'),(32,214,'Boy Scouts of America','2011-05-15 00:25:11','2011-05-15 00:25:11','Social'),(35,214,'Mensa Club of Bay Area','2011-05-15 00:29:15','2011-05-15 00:29:15','Social'),(38,216,'American Cancer Society','2011-05-16 07:52:55','2011-05-16 07:52:55','Social'),(39,216,'Bizworld','2011-05-16 07:52:55','2011-05-16 07:52:55','Professional'),(40,217,'JHC','2011-05-16 08:59:46','2011-05-16 08:59:46','Social'),(44,218,'Bay Area Marketers','2011-05-16 17:47:59','2011-05-16 17:47:59','Professional'),(45,218,'BAMP','2011-05-16 17:47:59','2011-05-16 17:47:59','Professional'),(46,218,'SCLC','2011-05-16 20:14:07','2011-05-16 20:14:07','Social'),(49,219,'Big Brothers & Sisters','2011-05-16 22:31:38','2011-05-16 22:31:38','Social'),(50,226,'American Cancer Society','2011-05-24 22:21:58','2011-05-24 22:21:58','Social'),(51,227,'Brown Bag Crew','2011-06-12 18:45:05','2011-06-12 18:45:05','Social'),(52,227,'American Cancer Society','2011-06-12 18:45:05','2011-06-12 18:45:05','Professional');
/*!40000 ALTER TABLE `affiliations` ENABLE KEYS */;
UNLOCK TABLES;

--
-- Table structure for table `associates`
--

DROP TABLE IF EXISTS `associates`;
/*!40101 SET @saved_cs_client     = @@character_set_client */;
/*!40101 SET character_set_client = utf8 */;
CREATE TABLE `associates` (
  `id` int(11) NOT NULL AUTO_INCREMENT,
  `name` varchar(255) COLLATE utf8_unicode_ci DEFAULT NULL,
  `email` varchar(255) COLLATE utf8_unicode_ci DEFAULT NULL,
  `user_id` int(11) DEFAULT NULL,
  `created_at` datetime DEFAULT NULL,
  `updated_at` datetime DEFAULT NULL,
  PRIMARY KEY (`id`),
  KEY `index_associates_on_user_id` (`user_id`)
) ENGINE=InnoDB AUTO_INCREMENT=36 DEFAULT CHARSET=utf8 COLLATE=utf8_unicode_ci;
/*!40101 SET character_set_client = @saved_cs_client */;

--
-- Dumping data for table `associates`
--

LOCK TABLES `associates` WRITE;
/*!40000 ALTER TABLE `associates` DISABLE KEYS */;
INSERT INTO `associates` VALUES (1,NULL,'test@test.com',135,'2011-04-08 20:10:09','2011-04-08 20:10:09'),(2,NULL,'sdbmich01@aol.com',140,'2011-04-08 20:36:04','2011-04-08 20:36:04'),(3,NULL,'sdbmich01@aol.com',141,'2011-04-08 20:45:21','2011-04-08 20:45:21'),(4,NULL,'sdbmich01@aol.com',142,'2011-04-08 20:49:34','2011-04-08 20:49:34'),(5,NULL,'sdbmich01@aol.com',143,'2011-04-08 20:52:08','2011-04-08 20:52:08'),(6,NULL,'---\n- test@test.com\n- test2@test.com\n',NULL,'2011-04-09 07:03:49','2011-04-09 07:03:49'),(7,NULL,'sdbmich01@aol.com',145,'2011-04-09 17:39:18','2011-04-09 17:39:18'),(8,NULL,'test@test.com',135,'2011-04-09 18:30:53','2011-04-09 18:30:53'),(9,NULL,'jdoe@test.com',135,'2011-04-09 18:39:03','2011-04-09 18:39:03'),(10,NULL,'jdoe@test.com',141,'2011-04-09 23:23:48','2011-04-09 23:23:48'),(11,NULL,'jdoe@test.com',130,'2011-04-09 23:26:43','2011-04-09 23:26:43'),(12,NULL,'janedoe@test.com',130,'2011-04-09 23:26:43','2011-04-09 23:26:43'),(13,NULL,'test@test.com',128,'2011-04-10 00:05:10','2011-04-10 00:05:10'),(14,NULL,'test@test.com',127,'2011-04-10 01:31:51','2011-04-10 01:31:51'),(15,NULL,'test@test.com',127,'2011-04-10 01:33:19','2011-04-10 01:33:19'),(16,NULL,'test@test.com',126,'2011-04-10 01:41:47','2011-04-10 01:41:47'),(17,NULL,'test@test.com',126,'2011-04-10 01:49:15','2011-04-10 01:49:15'),(18,NULL,'test@test.com',123,'2011-04-10 02:02:52','2011-04-10 02:02:52'),(19,NULL,'test1@test.com',123,'2011-04-10 02:02:52','2011-04-10 02:02:52'),(20,NULL,'sdbmich01@aol.com',150,'2011-04-10 02:10:40','2011-04-10 02:10:40'),(21,NULL,'sdbmich1@hotmail.com',150,'2011-04-10 02:10:40','2011-04-10 02:10:40'),(22,NULL,'sdbmich01@aol.com',151,'2011-04-10 02:18:45','2011-04-10 02:18:45'),(23,NULL,'sdbmich1@hotmail.com',151,'2011-04-10 02:18:45','2011-04-10 02:18:45'),(24,NULL,'sdbmich01@aol.com',152,'2011-04-10 02:27:44','2011-04-10 02:27:44'),(25,NULL,'sdbmich1@hotmail.com',152,'2011-04-10 02:27:45','2011-04-10 02:27:45'),(26,NULL,'test@test.com',111,'2011-04-10 02:54:52','2011-04-10 02:54:52'),(27,NULL,'test1@test.com',111,'2011-04-10 02:54:53','2011-04-10 02:54:53'),(28,NULL,'sdbmich01@aol.com',153,'2011-04-10 02:57:23','2011-04-10 02:57:23'),(29,NULL,'sdbmich1@gmail.com',153,'2011-04-10 02:57:23','2011-04-10 02:57:23'),(34,NULL,'sdbmich@yahoo.com',178,'2011-04-12 21:42:16','2011-04-12 21:42:16'),(35,NULL,'sdbmich1@hotmail.com',178,'2011-04-12 21:42:22','2011-04-12 21:42:22');
/*!40000 ALTER TABLE `associates` ENABLE KEYS */;
UNLOCK TABLES;

--
-- Table structure for table `authentications`
--

DROP TABLE IF EXISTS `authentications`;
/*!40101 SET @saved_cs_client     = @@character_set_client */;
/*!40101 SET character_set_client = utf8 */;
CREATE TABLE `authentications` (
  `id` int(11) NOT NULL AUTO_INCREMENT,
  `user_id` int(11) DEFAULT NULL,
  `provider` varchar(255) COLLATE utf8_unicode_ci DEFAULT NULL,
  `uid` varchar(255) COLLATE utf8_unicode_ci DEFAULT NULL,
  `created_at` datetime DEFAULT NULL,
  `updated_at` datetime DEFAULT NULL,
  PRIMARY KEY (`id`)
) ENGINE=InnoDB DEFAULT CHARSET=utf8 COLLATE=utf8_unicode_ci;
/*!40101 SET character_set_client = @saved_cs_client */;

--
-- Dumping data for table `authentications`
--

LOCK TABLES `authentications` WRITE;
/*!40000 ALTER TABLE `authentications` DISABLE KEYS */;
/*!40000 ALTER TABLE `authentications` ENABLE KEYS */;
UNLOCK TABLES;

--
-- Table structure for table `calendar_events`
--

DROP TABLE IF EXISTS `calendar_events`;
/*!40101 SET @saved_cs_client     = @@character_set_client */;
/*!40101 SET character_set_client = utf8 */;
CREATE TABLE `calendar_events` (
  `id` int(11) NOT NULL AUTO_INCREMENT,
  `calendar_id` int(11) DEFAULT NULL,
  `event_id` int(11) DEFAULT NULL,
  `start_date` date DEFAULT NULL,
  `end_date` date DEFAULT NULL,
  `original_start_date` date DEFAULT NULL,
  `status` varchar(255) COLLATE utf8_unicode_ci DEFAULT NULL,
  `created_at` datetime DEFAULT NULL,
  `updated_at` datetime DEFAULT NULL,
  PRIMARY KEY (`id`),
  UNIQUE KEY `index_calendar_events_on_calendar_id_and_event_id` (`calendar_id`,`event_id`)
) ENGINE=InnoDB DEFAULT CHARSET=utf8 COLLATE=utf8_unicode_ci;
/*!40101 SET character_set_client = @saved_cs_client */;

--
-- Dumping data for table `calendar_events`
--

LOCK TABLES `calendar_events` WRITE;
/*!40000 ALTER TABLE `calendar_events` DISABLE KEYS */;
/*!40000 ALTER TABLE `calendar_events` ENABLE KEYS */;
UNLOCK TABLES;

--
-- Table structure for table `calendars`
--

DROP TABLE IF EXISTS `calendars`;
/*!40101 SET @saved_cs_client     = @@character_set_client */;
/*!40101 SET character_set_client = utf8 */;
CREATE TABLE `calendars` (
  `id` int(11) NOT NULL AUTO_INCREMENT,
  `name` varchar(255) COLLATE utf8_unicode_ci DEFAULT NULL,
  `type` varchar(255) COLLATE utf8_unicode_ci DEFAULT NULL,
  `title` varchar(255) COLLATE utf8_unicode_ci DEFAULT NULL,
  `template` varchar(255) COLLATE utf8_unicode_ci DEFAULT NULL,
  `template_id` int(11) DEFAULT NULL,
  `start_date` date DEFAULT NULL,
  `end_date` date DEFAULT NULL,
  `location_id` int(11) DEFAULT NULL,
  `created_at` datetime DEFAULT NULL,
  `updated_at` datetime DEFAULT NULL,
  PRIMARY KEY (`id`),
  KEY `index_calendars_on_location_id` (`location_id`)
) ENGINE=InnoDB DEFAULT CHARSET=utf8 COLLATE=utf8_unicode_ci;
/*!40101 SET character_set_client = @saved_cs_client */;

--
-- Dumping data for table `calendars`
--

LOCK TABLES `calendars` WRITE;
/*!40000 ALTER TABLE `calendars` DISABLE KEYS */;
/*!40000 ALTER TABLE `calendars` ENABLE KEYS */;
UNLOCK TABLES;

--
-- Table structure for table `categories`
--

DROP TABLE IF EXISTS `categories`;
/*!40101 SET @saved_cs_client     = @@character_set_client */;
/*!40101 SET character_set_client = utf8 */;
CREATE TABLE `categories` (
  `id` int(11) NOT NULL AUTO_INCREMENT,
  `name` varchar(255) COLLATE utf8_unicode_ci DEFAULT NULL,
  `type` varchar(255) COLLATE utf8_unicode_ci DEFAULT NULL,
  `description` varchar(255) COLLATE utf8_unicode_ci DEFAULT NULL,
  `created_at` datetime DEFAULT NULL,
  `updated_at` datetime DEFAULT NULL,
  `photo_file_name` varchar(255) COLLATE utf8_unicode_ci DEFAULT NULL,
  `photo_content_type` varchar(255) COLLATE utf8_unicode_ci DEFAULT NULL,
  `photo_file_size` int(11) DEFAULT NULL,
  `photo_updated_at` datetime DEFAULT NULL,
  `hide` varchar(255) COLLATE utf8_unicode_ci DEFAULT NULL,
  `status` varchar(255) COLLATE utf8_unicode_ci DEFAULT NULL,
  `sortkey` int(11) DEFAULT NULL,
  PRIMARY KEY (`id`)
) ENGINE=InnoDB AUTO_INCREMENT=133 DEFAULT CHARSET=utf8 COLLATE=utf8_unicode_ci;
/*!40101 SET character_set_client = @saved_cs_client */;

--
-- Dumping data for table `categories`
--

LOCK TABLES `categories` WRITE;
/*!40000 ALTER TABLE `categories` DISABLE KEYS */;
INSERT INTO `categories` VALUES (109,'Entertainment',NULL,NULL,'2011-04-02 22:50:11','2011-04-02 22:50:11','media.jpg',NULL,NULL,NULL,NULL,NULL,NULL),(110,'Recreation',NULL,NULL,'2011-04-02 22:50:12','2011-04-02 22:50:12','recreation.jpg',NULL,NULL,NULL,NULL,NULL,NULL),(111,'Business',NULL,NULL,'2011-04-02 22:50:12','2011-04-10 06:45:05','briefcase.jpg',NULL,NULL,NULL,NULL,NULL,NULL),(113,'Technology',NULL,NULL,'2011-04-02 22:50:12','2011-04-02 22:50:12','tech1.jpg',NULL,NULL,NULL,NULL,NULL,NULL),(117,'Pro Sports',NULL,NULL,'2011-04-02 22:50:12','2011-04-02 22:50:12','sports4.jpg',NULL,NULL,NULL,NULL,NULL,NULL),(118,'College Sports',NULL,NULL,'2011-04-02 22:50:12','2011-04-10 06:49:27','sports5.jpg',NULL,NULL,NULL,NULL,NULL,NULL),(119,'Amateur Sports',NULL,NULL,'2011-04-02 22:50:12','2011-04-10 06:09:07','sports2.jpg',NULL,NULL,NULL,NULL,NULL,NULL),(120,'Education',NULL,NULL,'2011-04-02 22:50:12','2011-04-02 22:50:12','education.jpg',NULL,NULL,NULL,NULL,NULL,NULL),(121,'Civic/Government',NULL,NULL,'2011-04-02 22:50:12','2011-04-10 06:39:52','civic3.jpg',NULL,NULL,NULL,NULL,NULL,NULL),(122,'Community',NULL,NULL,'2011-04-02 22:50:12','2011-04-02 22:50:12','globe1.jpg',NULL,NULL,NULL,NULL,NULL,NULL),(123,'Music',NULL,NULL,'2011-04-02 22:50:12','2011-04-02 22:50:12','music2.jpg',NULL,NULL,NULL,NULL,NULL,NULL),(124,'Performing Arts',NULL,NULL,'2011-04-02 22:50:12','2011-04-02 22:50:12','perform1.jpg',NULL,NULL,NULL,NULL,NULL,NULL),(125,'Arts & Crafts',NULL,NULL,'2011-04-02 22:50:12','2011-04-10 06:04:32','varts2.jpg',NULL,NULL,NULL,NULL,NULL,NULL),(126,'Food & Dining',NULL,NULL,'2011-04-02 22:50:13','2011-04-02 22:50:13','dining1.jpg',NULL,NULL,NULL,NULL,NULL,NULL),(127,'Religion',NULL,NULL,'2011-04-02 22:50:13','2011-04-02 22:50:13','religion.jpg',NULL,NULL,NULL,NULL,NULL,NULL),(128,'Travel & Tourism',NULL,NULL,'2011-04-02 22:50:13','2011-04-02 22:50:13','tourism.jpg',NULL,NULL,NULL,NULL,NULL,NULL),(129,'Health & Fitness',NULL,NULL,'2011-04-02 22:50:13','2011-04-02 22:50:13','health3.jpg',NULL,NULL,NULL,NULL,NULL,NULL),(132,'Shopping',NULL,NULL,'2011-04-02 22:50:13','2011-04-02 22:50:13','tag1.jpg',NULL,NULL,NULL,NULL,NULL,NULL);
/*!40000 ALTER TABLE `categories` ENABLE KEYS */;
UNLOCK TABLES;

--
-- Table structure for table `channel_interests`
--

DROP TABLE IF EXISTS `channel_interests`;
/*!40101 SET @saved_cs_client     = @@character_set_client */;
/*!40101 SET character_set_client = utf8 */;
CREATE TABLE `channel_interests` (
  `id` int(11) NOT NULL AUTO_INCREMENT,
  `channel_id` int(11) DEFAULT NULL,
  `interest_id` int(11) DEFAULT NULL,
  `created_at` datetime DEFAULT NULL,
  `updated_at` datetime DEFAULT NULL,
  PRIMARY KEY (`id`),
  UNIQUE KEY `index_channel_interests_on_channel_id_and_interest_id` (`channel_id`,`interest_id`)
) ENGINE=InnoDB AUTO_INCREMENT=11601 DEFAULT CHARSET=utf8 COLLATE=utf8_unicode_ci;
/*!40101 SET character_set_client = @saved_cs_client */;

--
-- Dumping data for table `channel_interests`
--

LOCK TABLES `channel_interests` WRITE;
/*!40000 ALTER TABLE `channel_interests` DISABLE KEYS */;
INSERT INTO `channel_interests` VALUES (11251,197,342,NULL,NULL),(11252,215,342,NULL,NULL),(11254,197,440,NULL,NULL),(11255,198,311,NULL,NULL),(11256,199,311,NULL,NULL),(11257,211,311,NULL,NULL),(11258,200,318,NULL,NULL),(11259,210,318,NULL,NULL),(11260,200,320,NULL,NULL),(11261,210,320,NULL,NULL),(11262,200,321,NULL,NULL),(11263,210,321,NULL,NULL),(11264,200,322,NULL,NULL),(11265,210,322,NULL,NULL),(11273,201,319,NULL,NULL),(11274,199,312,NULL,NULL),(11275,203,337,NULL,NULL),(11276,205,337,NULL,NULL),(11277,210,337,NULL,NULL),(11278,211,436,NULL,NULL),(11279,216,329,NULL,NULL),(11280,238,329,NULL,NULL),(11282,202,331,NULL,NULL),(11283,217,331,NULL,NULL),(11284,218,331,NULL,NULL),(11540,207,330,NULL,NULL),(11541,206,442,NULL,NULL),(11542,230,442,NULL,NULL),(11543,231,442,NULL,NULL),(11544,232,442,NULL,NULL),(11545,233,442,NULL,NULL),(11546,234,442,NULL,NULL),(11547,235,442,NULL,NULL),(11548,236,442,NULL,NULL),(11549,237,442,NULL,NULL),(11556,206,334,NULL,NULL),(11557,208,334,NULL,NULL),(11558,231,334,NULL,NULL),(11559,212,332,NULL,NULL),(11560,208,368,NULL,NULL),(11561,209,368,NULL,NULL),(11563,229,340,NULL,NULL),(11564,222,431,NULL,NULL),(11565,223,430,NULL,NULL),(11566,225,433,NULL,NULL),(11567,225,438,NULL,NULL),(11568,224,430,NULL,NULL),(11569,226,432,NULL,NULL),(11570,227,434,NULL,NULL),(11571,227,437,NULL,NULL),(11572,228,429,NULL,NULL),(11573,217,435,NULL,NULL),(11574,220,435,NULL,NULL),(11575,221,435,NULL,NULL),(11576,214,317,NULL,NULL),(11577,214,391,NULL,NULL),(11579,214,316,NULL,NULL),(11580,214,339,NULL,NULL),(11581,214,390,NULL,NULL),(11582,214,345,NULL,NULL),(11583,213,334,NULL,NULL),(11584,218,350,NULL,NULL),(11585,239,373,NULL,NULL),(11586,239,374,NULL,NULL),(11587,239,375,NULL,NULL),(11588,239,376,NULL,NULL),(11589,239,377,NULL,NULL),(11590,239,378,NULL,NULL),(11591,239,379,NULL,NULL),(11592,237,302,NULL,NULL),(11593,237,303,NULL,NULL),(11594,237,304,NULL,NULL),(11595,237,305,NULL,NULL),(11596,237,306,NULL,NULL),(11597,237,307,NULL,NULL),(11598,237,308,NULL,NULL),(11599,233,307,NULL,NULL),(11600,242,435,NULL,NULL);
/*!40000 ALTER TABLE `channel_interests` ENABLE KEYS */;
UNLOCK TABLES;

--
-- Table structure for table `channel_locations`
--

DROP TABLE IF EXISTS `channel_locations`;
/*!40101 SET @saved_cs_client     = @@character_set_client */;
/*!40101 SET character_set_client = utf8 */;
CREATE TABLE `channel_locations` (
  `id` int(11) NOT NULL AUTO_INCREMENT,
  `location_id` int(11) DEFAULT NULL,
  `channel_id` int(11) DEFAULT NULL,
  `created_at` datetime DEFAULT NULL,
  `updated_at` datetime DEFAULT NULL,
  PRIMARY KEY (`id`),
  KEY `index_channel_locations_on_location_id` (`location_id`),
  KEY `index_channel_locations_on_channel_id` (`channel_id`)
) ENGINE=InnoDB AUTO_INCREMENT=361 DEFAULT CHARSET=utf8 COLLATE=utf8_unicode_ci;
/*!40101 SET character_set_client = @saved_cs_client */;

--
-- Dumping data for table `channel_locations`
--

LOCK TABLES `channel_locations` WRITE;
/*!40000 ALTER TABLE `channel_locations` DISABLE KEYS */;
INSERT INTO `channel_locations` VALUES (1,1,197,'2011-05-16 04:30:27','2011-05-16 04:30:27'),(2,1,198,'2011-05-16 04:30:28','2011-05-16 04:30:28'),(3,1,199,'2011-05-16 04:30:28','2011-05-16 04:30:28'),(4,1,200,'2011-05-16 04:30:28','2011-05-16 04:30:28'),(5,1,201,'2011-05-16 04:30:28','2011-05-16 04:30:28'),(6,1,202,'2011-05-16 04:30:28','2011-05-16 04:30:28'),(7,1,203,'2011-05-16 04:30:28','2011-05-16 04:30:28'),(8,1,204,'2011-05-16 04:30:28','2011-05-16 04:30:28'),(9,1,205,'2011-05-16 04:30:29','2011-05-16 04:30:29'),(10,1,206,'2011-05-16 04:30:29','2011-05-16 04:30:29'),(11,1,207,'2011-05-16 04:30:29','2011-05-16 04:30:29'),(12,1,208,'2011-05-16 04:30:29','2011-05-16 04:30:29'),(13,1,209,'2011-05-16 04:30:29','2011-05-16 04:30:29'),(14,1,210,'2011-05-16 04:30:29','2011-05-16 04:30:29'),(15,1,211,'2011-05-16 04:30:29','2011-05-16 04:30:29'),(16,1,212,'2011-05-16 04:30:29','2011-05-16 04:30:29'),(17,1,213,'2011-05-16 04:30:29','2011-05-16 04:30:29'),(18,1,214,'2011-05-16 04:30:29','2011-05-16 04:30:29'),(19,1,215,'2011-05-16 04:30:29','2011-05-16 04:30:29'),(20,1,216,'2011-05-16 04:30:29','2011-05-16 04:30:29'),(21,1,217,'2011-05-16 04:30:29','2011-05-16 04:30:29'),(22,1,218,'2011-05-16 04:30:29','2011-05-16 04:30:29'),(23,1,220,'2011-05-16 04:30:29','2011-05-16 04:30:29'),(24,1,221,'2011-05-16 04:30:29','2011-05-16 04:30:29'),(25,1,222,'2011-05-16 04:30:30','2011-05-16 04:30:30'),(26,1,223,'2011-05-16 04:30:30','2011-05-16 04:30:30'),(27,1,224,'2011-05-16 04:30:30','2011-05-16 04:30:30'),(28,1,225,'2011-05-16 04:30:30','2011-05-16 04:30:30'),(29,1,226,'2011-05-16 04:30:30','2011-05-16 04:30:30'),(30,1,227,'2011-05-16 04:30:30','2011-05-16 04:30:30'),(31,1,228,'2011-05-16 04:30:30','2011-05-16 04:30:30'),(32,1,229,'2011-05-16 04:30:30','2011-05-16 04:30:30'),(33,1,230,'2011-05-16 04:30:30','2011-05-16 04:30:30'),(34,1,231,'2011-05-16 04:30:30','2011-05-16 04:30:30'),(35,1,232,'2011-05-16 04:30:30','2011-05-16 04:30:30'),(36,1,233,'2011-05-16 04:30:30','2011-05-16 04:30:30'),(37,1,234,'2011-05-16 04:30:30','2011-05-16 04:30:30'),(38,1,235,'2011-05-16 04:30:30','2011-05-16 04:30:30'),(39,1,236,'2011-05-16 04:30:30','2011-05-16 04:30:30'),(40,1,237,'2011-05-16 04:30:30','2011-05-16 04:30:30'),(41,1,238,'2011-05-16 04:30:30','2011-05-16 04:30:30'),(42,1,239,'2011-05-16 04:30:31','2011-05-16 04:30:31'),(43,1,240,'2011-05-16 04:30:31','2011-05-16 04:30:31'),(44,1,241,'2011-05-16 04:30:31','2011-05-16 04:30:31'),(45,1,242,'2011-05-16 04:30:31','2011-05-16 04:30:31'),(46,2,197,'2011-05-16 04:30:31','2011-05-16 04:30:31'),(47,2,198,'2011-05-16 04:30:31','2011-05-16 04:30:31'),(48,2,199,'2011-05-16 04:30:31','2011-05-16 04:30:31'),(49,2,200,'2011-05-16 04:30:31','2011-05-16 04:30:31'),(50,2,201,'2011-05-16 04:30:31','2011-05-16 04:30:31'),(51,2,202,'2011-05-16 04:30:31','2011-05-16 04:30:31'),(52,2,203,'2011-05-16 04:30:31','2011-05-16 04:30:31'),(53,2,204,'2011-05-16 04:30:31','2011-05-16 04:30:31'),(54,2,205,'2011-05-16 04:30:31','2011-05-16 04:30:31'),(55,2,206,'2011-05-16 04:30:31','2011-05-16 04:30:31'),(56,2,207,'2011-05-16 04:30:31','2011-05-16 04:30:31'),(57,2,208,'2011-05-16 04:30:31','2011-05-16 04:30:31'),(58,2,209,'2011-05-16 04:30:32','2011-05-16 04:30:32'),(59,2,210,'2011-05-16 04:30:32','2011-05-16 04:30:32'),(60,2,211,'2011-05-16 04:30:32','2011-05-16 04:30:32'),(61,2,212,'2011-05-16 04:30:32','2011-05-16 04:30:32'),(62,2,213,'2011-05-16 04:30:32','2011-05-16 04:30:32'),(63,2,214,'2011-05-16 04:30:32','2011-05-16 04:30:32'),(64,2,215,'2011-05-16 04:30:32','2011-05-16 04:30:32'),(65,2,216,'2011-05-16 04:30:32','2011-05-16 04:30:32'),(66,2,217,'2011-05-16 04:30:32','2011-05-16 04:30:32'),(67,2,218,'2011-05-16 04:30:32','2011-05-16 04:30:32'),(68,2,220,'2011-05-16 04:30:32','2011-05-16 04:30:32'),(69,2,221,'2011-05-16 04:30:32','2011-05-16 04:30:32'),(70,2,222,'2011-05-16 04:30:32','2011-05-16 04:30:32'),(71,2,223,'2011-05-16 04:30:32','2011-05-16 04:30:32'),(72,2,224,'2011-05-16 04:30:32','2011-05-16 04:30:32'),(73,2,225,'2011-05-16 04:30:32','2011-05-16 04:30:32'),(74,2,226,'2011-05-16 04:30:32','2011-05-16 04:30:32'),(75,2,227,'2011-05-16 04:30:32','2011-05-16 04:30:32'),(76,2,228,'2011-05-16 04:30:33','2011-05-16 04:30:33'),(77,2,229,'2011-05-16 04:30:33','2011-05-16 04:30:33'),(78,2,230,'2011-05-16 04:30:33','2011-05-16 04:30:33'),(79,2,231,'2011-05-16 04:30:33','2011-05-16 04:30:33'),(80,2,232,'2011-05-16 04:30:33','2011-05-16 04:30:33'),(81,2,233,'2011-05-16 04:30:33','2011-05-16 04:30:33'),(82,2,234,'2011-05-16 04:30:33','2011-05-16 04:30:33'),(83,2,235,'2011-05-16 04:30:33','2011-05-16 04:30:33'),(84,2,236,'2011-05-16 04:30:33','2011-05-16 04:30:33'),(85,2,237,'2011-05-16 04:30:33','2011-05-16 04:30:33'),(86,2,238,'2011-05-16 04:30:33','2011-05-16 04:30:33'),(87,2,239,'2011-05-16 04:30:33','2011-05-16 04:30:33'),(88,2,240,'2011-05-16 04:30:33','2011-05-16 04:30:33'),(89,2,241,'2011-05-16 04:30:33','2011-05-16 04:30:33'),(90,2,242,'2011-05-16 04:30:33','2011-05-16 04:30:33'),(91,3,197,'2011-05-16 04:30:33','2011-05-16 04:30:33'),(92,3,198,'2011-05-16 04:30:33','2011-05-16 04:30:33'),(93,3,199,'2011-05-16 04:30:34','2011-05-16 04:30:34'),(94,3,200,'2011-05-16 04:30:34','2011-05-16 04:30:34'),(95,3,201,'2011-05-16 04:30:34','2011-05-16 04:30:34'),(96,3,202,'2011-05-16 04:30:34','2011-05-16 04:30:34'),(97,3,203,'2011-05-16 04:30:34','2011-05-16 04:30:34'),(98,3,204,'2011-05-16 04:30:34','2011-05-16 04:30:34'),(99,3,205,'2011-05-16 04:30:34','2011-05-16 04:30:34'),(100,3,206,'2011-05-16 04:30:34','2011-05-16 04:30:34'),(101,3,207,'2011-05-16 04:30:34','2011-05-16 04:30:34'),(102,3,208,'2011-05-16 04:30:34','2011-05-16 04:30:34'),(103,3,209,'2011-05-16 04:30:34','2011-05-16 04:30:34'),(104,3,210,'2011-05-16 04:30:34','2011-05-16 04:30:34'),(105,3,211,'2011-05-16 04:30:34','2011-05-16 04:30:34'),(106,3,212,'2011-05-16 04:30:34','2011-05-16 04:30:34'),(107,3,213,'2011-05-16 04:30:34','2011-05-16 04:30:34'),(108,3,214,'2011-05-16 04:30:34','2011-05-16 04:30:34'),(109,3,215,'2011-05-16 04:30:34','2011-05-16 04:30:34'),(110,3,216,'2011-05-16 04:30:34','2011-05-16 04:30:34'),(111,3,217,'2011-05-16 04:30:35','2011-05-16 04:30:35'),(112,3,218,'2011-05-16 04:30:35','2011-05-16 04:30:35'),(113,3,220,'2011-05-16 04:30:35','2011-05-16 04:30:35'),(114,3,221,'2011-05-16 04:30:35','2011-05-16 04:30:35'),(115,3,222,'2011-05-16 04:30:35','2011-05-16 04:30:35'),(116,3,223,'2011-05-16 04:30:35','2011-05-16 04:30:35'),(117,3,224,'2011-05-16 04:30:35','2011-05-16 04:30:35'),(118,3,225,'2011-05-16 04:30:35','2011-05-16 04:30:35'),(119,3,226,'2011-05-16 04:30:35','2011-05-16 04:30:35'),(120,3,227,'2011-05-16 04:30:35','2011-05-16 04:30:35'),(121,3,228,'2011-05-16 04:30:35','2011-05-16 04:30:35'),(122,3,229,'2011-05-16 04:30:35','2011-05-16 04:30:35'),(123,3,230,'2011-05-16 04:30:35','2011-05-16 04:30:35'),(124,3,231,'2011-05-16 04:30:35','2011-05-16 04:30:35'),(125,3,232,'2011-05-16 04:30:35','2011-05-16 04:30:35'),(126,3,233,'2011-05-16 04:30:35','2011-05-16 04:30:35'),(127,3,234,'2011-05-16 04:30:36','2011-05-16 04:30:36'),(128,3,235,'2011-05-16 04:30:36','2011-05-16 04:30:36'),(129,3,236,'2011-05-16 04:30:36','2011-05-16 04:30:36'),(130,3,237,'2011-05-16 04:30:36','2011-05-16 04:30:36'),(131,3,238,'2011-05-16 04:30:36','2011-05-16 04:30:36'),(132,3,239,'2011-05-16 04:30:36','2011-05-16 04:30:36'),(133,3,240,'2011-05-16 04:30:36','2011-05-16 04:30:36'),(134,3,241,'2011-05-16 04:30:36','2011-05-16 04:30:36'),(135,3,242,'2011-05-16 04:30:36','2011-05-16 04:30:36'),(136,4,197,'2011-05-16 04:30:36','2011-05-16 04:30:36'),(137,4,198,'2011-05-16 04:30:36','2011-05-16 04:30:36'),(138,4,199,'2011-05-16 04:30:36','2011-05-16 04:30:36'),(139,4,200,'2011-05-16 04:30:36','2011-05-16 04:30:36'),(140,4,201,'2011-05-16 04:30:36','2011-05-16 04:30:36'),(141,4,202,'2011-05-16 04:30:36','2011-05-16 04:30:36'),(142,4,203,'2011-05-16 04:30:36','2011-05-16 04:30:36'),(143,4,204,'2011-05-16 04:30:36','2011-05-16 04:30:36'),(144,4,205,'2011-05-16 04:30:37','2011-05-16 04:30:37'),(145,4,206,'2011-05-16 04:30:37','2011-05-16 04:30:37'),(146,4,207,'2011-05-16 04:30:37','2011-05-16 04:30:37'),(147,4,208,'2011-05-16 04:30:37','2011-05-16 04:30:37'),(148,4,209,'2011-05-16 04:30:37','2011-05-16 04:30:37'),(149,4,210,'2011-05-16 04:30:37','2011-05-16 04:30:37'),(150,4,211,'2011-05-16 04:30:37','2011-05-16 04:30:37'),(151,4,212,'2011-05-16 04:30:37','2011-05-16 04:30:37'),(152,4,213,'2011-05-16 04:30:37','2011-05-16 04:30:37'),(153,4,214,'2011-05-16 04:30:37','2011-05-16 04:30:37'),(154,4,215,'2011-05-16 04:30:37','2011-05-16 04:30:37'),(155,4,216,'2011-05-16 04:30:37','2011-05-16 04:30:37'),(156,4,217,'2011-05-16 04:30:37','2011-05-16 04:30:37'),(157,4,218,'2011-05-16 04:30:37','2011-05-16 04:30:37'),(158,4,220,'2011-05-16 04:30:37','2011-05-16 04:30:37'),(159,4,221,'2011-05-16 04:30:38','2011-05-16 04:30:38'),(160,4,222,'2011-05-16 04:30:39','2011-05-16 04:30:39'),(161,4,223,'2011-05-16 04:30:39','2011-05-16 04:30:39'),(162,4,224,'2011-05-16 04:30:39','2011-05-16 04:30:39'),(163,4,225,'2011-05-16 04:30:39','2011-05-16 04:30:39'),(164,4,226,'2011-05-16 04:30:39','2011-05-16 04:30:39'),(165,4,227,'2011-05-16 04:30:39','2011-05-16 04:30:39'),(166,4,228,'2011-05-16 04:30:39','2011-05-16 04:30:39'),(167,4,229,'2011-05-16 04:30:39','2011-05-16 04:30:39'),(168,4,230,'2011-05-16 04:30:39','2011-05-16 04:30:39'),(169,4,231,'2011-05-16 04:30:39','2011-05-16 04:30:39'),(170,4,232,'2011-05-16 04:30:39','2011-05-16 04:30:39'),(171,4,233,'2011-05-16 04:30:39','2011-05-16 04:30:39'),(172,4,234,'2011-05-16 04:30:40','2011-05-16 04:30:40'),(173,4,235,'2011-05-16 04:30:40','2011-05-16 04:30:40'),(174,4,236,'2011-05-16 04:30:40','2011-05-16 04:30:40'),(175,4,237,'2011-05-16 04:30:40','2011-05-16 04:30:40'),(176,4,238,'2011-05-16 04:30:40','2011-05-16 04:30:40'),(177,4,239,'2011-05-16 04:30:40','2011-05-16 04:30:40'),(178,4,240,'2011-05-16 04:30:40','2011-05-16 04:30:40'),(179,4,241,'2011-05-16 04:30:40','2011-05-16 04:30:40'),(180,4,242,'2011-05-16 04:30:40','2011-05-16 04:30:40'),(181,5,197,'2011-05-16 04:30:40','2011-05-16 04:30:40'),(182,5,198,'2011-05-16 04:30:40','2011-05-16 04:30:40'),(183,5,199,'2011-05-16 04:30:40','2011-05-16 04:30:40'),(184,5,200,'2011-05-16 04:30:40','2011-05-16 04:30:40'),(185,5,201,'2011-05-16 04:30:40','2011-05-16 04:30:40'),(186,5,202,'2011-05-16 04:30:40','2011-05-16 04:30:40'),(187,5,203,'2011-05-16 04:30:40','2011-05-16 04:30:40'),(188,5,204,'2011-05-16 04:30:40','2011-05-16 04:30:40'),(189,5,205,'2011-05-16 04:30:40','2011-05-16 04:30:40'),(190,5,206,'2011-05-16 04:30:40','2011-05-16 04:30:40'),(191,5,207,'2011-05-16 04:30:41','2011-05-16 04:30:41'),(192,5,208,'2011-05-16 04:30:41','2011-05-16 04:30:41'),(193,5,209,'2011-05-16 04:30:41','2011-05-16 04:30:41'),(194,5,210,'2011-05-16 04:30:41','2011-05-16 04:30:41'),(195,5,211,'2011-05-16 04:30:41','2011-05-16 04:30:41'),(196,5,212,'2011-05-16 04:30:41','2011-05-16 04:30:41'),(197,5,213,'2011-05-16 04:30:41','2011-05-16 04:30:41'),(198,5,214,'2011-05-16 04:30:41','2011-05-16 04:30:41'),(199,5,215,'2011-05-16 04:30:41','2011-05-16 04:30:41'),(200,5,216,'2011-05-16 04:30:41','2011-05-16 04:30:41'),(201,5,217,'2011-05-16 04:30:41','2011-05-16 04:30:41'),(202,5,218,'2011-05-16 04:30:41','2011-05-16 04:30:41'),(203,5,220,'2011-05-16 04:30:41','2011-05-16 04:30:41'),(204,5,221,'2011-05-16 04:30:42','2011-05-16 04:30:42'),(205,5,222,'2011-05-16 04:30:42','2011-05-16 04:30:42'),(206,5,223,'2011-05-16 04:30:42','2011-05-16 04:30:42'),(207,5,224,'2011-05-16 04:30:42','2011-05-16 04:30:42'),(208,5,225,'2011-05-16 04:30:42','2011-05-16 04:30:42'),(209,5,226,'2011-05-16 04:30:42','2011-05-16 04:30:42'),(210,5,227,'2011-05-16 04:30:42','2011-05-16 04:30:42'),(211,5,228,'2011-05-16 04:30:42','2011-05-16 04:30:42'),(212,5,229,'2011-05-16 04:30:42','2011-05-16 04:30:42'),(213,5,230,'2011-05-16 04:30:42','2011-05-16 04:30:42'),(214,5,231,'2011-05-16 04:30:42','2011-05-16 04:30:42'),(215,5,232,'2011-05-16 04:30:42','2011-05-16 04:30:42'),(216,5,233,'2011-05-16 04:30:42','2011-05-16 04:30:42'),(217,5,234,'2011-05-16 04:30:42','2011-05-16 04:30:42'),(218,5,235,'2011-05-16 04:30:42','2011-05-16 04:30:42'),(219,5,236,'2011-05-16 04:30:42','2011-05-16 04:30:42'),(220,5,237,'2011-05-16 04:30:42','2011-05-16 04:30:42'),(221,5,238,'2011-05-16 04:30:43','2011-05-16 04:30:43'),(222,5,239,'2011-05-16 04:30:43','2011-05-16 04:30:43'),(223,5,240,'2011-05-16 04:30:43','2011-05-16 04:30:43'),(224,5,241,'2011-05-16 04:30:43','2011-05-16 04:30:43'),(225,5,242,'2011-05-16 04:30:43','2011-05-16 04:30:43'),(226,6,197,'2011-05-16 04:30:43','2011-05-16 04:30:43'),(227,6,198,'2011-05-16 04:30:43','2011-05-16 04:30:43'),(228,6,199,'2011-05-16 04:30:43','2011-05-16 04:30:43'),(229,6,200,'2011-05-16 04:30:43','2011-05-16 04:30:43'),(230,6,201,'2011-05-16 04:30:43','2011-05-16 04:30:43'),(231,6,202,'2011-05-16 04:30:43','2011-05-16 04:30:43'),(232,6,203,'2011-05-16 04:30:43','2011-05-16 04:30:43'),(233,6,204,'2011-05-16 04:30:43','2011-05-16 04:30:43'),(234,6,205,'2011-05-16 04:30:43','2011-05-16 04:30:43'),(235,6,206,'2011-05-16 04:30:43','2011-05-16 04:30:43'),(236,6,207,'2011-05-16 04:30:43','2011-05-16 04:30:43'),(237,6,208,'2011-05-16 04:30:43','2011-05-16 04:30:43'),(238,6,209,'2011-05-16 04:30:43','2011-05-16 04:30:43'),(239,6,210,'2011-05-16 04:30:44','2011-05-16 04:30:44'),(240,6,211,'2011-05-16 04:30:44','2011-05-16 04:30:44'),(241,6,212,'2011-05-16 04:30:44','2011-05-16 04:30:44'),(242,6,213,'2011-05-16 04:30:44','2011-05-16 04:30:44'),(243,6,214,'2011-05-16 04:30:44','2011-05-16 04:30:44'),(244,6,215,'2011-05-16 04:30:44','2011-05-16 04:30:44'),(245,6,216,'2011-05-16 04:30:44','2011-05-16 04:30:44'),(246,6,217,'2011-05-16 04:30:44','2011-05-16 04:30:44'),(247,6,218,'2011-05-16 04:30:44','2011-05-16 04:30:44'),(248,6,220,'2011-05-16 04:30:44','2011-05-16 04:30:44'),(249,6,221,'2011-05-16 04:30:44','2011-05-16 04:30:44'),(250,6,222,'2011-05-16 04:30:44','2011-05-16 04:30:44'),(251,6,223,'2011-05-16 04:30:44','2011-05-16 04:30:44'),(252,6,224,'2011-05-16 04:30:44','2011-05-16 04:30:44'),(253,6,225,'2011-05-16 04:30:44','2011-05-16 04:30:44'),(254,6,226,'2011-05-16 04:30:44','2011-05-16 04:30:44'),(255,6,227,'2011-05-16 04:30:44','2011-05-16 04:30:44'),(256,6,228,'2011-05-16 04:30:44','2011-05-16 04:30:44'),(257,6,229,'2011-05-16 04:30:45','2011-05-16 04:30:45'),(258,6,230,'2011-05-16 04:30:45','2011-05-16 04:30:45'),(259,6,231,'2011-05-16 04:30:45','2011-05-16 04:30:45'),(260,6,232,'2011-05-16 04:30:45','2011-05-16 04:30:45'),(261,6,233,'2011-05-16 04:30:45','2011-05-16 04:30:45'),(262,6,234,'2011-05-16 04:30:45','2011-05-16 04:30:45'),(263,6,235,'2011-05-16 04:30:45','2011-05-16 04:30:45'),(264,6,236,'2011-05-16 04:30:45','2011-05-16 04:30:45'),(265,6,237,'2011-05-16 04:30:45','2011-05-16 04:30:45'),(266,6,238,'2011-05-16 04:30:45','2011-05-16 04:30:45'),(267,6,239,'2011-05-16 04:30:45','2011-05-16 04:30:45'),(268,6,240,'2011-05-16 04:30:45','2011-05-16 04:30:45'),(269,6,241,'2011-05-16 04:30:45','2011-05-16 04:30:45'),(270,6,242,'2011-05-16 04:30:45','2011-05-16 04:30:45'),(271,7,197,'2011-05-16 04:30:45','2011-05-16 04:30:45'),(272,7,198,'2011-05-16 04:30:45','2011-05-16 04:30:45'),(273,7,199,'2011-05-16 04:30:46','2011-05-16 04:30:46'),(274,7,200,'2011-05-16 04:30:46','2011-05-16 04:30:46'),(275,7,201,'2011-05-16 04:30:46','2011-05-16 04:30:46'),(276,7,202,'2011-05-16 04:30:46','2011-05-16 04:30:46'),(277,7,203,'2011-05-16 04:30:46','2011-05-16 04:30:46'),(278,7,204,'2011-05-16 04:30:46','2011-05-16 04:30:46'),(279,7,205,'2011-05-16 04:30:46','2011-05-16 04:30:46'),(280,7,206,'2011-05-16 04:30:46','2011-05-16 04:30:46'),(281,7,207,'2011-05-16 04:30:46','2011-05-16 04:30:46'),(282,7,208,'2011-05-16 04:30:46','2011-05-16 04:30:46'),(283,7,209,'2011-05-16 04:30:46','2011-05-16 04:30:46'),(284,7,210,'2011-05-16 04:30:46','2011-05-16 04:30:46'),(285,7,211,'2011-05-16 04:30:46','2011-05-16 04:30:46'),(286,7,212,'2011-05-16 04:30:46','2011-05-16 04:30:46'),(287,7,213,'2011-05-16 04:30:46','2011-05-16 04:30:46'),(288,7,214,'2011-05-16 04:30:46','2011-05-16 04:30:46'),(289,7,215,'2011-05-16 04:30:46','2011-05-16 04:30:46'),(290,7,216,'2011-05-16 04:30:46','2011-05-16 04:30:46'),(291,7,217,'2011-05-16 04:30:47','2011-05-16 04:30:47'),(292,7,218,'2011-05-16 04:30:47','2011-05-16 04:30:47'),(293,7,220,'2011-05-16 04:30:47','2011-05-16 04:30:47'),(294,7,221,'2011-05-16 04:30:47','2011-05-16 04:30:47'),(295,7,222,'2011-05-16 04:30:47','2011-05-16 04:30:47'),(296,7,223,'2011-05-16 04:30:47','2011-05-16 04:30:47'),(297,7,224,'2011-05-16 04:30:47','2011-05-16 04:30:47'),(298,7,225,'2011-05-16 04:30:47','2011-05-16 04:30:47'),(299,7,226,'2011-05-16 04:30:47','2011-05-16 04:30:47'),(300,7,227,'2011-05-16 04:30:47','2011-05-16 04:30:47'),(301,7,228,'2011-05-16 04:30:47','2011-05-16 04:30:47'),(302,7,229,'2011-05-16 04:30:47','2011-05-16 04:30:47'),(303,7,230,'2011-05-16 04:30:47','2011-05-16 04:30:47'),(304,7,231,'2011-05-16 04:30:47','2011-05-16 04:30:47'),(305,7,232,'2011-05-16 04:30:47','2011-05-16 04:30:47'),(306,7,233,'2011-05-16 04:30:47','2011-05-16 04:30:47'),(307,7,234,'2011-05-16 04:30:47','2011-05-16 04:30:47'),(308,7,235,'2011-05-16 04:30:47','2011-05-16 04:30:47'),(309,7,236,'2011-05-16 04:30:48','2011-05-16 04:30:48'),(310,7,237,'2011-05-16 04:30:48','2011-05-16 04:30:48'),(311,7,238,'2011-05-16 04:30:48','2011-05-16 04:30:48'),(312,7,239,'2011-05-16 04:30:48','2011-05-16 04:30:48'),(313,7,240,'2011-05-16 04:30:48','2011-05-16 04:30:48'),(314,7,241,'2011-05-16 04:30:48','2011-05-16 04:30:48'),(315,7,242,'2011-05-16 04:30:48','2011-05-16 04:30:48'),(316,8,197,'2011-05-16 04:30:48','2011-05-16 04:30:48'),(317,8,198,'2011-05-16 04:30:48','2011-05-16 04:30:48'),(318,8,199,'2011-05-16 04:30:48','2011-05-16 04:30:48'),(319,8,200,'2011-05-16 04:30:48','2011-05-16 04:30:48'),(320,8,201,'2011-05-16 04:30:48','2011-05-16 04:30:48'),(321,8,202,'2011-05-16 04:30:48','2011-05-16 04:30:48'),(322,8,203,'2011-05-16 04:30:48','2011-05-16 04:30:48'),(323,8,204,'2011-05-16 04:30:48','2011-05-16 04:30:48'),(324,8,205,'2011-05-16 04:30:48','2011-05-16 04:30:48'),(325,8,206,'2011-05-16 04:30:48','2011-05-16 04:30:48'),(326,8,207,'2011-05-16 04:30:48','2011-05-16 04:30:48'),(327,8,208,'2011-05-16 04:30:49','2011-05-16 04:30:49'),(328,8,209,'2011-05-16 04:30:49','2011-05-16 04:30:49'),(329,8,210,'2011-05-16 04:30:49','2011-05-16 04:30:49'),(330,8,211,'2011-05-16 04:30:49','2011-05-16 04:30:49'),(331,8,212,'2011-05-16 04:30:49','2011-05-16 04:30:49'),(332,8,213,'2011-05-16 04:30:49','2011-05-16 04:30:49'),(333,8,214,'2011-05-16 04:30:49','2011-05-16 04:30:49'),(334,8,215,'2011-05-16 04:30:49','2011-05-16 04:30:49'),(335,8,216,'2011-05-16 04:30:49','2011-05-16 04:30:49'),(336,8,217,'2011-05-16 04:30:49','2011-05-16 04:30:49'),(337,8,218,'2011-05-16 04:30:50','2011-05-16 04:30:50'),(338,8,220,'2011-05-16 04:30:50','2011-05-16 04:30:50'),(339,8,221,'2011-05-16 04:30:50','2011-05-16 04:30:50'),(340,8,222,'2011-05-16 04:30:50','2011-05-16 04:30:50'),(341,8,223,'2011-05-16 04:30:50','2011-05-16 04:30:50'),(342,8,224,'2011-05-16 04:30:50','2011-05-16 04:30:50'),(343,8,225,'2011-05-16 04:30:50','2011-05-16 04:30:50'),(344,8,226,'2011-05-16 04:30:50','2011-05-16 04:30:50'),(345,8,227,'2011-05-16 04:30:50','2011-05-16 04:30:50'),(346,8,228,'2011-05-16 04:30:50','2011-05-16 04:30:50'),(347,8,229,'2011-05-16 04:30:50','2011-05-16 04:30:50'),(348,8,230,'2011-05-16 04:30:51','2011-05-16 04:30:51'),(349,8,231,'2011-05-16 04:30:51','2011-05-16 04:30:51'),(350,8,232,'2011-05-16 04:30:51','2011-05-16 04:30:51'),(351,8,233,'2011-05-16 04:30:51','2011-05-16 04:30:51'),(352,8,234,'2011-05-16 04:30:51','2011-05-16 04:30:51'),(353,8,235,'2011-05-16 04:30:51','2011-05-16 04:30:51'),(354,8,236,'2011-05-16 04:30:51','2011-05-16 04:30:51'),(355,8,237,'2011-05-16 04:30:51','2011-05-16 04:30:51'),(356,8,238,'2011-05-16 04:30:51','2011-05-16 04:30:51'),(357,8,239,'2011-05-16 04:30:51','2011-05-16 04:30:51'),(358,8,240,'2011-05-16 04:30:51','2011-05-16 04:30:51'),(359,8,241,'2011-05-16 04:30:51','2011-05-16 04:30:51'),(360,8,242,'2011-05-16 04:30:51','2011-05-16 04:30:51');
/*!40000 ALTER TABLE `channel_locations` ENABLE KEYS */;
UNLOCK TABLES;

--
-- Table structure for table `channels`
--

DROP TABLE IF EXISTS `channels`;
/*!40101 SET @saved_cs_client     = @@character_set_client */;
/*!40101 SET character_set_client = utf8 */;
CREATE TABLE `channels` (
  `id` int(11) NOT NULL AUTO_INCREMENT,
  `name` varchar(255) COLLATE utf8_unicode_ci DEFAULT NULL,
  `title` varchar(255) COLLATE utf8_unicode_ci DEFAULT NULL,
  `channel_type` varchar(255) COLLATE utf8_unicode_ci DEFAULT NULL,
  `channel_class` varchar(255) COLLATE utf8_unicode_ci DEFAULT NULL,
  `location_id` int(11) DEFAULT NULL,
  `interest_id` int(11) DEFAULT NULL,
  `created_at` datetime DEFAULT NULL,
  `updated_at` datetime DEFAULT NULL,
  `start_date` date DEFAULT NULL,
  `end_date` date DEFAULT NULL,
  `start_time` time DEFAULT NULL,
  `end_time` time DEFAULT NULL,
  `post_date` date DEFAULT NULL,
  `expiration_date` date DEFAULT NULL,
  `author` varchar(255) COLLATE utf8_unicode_ci DEFAULT NULL,
  `topic` varchar(255) COLLATE utf8_unicode_ci DEFAULT NULL,
  `calender_id` int(11) DEFAULT NULL,
  `channel_status` varchar(255) COLLATE utf8_unicode_ci DEFAULT NULL,
  `channel_scope` varchar(255) COLLATE utf8_unicode_ci DEFAULT NULL,
  `hide` varchar(255) COLLATE utf8_unicode_ci DEFAULT NULL,
  `status` varchar(255) COLLATE utf8_unicode_ci DEFAULT NULL,
  `sortkey` int(11) DEFAULT NULL,
  `code` varchar(255) COLLATE utf8_unicode_ci DEFAULT NULL,
  PRIMARY KEY (`id`),
  KEY `index_channels_on_location_id` (`location_id`)
) ENGINE=InnoDB AUTO_INCREMENT=243 DEFAULT CHARSET=utf8 COLLATE=utf8_unicode_ci;
/*!40101 SET character_set_client = @saved_cs_client */;

--
-- Dumping data for table `channels`
--

LOCK TABLES `channels` WRITE;
/*!40000 ALTER TABLE `channels` DISABLE KEYS */;
INSERT INTO `channels` VALUES (197,'Adult Performing Arts, Film and Concerts',NULL,NULL,NULL,1,NULL,NULL,NULL,NULL,NULL,NULL,NULL,NULL,NULL,NULL,NULL,NULL,NULL,NULL,'No','active',1,'sjc001'),(198,'Aquariums and Zoos Activities and Exhibit Events',NULL,NULL,NULL,1,NULL,NULL,NULL,NULL,NULL,NULL,NULL,NULL,NULL,NULL,NULL,NULL,NULL,NULL,'No','active',2,'sjc002'),(199,'Art Galleries and Art Museums Activities and Exhibit Event',NULL,NULL,NULL,1,NULL,NULL,NULL,NULL,NULL,NULL,NULL,NULL,NULL,NULL,NULL,NULL,NULL,NULL,'No','active',6,'sjc006'),(200,'Council Meetings, Hearings, Town Hall Meetings',NULL,NULL,NULL,1,NULL,NULL,NULL,NULL,NULL,NULL,NULL,NULL,NULL,NULL,NULL,NULL,NULL,NULL,'No','active',15,'sjc016'),(201,'Election and Voting Activities',NULL,NULL,NULL,1,NULL,NULL,NULL,NULL,NULL,NULL,NULL,NULL,NULL,NULL,NULL,NULL,NULL,NULL,'No','active',17,'sjc018'),(202,'Observance and Recognition Festivals',NULL,NULL,NULL,1,NULL,NULL,NULL,NULL,NULL,NULL,NULL,NULL,NULL,NULL,NULL,NULL,NULL,NULL,'No','active',29,'sjc029'),(203,'Elementary Public School Activities',NULL,NULL,NULL,1,NULL,NULL,NULL,NULL,NULL,NULL,NULL,NULL,NULL,NULL,NULL,NULL,NULL,NULL,'No','active',18,'sjc019'),(204,'Health, Social Services and Public Welfare Activities and Events',NULL,NULL,NULL,1,NULL,NULL,NULL,NULL,NULL,NULL,NULL,NULL,NULL,NULL,NULL,NULL,NULL,NULL,'No','active',19,'sjc020'),(205,'Middle, Junior and High School Activities and Events',NULL,NULL,NULL,1,NULL,NULL,NULL,NULL,NULL,NULL,NULL,NULL,NULL,NULL,NULL,NULL,NULL,NULL,'No','active',28,'sjc028'),(206,'Public Youth Arts, Performing Arts, and Sports Auditions and Registrations',NULL,NULL,NULL,1,NULL,NULL,NULL,NULL,NULL,NULL,NULL,NULL,NULL,NULL,NULL,NULL,NULL,NULL,'No','active',33,'sjc033'),(207,'Parades and Government Sponsored Public Events',NULL,NULL,NULL,1,NULL,NULL,NULL,NULL,NULL,NULL,NULL,NULL,NULL,NULL,NULL,NULL,NULL,NULL,'No','active',30,'sjc030'),(208,'Parks and Recreation Youth and Family Activities and Events',NULL,NULL,NULL,1,NULL,NULL,NULL,NULL,NULL,NULL,NULL,NULL,NULL,NULL,NULL,NULL,NULL,NULL,'No','active',32,'sjc032'),(209,'Parks and Recreation Adult Activities and Events',NULL,NULL,NULL,1,NULL,NULL,NULL,NULL,NULL,NULL,NULL,NULL,NULL,NULL,NULL,NULL,NULL,NULL,'No','active',31,'sjc031'),(210,'School District Meetings, Hearings, Activities and Events',NULL,NULL,NULL,1,NULL,NULL,NULL,NULL,NULL,NULL,NULL,NULL,NULL,NULL,NULL,NULL,NULL,NULL,'No','active',36,'sjc036'),(211,'Science and Natural History Museums Activities and Exhibit Events',NULL,NULL,NULL,1,NULL,NULL,NULL,NULL,NULL,NULL,NULL,NULL,NULL,NULL,NULL,NULL,NULL,NULL,'No','active',37,'sjc037'),(212,'Seniors Activities and Events',NULL,NULL,NULL,1,NULL,NULL,NULL,NULL,NULL,NULL,NULL,NULL,NULL,NULL,NULL,NULL,NULL,NULL,'No','active',38,'sjc038'),(213,'Teen Activities and Events',NULL,NULL,NULL,1,NULL,NULL,NULL,NULL,NULL,NULL,NULL,NULL,NULL,NULL,NULL,NULL,NULL,NULL,'No','active',45,'sjc045'),(214,'Talks, Authors & Speakers Events',NULL,NULL,NULL,1,NULL,NULL,NULL,NULL,NULL,NULL,NULL,NULL,NULL,NULL,NULL,NULL,NULL,NULL,'No','active',40,'sjc040'),(215,'Youth and Family Performing Arts, Film and Concerts',NULL,NULL,NULL,1,NULL,NULL,NULL,NULL,NULL,NULL,NULL,NULL,NULL,NULL,NULL,NULL,NULL,NULL,'No','active',46,'sjc046'),(216,'Local Charity Events',NULL,NULL,NULL,1,NULL,NULL,NULL,NULL,NULL,NULL,NULL,NULL,NULL,NULL,NULL,NULL,NULL,NULL,'No','active',27,'sjc027'),(217,'Area Neighborhood Street Fairs and Festivals Scene',NULL,NULL,NULL,1,NULL,NULL,NULL,NULL,NULL,NULL,NULL,NULL,NULL,NULL,NULL,NULL,NULL,NULL,'No','active',4,'sjc004'),(218,'Arts, Food, Music & Beverage Festivals',NULL,NULL,NULL,1,NULL,NULL,NULL,NULL,NULL,NULL,NULL,NULL,NULL,NULL,NULL,NULL,NULL,NULL,'No','active',7,'sjc007'),(220,'Area Music Scene',NULL,NULL,NULL,1,NULL,NULL,NULL,NULL,NULL,NULL,NULL,NULL,NULL,NULL,NULL,NULL,NULL,NULL,'Yes','active',3,'sjc003'),(221,'Area Performing Arts Scene',NULL,NULL,NULL,1,NULL,NULL,NULL,NULL,NULL,NULL,NULL,NULL,NULL,NULL,NULL,NULL,NULL,NULL,'No','active',5,'sjc005'),(222,'Classical Music Events',NULL,NULL,NULL,1,NULL,NULL,NULL,NULL,NULL,NULL,NULL,NULL,NULL,NULL,NULL,NULL,NULL,NULL,'No','active',10,'sjc010'),(223,'Country Western Music Events',NULL,NULL,NULL,1,NULL,NULL,NULL,NULL,NULL,NULL,NULL,NULL,NULL,NULL,NULL,NULL,NULL,NULL,'No','active',16,'sjc017'),(224,'Blue Grass Music Events',NULL,NULL,NULL,1,NULL,NULL,NULL,NULL,NULL,NULL,NULL,NULL,NULL,NULL,NULL,NULL,NULL,NULL,'No','active',8,'sjc008'),(225,'R&B/Hip Hop Music Events',NULL,NULL,NULL,1,NULL,NULL,NULL,NULL,NULL,NULL,NULL,NULL,NULL,NULL,NULL,NULL,NULL,NULL,'No','active',34,'sjc034'),(226,'Jazz Music Events',NULL,NULL,NULL,1,NULL,NULL,NULL,NULL,NULL,NULL,NULL,NULL,NULL,NULL,NULL,NULL,NULL,NULL,'No','active',25,'sjc025'),(227,'Rock/Pop Music Events',NULL,NULL,NULL,1,NULL,NULL,NULL,NULL,NULL,NULL,NULL,NULL,NULL,NULL,NULL,NULL,NULL,NULL,'No','active',35,'sjc035'),(228,'Blues Music Events',NULL,NULL,NULL,1,NULL,NULL,NULL,NULL,NULL,NULL,NULL,NULL,NULL,NULL,NULL,NULL,NULL,NULL,'No','active',9,'sjc009'),(229,'Comedy Scene',NULL,NULL,NULL,1,NULL,NULL,NULL,NULL,NULL,NULL,NULL,NULL,NULL,NULL,NULL,NULL,NULL,NULL,'No','active',12,'sjc013'),(230,'Team Sports - High Schools',NULL,NULL,NULL,1,NULL,NULL,NULL,NULL,NULL,NULL,NULL,NULL,NULL,NULL,NULL,NULL,NULL,NULL,'No','active',43,'sjc043'),(231,'Team Sports - Youth Leagues',NULL,NULL,NULL,1,NULL,NULL,NULL,NULL,NULL,NULL,NULL,NULL,NULL,NULL,NULL,NULL,NULL,NULL,'No','active',44,'sjc044'),(232,'Team Sports - Adult Leagues',NULL,NULL,NULL,1,NULL,NULL,NULL,NULL,NULL,NULL,NULL,NULL,NULL,NULL,NULL,NULL,NULL,NULL,'No','active',41,'sjc041'),(233,'Individual Sports - Track & Field',NULL,NULL,NULL,1,NULL,NULL,NULL,NULL,NULL,NULL,NULL,NULL,NULL,NULL,NULL,NULL,NULL,NULL,'No','active',20,'sjc021'),(234,'Individual Sports - Winter Sports',NULL,NULL,NULL,1,NULL,NULL,NULL,NULL,NULL,NULL,NULL,NULL,NULL,NULL,NULL,NULL,NULL,NULL,'No','active',23,'sjc024'),(235,'Individual Sports - Water Sports',NULL,NULL,NULL,1,NULL,NULL,NULL,NULL,NULL,NULL,NULL,NULL,NULL,NULL,NULL,NULL,NULL,NULL,'No','active',22,'sjc023'),(236,'Individual Sports - Vehicle Racing',NULL,NULL,NULL,1,NULL,NULL,NULL,NULL,NULL,NULL,NULL,NULL,NULL,NULL,NULL,NULL,NULL,NULL,'No','active',21,'sjc022'),(237,'Team Sports - Amateur Club Sports',NULL,NULL,NULL,1,NULL,NULL,NULL,NULL,NULL,NULL,NULL,NULL,NULL,NULL,NULL,NULL,NULL,NULL,'No','active',42,'sjc042'),(238,'Local Charity Athletic Events',NULL,NULL,NULL,1,NULL,NULL,NULL,NULL,NULL,NULL,NULL,NULL,NULL,NULL,NULL,NULL,NULL,NULL,'No','active',26,'sjc026'),(239,'Social Club and Church Public Events and Activities',NULL,NULL,NULL,1,NULL,NULL,NULL,NULL,NULL,NULL,NULL,NULL,NULL,NULL,NULL,NULL,NULL,NULL,'No','active',39,'sjc039'),(240,'Consolidated: Community Calendar - Services, Activities and Events',NULL,NULL,NULL,1,NULL,NULL,NULL,NULL,NULL,NULL,NULL,NULL,NULL,NULL,NULL,NULL,NULL,NULL,'Yes','active',14,'sjc015'),(241,'Consolidated: All Area Activities and Events',NULL,NULL,NULL,1,NULL,NULL,NULL,NULL,NULL,NULL,NULL,NULL,NULL,NULL,NULL,NULL,NULL,NULL,'Yes','active',13,'sjc014'),(242,'International Music Events',NULL,NULL,NULL,1,NULL,NULL,NULL,NULL,NULL,NULL,NULL,NULL,NULL,NULL,NULL,NULL,NULL,NULL,'No','active',24,'sjc012');
/*!40000 ALTER TABLE `channels` ENABLE KEYS */;
UNLOCK TABLES;

--
-- Table structure for table `cities`
--

DROP TABLE IF EXISTS `cities`;
/*!40101 SET @saved_cs_client     = @@character_set_client */;
/*!40101 SET character_set_client = utf8 */;
CREATE TABLE `cities` (
  `id` int(11) NOT NULL AUTO_INCREMENT,
  `city` varchar(255) COLLATE utf8_unicode_ci DEFAULT NULL,
  `state` varchar(255) COLLATE utf8_unicode_ci DEFAULT NULL,
  `created_at` datetime DEFAULT NULL,
  `updated_at` datetime DEFAULT NULL,
  PRIMARY KEY (`id`)
) ENGINE=InnoDB AUTO_INCREMENT=6 DEFAULT CHARSET=utf8 COLLATE=utf8_unicode_ci;
/*!40101 SET character_set_client = @saved_cs_client */;

--
-- Dumping data for table `cities`
--

LOCK TABLES `cities` WRITE;
/*!40000 ALTER TABLE `cities` DISABLE KEYS */;
INSERT INTO `cities` VALUES (1,'Detroit',NULL,'2011-03-23 20:35:18','2011-03-23 20:35:18'),(2,'New York',NULL,'2011-03-23 20:35:18','2011-03-23 20:35:18'),(3,'Chicago',NULL,'2011-03-23 20:35:18','2011-03-23 20:35:18'),(4,'San Francisco',NULL,'2011-03-23 20:35:18','2011-03-23 20:35:18'),(5,'Los Angeles',NULL,'2011-03-23 20:35:18','2011-03-23 20:35:18');
/*!40000 ALTER TABLE `cities` ENABLE KEYS */;
UNLOCK TABLES;

--
-- Table structure for table `event_page_sections`
--

DROP TABLE IF EXISTS `event_page_sections`;
/*!40101 SET @saved_cs_client     = @@character_set_client */;
/*!40101 SET character_set_client = utf8 */;
CREATE TABLE `event_page_sections` (
  `id` int(11) NOT NULL AUTO_INCREMENT,
  `event_type` varchar(255) COLLATE utf8_unicode_ci DEFAULT NULL,
  `title` varchar(255) COLLATE utf8_unicode_ci DEFAULT NULL,
  `rank` int(11) DEFAULT NULL,
  `visible` varchar(255) COLLATE utf8_unicode_ci DEFAULT NULL,
  `created_at` datetime DEFAULT NULL,
  `updated_at` datetime DEFAULT NULL,
  PRIMARY KEY (`id`),
  UNIQUE KEY `event_type_idx` (`event_type`)
) ENGINE=InnoDB AUTO_INCREMENT=7 DEFAULT CHARSET=utf8 COLLATE=utf8_unicode_ci;
/*!40101 SET character_set_client = @saved_cs_client */;

--
-- Dumping data for table `event_page_sections`
--

LOCK TABLES `event_page_sections` WRITE;
/*!40000 ALTER TABLE `event_page_sections` DISABLE KEYS */;
INSERT INTO `event_page_sections` VALUES (1,'obsrv','Observances & Milestones',1,'yes','2011-04-22 19:12:51','2011-04-22 19:12:51'),(2,'voc','Vocation, Special Interests, Fun & Entertainment',6,'yes','2011-04-22 19:12:51','2011-04-22 19:12:51'),(3,'ue','Your Preference Activities',5,'yes','2011-04-22 19:12:51','2011-04-22 19:12:51'),(4,'remind','Your Reminders',3,'yes','2011-04-22 19:12:51','2011-04-22 19:12:51'),(5,'mtg','Your Appointments',2,'yes','2011-04-22 19:12:51','2011-04-22 19:12:51'),(6,'te','Your Notices',4,'yes','2011-04-22 19:12:51','2011-04-22 19:12:51');
/*!40000 ALTER TABLE `event_page_sections` ENABLE KEYS */;
UNLOCK TABLES;

--
-- Table structure for table `event_photos`
--

DROP TABLE IF EXISTS `event_photos`;
/*!40101 SET @saved_cs_client     = @@character_set_client */;
/*!40101 SET character_set_client = utf8 */;
CREATE TABLE `event_photos` (
  `id` int(11) NOT NULL AUTO_INCREMENT,
  `event_id` int(11) DEFAULT NULL,
  `created_at` datetime DEFAULT NULL,
  `updated_at` datetime DEFAULT NULL,
  `photo_file_name` varchar(255) COLLATE utf8_unicode_ci DEFAULT NULL,
  `photo_content_type` varchar(255) COLLATE utf8_unicode_ci DEFAULT NULL,
  `photo_file_size` int(11) DEFAULT NULL,
  `photo_updated_at` datetime DEFAULT NULL,
  `user_id` int(11) DEFAULT NULL,
  PRIMARY KEY (`id`)
) ENGINE=InnoDB DEFAULT CHARSET=utf8 COLLATE=utf8_unicode_ci;
/*!40101 SET character_set_client = @saved_cs_client */;

--
-- Dumping data for table `event_photos`
--

LOCK TABLES `event_photos` WRITE;
/*!40000 ALTER TABLE `event_photos` DISABLE KEYS */;
/*!40000 ALTER TABLE `event_photos` ENABLE KEYS */;
UNLOCK TABLES;

--
-- Table structure for table `event_types`
--

DROP TABLE IF EXISTS `event_types`;
/*!40101 SET @saved_cs_client     = @@character_set_client */;
/*!40101 SET character_set_client = utf8 */;
CREATE TABLE `event_types` (
  `id` int(11) NOT NULL AUTO_INCREMENT,
  `Description` varchar(255) COLLATE utf8_unicode_ci DEFAULT NULL,
  `created_at` datetime DEFAULT NULL,
  `updated_at` datetime DEFAULT NULL,
  `Code` varchar(255) COLLATE utf8_unicode_ci DEFAULT NULL,
  PRIMARY KEY (`id`)
) ENGINE=InnoDB AUTO_INCREMENT=7 DEFAULT CHARSET=utf8 COLLATE=utf8_unicode_ci;
/*!40101 SET character_set_client = @saved_cs_client */;

--
-- Dumping data for table `event_types`
--

LOCK TABLES `event_types` WRITE;
/*!40000 ALTER TABLE `event_types` DISABLE KEYS */;
INSERT INTO `event_types` VALUES (2,'appointment','2011-04-26 03:09:04','2011-04-26 03:09:04','remind'),(3,'concert, performance, speaker','2011-04-26 03:10:27','2011-04-26 03:10:27','te'),(4,'classes, sessions, workshops','2011-04-26 03:11:09','2011-04-26 03:11:09','ue'),(5,'meeting(group)','2011-04-26 03:12:11','2011-04-26 03:12:11','mtg'),(6,'date(social)','2011-04-26 03:12:33','2011-04-26 03:12:33','ue');
/*!40000 ALTER TABLE `event_types` ENABLE KEYS */;
UNLOCK TABLES;

--
-- Table structure for table `events`
--

DROP TABLE IF EXISTS `events`;
/*!40101 SET @saved_cs_client     = @@character_set_client */;
/*!40101 SET character_set_client = utf8 */;
CREATE TABLE `events` (
  `id` int(11) NOT NULL AUTO_INCREMENT,
  `event_name` varchar(255) COLLATE utf8_unicode_ci DEFAULT NULL,
  `title` varchar(255) COLLATE utf8_unicode_ci DEFAULT NULL,
  `description` varchar(255) COLLATE utf8_unicode_ci DEFAULT NULL,
  `start_date` date DEFAULT NULL,
  `end_date` date DEFAULT NULL,
  `start_time` time DEFAULT NULL,
  `end_time` time DEFAULT NULL,
  `event_type` varchar(255) COLLATE utf8_unicode_ci DEFAULT NULL,
  `frequency` varchar(255) COLLATE utf8_unicode_ci DEFAULT NULL,
  `location` varchar(255) COLLATE utf8_unicode_ci DEFAULT NULL,
  `start_time_zone_id` int(11) DEFAULT NULL,
  `end_time_zone_id` int(11) DEFAULT NULL,
  `created_at` datetime DEFAULT NULL,
  `updated_at` datetime DEFAULT NULL,
  `status` varchar(255) COLLATE utf8_unicode_ci DEFAULT NULL,
  `hide` varchar(255) COLLATE utf8_unicode_ci DEFAULT NULL,
  `cversion` varchar(255) COLLATE utf8_unicode_ci DEFAULT NULL,
  `post_date` date DEFAULT NULL,
  `photo_file_name` varchar(255) COLLATE utf8_unicode_ci DEFAULT NULL,
  `photo_content_type` varchar(255) COLLATE utf8_unicode_ci DEFAULT NULL,
  `photo_file_size` int(11) DEFAULT NULL,
  `photo_updated_at` datetime DEFAULT NULL,
  `start_time_zone` varchar(255) COLLATE utf8_unicode_ci DEFAULT 'UTC',
  `end_time_zone` varchar(255) COLLATE utf8_unicode_ci DEFAULT 'UTC',
  `address` varchar(255) COLLATE utf8_unicode_ci DEFAULT NULL,
  `city` varchar(255) COLLATE utf8_unicode_ci DEFAULT NULL,
  `state` varchar(255) COLLATE utf8_unicode_ci DEFAULT NULL,
  `postalcode` int(11) DEFAULT NULL,
  `other_details` varchar(255) COLLATE utf8_unicode_ci DEFAULT NULL,
  `overview` varchar(255) COLLATE utf8_unicode_ci DEFAULT NULL,
  `country` varchar(255) COLLATE utf8_unicode_ci DEFAULT NULL,
  `user_id` int(11) DEFAULT NULL,
  `contact_name` varchar(255) COLLATE utf8_unicode_ci DEFAULT NULL,
  `website` varchar(255) COLLATE utf8_unicode_ci DEFAULT NULL,
  `email` varchar(255) COLLATE utf8_unicode_ci DEFAULT NULL,
  `phone` varchar(255) COLLATE utf8_unicode_ci DEFAULT NULL,
  `longitude` float DEFAULT NULL,
  `latitude` float DEFAULT NULL,
  `gmaps` tinyint(1) DEFAULT NULL,
  `family_flg` tinyint(1) DEFAULT NULL,
  `friends_flg` tinyint(1) DEFAULT NULL,
  `world_flg` tinyint(1) DEFAULT NULL,
  `activity_type` varchar(255) COLLATE utf8_unicode_ci DEFAULT NULL,
  `reminder` int(11) DEFAULT NULL,
  `remind_method` varchar(255) COLLATE utf8_unicode_ci DEFAULT NULL,
  PRIMARY KEY (`id`),
  KEY `index_events_on_cversion` (`cversion`),
  KEY `index_events_on_user_id` (`user_id`),
  KEY `index_events_on_end_date` (`end_date`),
  KEY `index_events_on_start_date` (`start_date`)
) ENGINE=InnoDB AUTO_INCREMENT=98 DEFAULT CHARSET=utf8 COLLATE=utf8_unicode_ci;
/*!40101 SET character_set_client = @saved_cs_client */;

--
-- Dumping data for table `events`
--

LOCK TABLES `events` WRITE;
/*!40000 ALTER TABLE `events` DISABLE KEYS */;
INSERT INTO `events` VALUES (15,'Confederate Day','Confederate Memorial Day',NULL,'2011-04-26','2011-04-26','00:00:00','23:59:59','obsrv','Annual',NULL,NULL,NULL,'2011-04-26 02:58:23','2011-04-26 02:58:23','active','no','ue',NULL,NULL,NULL,NULL,NULL,'UTC','UTC',NULL,NULL,NULL,NULL,NULL,NULL,NULL,NULL,NULL,NULL,NULL,NULL,NULL,NULL,NULL,NULL,NULL,NULL,NULL,NULL,NULL),(16,'Loyalty','Loyalty Day',NULL,'2011-05-01','2011-05-01','00:00:00','23:59:59','obsrv','Annual',NULL,NULL,NULL,'2011-04-26 02:58:24','2011-04-26 02:58:24','active','no','ue',NULL,NULL,NULL,NULL,NULL,'UTC','UTC',NULL,NULL,NULL,NULL,NULL,NULL,NULL,NULL,NULL,NULL,NULL,NULL,NULL,NULL,NULL,NULL,NULL,NULL,NULL,NULL,NULL),(17,'XYZ','JHC Advisory Committee Meeting',NULL,'2011-04-27','2011-04-27','11:00:00','12:00:00','mtg','Once',NULL,NULL,NULL,'2011-04-26 02:58:24','2011-04-26 02:58:24','active','yes','ue',NULL,NULL,NULL,NULL,NULL,'UTC','UTC',NULL,NULL,NULL,NULL,NULL,NULL,NULL,NULL,NULL,NULL,NULL,NULL,NULL,NULL,NULL,NULL,NULL,NULL,NULL,NULL,NULL),(18,'PQR','UM Alumni of SF Meeting',NULL,'2011-04-25','2011-04-25','21:00:00','22:00:00','mtg','Once',NULL,NULL,NULL,'2011-04-26 02:58:24','2011-04-26 02:58:24','active','no','ue',NULL,NULL,NULL,NULL,NULL,'UTC','UTC',NULL,NULL,NULL,NULL,NULL,NULL,NULL,NULL,NULL,NULL,NULL,NULL,NULL,NULL,NULL,NULL,NULL,NULL,NULL,NULL,NULL),(19,'ABC','ABC Meeting',NULL,'2011-04-20','2011-04-20','11:00:00','12:00:00','mtg','Once',NULL,NULL,NULL,'2011-04-26 02:58:24','2011-04-26 02:58:24','active','no','ue',NULL,NULL,NULL,NULL,NULL,'UTC','UTC',NULL,NULL,NULL,NULL,NULL,NULL,NULL,NULL,NULL,NULL,NULL,NULL,NULL,NULL,NULL,NULL,NULL,NULL,NULL,NULL,NULL),(20,'USF','Union Street Fair',NULL,'2011-05-15','2011-05-17','10:00:00','18:00:00','te','Once',NULL,NULL,NULL,'2011-04-26 02:58:24','2011-04-26 02:58:24','active','no','te',NULL,NULL,NULL,NULL,NULL,'UTC','UTC',NULL,NULL,NULL,NULL,NULL,NULL,NULL,NULL,NULL,NULL,NULL,NULL,NULL,NULL,NULL,NULL,NULL,NULL,NULL,NULL,NULL),(21,'ATF','Ad-Tech Marketing Conference',NULL,'2011-05-03','2011-05-05','08:00:00','18:00:00','ue','Once',NULL,NULL,NULL,'2011-04-26 02:58:24','2011-04-26 02:58:24','active','no','ue',NULL,NULL,NULL,NULL,NULL,'UTC','UTC',NULL,NULL,NULL,NULL,NULL,NULL,NULL,NULL,NULL,NULL,NULL,NULL,NULL,NULL,NULL,NULL,NULL,NULL,NULL,NULL,NULL),(22,'Law','Law Day',NULL,'2011-05-01','2011-05-01','00:00:00','23:59:59','obsrv','Once',NULL,NULL,NULL,'2011-04-26 02:58:24','2011-04-26 02:58:24','active','no','obsrv',NULL,NULL,NULL,NULL,NULL,'UTC','UTC',NULL,NULL,NULL,NULL,NULL,NULL,NULL,NULL,NULL,NULL,NULL,NULL,NULL,NULL,NULL,NULL,NULL,NULL,NULL,NULL,NULL),(23,'GGG','Livermore Wine & Tasting Event',NULL,'2011-04-30','2011-04-30','12:00:00','18:00:00','ue','Once',NULL,NULL,NULL,'2011-04-26 02:58:24','2011-04-26 02:58:24','active','no','te',NULL,NULL,NULL,NULL,NULL,'UTC','UTC',NULL,NULL,NULL,NULL,NULL,NULL,NULL,NULL,NULL,NULL,NULL,NULL,NULL,NULL,NULL,NULL,NULL,NULL,NULL,NULL,NULL),(24,'GGG','Oakland Rollerskating Competition',NULL,'2011-04-30','2011-04-30','12:00:00','18:00:00','ue','Once',NULL,NULL,NULL,'2011-04-26 02:58:24','2011-04-26 02:58:24','inactive','no','ue',NULL,NULL,NULL,NULL,NULL,'UTC','UTC',NULL,NULL,NULL,NULL,NULL,NULL,NULL,NULL,NULL,NULL,NULL,NULL,NULL,NULL,NULL,NULL,NULL,NULL,NULL,NULL,NULL),(25,NULL,'YMCA Track Meet',NULL,'2011-04-29','2011-04-29','15:00:00','18:00:00','mtg','Once','Kezar Stadium',NULL,NULL,'2011-04-27 18:54:45','2011-04-27 18:54:45','active','no','te',NULL,NULL,NULL,NULL,NULL,'UTC','UTC',NULL,NULL,NULL,NULL,NULL,NULL,NULL,NULL,NULL,NULL,NULL,NULL,NULL,NULL,NULL,NULL,NULL,NULL,NULL,NULL,NULL),(26,NULL,'Colma Wine Fest',NULL,'2011-04-28','2011-04-29','11:00:00','18:00:00','mtg','Once',NULL,NULL,NULL,'2011-04-27 22:19:24','2011-04-27 22:19:24','active','no','te',NULL,NULL,NULL,NULL,NULL,'UTC','UTC',NULL,NULL,NULL,NULL,NULL,NULL,NULL,NULL,NULL,NULL,NULL,NULL,NULL,NULL,NULL,NULL,NULL,NULL,NULL,NULL,NULL),(27,NULL,'Mobile Developers Conference',NULL,'2011-04-28','2011-04-29','08:00:00','16:00:00','te','Once',NULL,NULL,NULL,'2011-04-27 22:26:44','2011-04-27 22:26:44','active','no','te',NULL,NULL,NULL,NULL,NULL,'UTC','UTC',NULL,NULL,NULL,NULL,NULL,NULL,NULL,178,NULL,NULL,NULL,NULL,NULL,NULL,NULL,NULL,NULL,NULL,NULL,NULL,NULL),(28,NULL,'SF Antique Car Show',NULL,'2011-04-29','2011-04-29','09:00:00','10:00:00','mtg',NULL,NULL,NULL,NULL,'2011-04-28 06:16:14','2011-04-28 06:16:14','yes','no','mtg',NULL,NULL,NULL,NULL,NULL,'UTC','UTC',NULL,NULL,NULL,NULL,NULL,NULL,NULL,NULL,NULL,NULL,NULL,NULL,NULL,NULL,NULL,NULL,NULL,NULL,NULL,NULL,NULL),(29,NULL,'Stanford Black MBA Dinner',NULL,'2011-04-29','2011-04-29','19:00:00','21:00:00','te','Once',NULL,NULL,NULL,'2011-04-28 06:25:36','2011-04-28 06:25:36',NULL,NULL,NULL,NULL,NULL,NULL,NULL,NULL,'Pacific Time (US & Canada)','Pacific Time (US & Canada)',NULL,NULL,NULL,NULL,NULL,NULL,NULL,183,NULL,NULL,NULL,NULL,NULL,NULL,NULL,NULL,NULL,NULL,NULL,NULL,NULL),(30,NULL,'Six Flags Discovery Kingdom','Great family 30% discounts thru Mother\'s Day (May 8).','2011-04-30','2011-05-14','13:00:00','20:00:00','ue','Once','Six Flags',NULL,NULL,'2011-04-29 06:28:29','2011-05-04 09:02:30','active','no',NULL,NULL,NULL,NULL,NULL,NULL,'Pacific Time (US & Canada)','Pacific Time (US & Canada)','Great America Parkway','Santa Clara','CA',NULL,'','','United States',205,'','','','',-121.978,37.4012,1,NULL,NULL,NULL,NULL,NULL,NULL),(40,NULL,'PTA Meeting','Review remaining year issues and discuss options for class sizes due to pending budget.','2011-07-14','2011-07-14','18:00:00','20:00:00','mtg','Once','Palo Alto High',NULL,NULL,'2011-05-07 17:59:54','2011-05-07 20:14:05','active','no','ue',NULL,NULL,NULL,NULL,NULL,'Pacific Time (US & Canada)','Pacific Time (US & Canada)','3000 El Camino Real','Palo Alto','CA',94301,'','Summer PTA Review','United States',205,'Kim Travers','www.paloaltopta.edu','ktravers@paloaltopta.edu','650-222-5000',-122.141,37.4208,1,NULL,NULL,NULL,NULL,NULL,NULL),(43,NULL,'ABC Garage Sale','Lots of great stuff.','2011-06-17','2011-06-17','07:00:00','16:00:00','ue','Once','Western Addition',NULL,NULL,'2011-05-09 06:40:21','2011-06-04 04:27:39','active','no','ue',NULL,NULL,NULL,NULL,NULL,'Pacific Time (US & Canada)','Pacific Time (US & Canada)','1330 Fillmore','San Francisco','CA',NULL,'','','United States',205,'Bob','','bob@test.com','',-122.432,37.7819,1,NULL,NULL,NULL,'Activity',NULL,NULL),(44,NULL,'KJ Wine Tasting','','2011-05-28','2011-05-28','10:00:00','17:00:00','ue','Once','Pier 2',NULL,NULL,'2011-05-13 18:45:03','2011-05-13 18:45:03','active','no','ue',NULL,NULL,NULL,NULL,NULL,'Pacific Time (US & Canada)','Pacific Time (US & Canada)','100 Embarcadero','San Francisco','CA',NULL,'back room of Waterbar restaurant','','United States',211,'Jane Test','www.winespot.com','jane@winespot.com','415-444-1234',-122.393,37.7937,1,NULL,NULL,NULL,'Activity',NULL,NULL),(45,NULL,'Waterbar Happy Hour','','2011-05-13','2011-05-13','15:00:00','18:00:00','remind','Annual','WaterBar',NULL,NULL,'2011-05-13 19:16:30','2011-05-13 19:16:30','active','no','ue',NULL,NULL,NULL,NULL,NULL,'UTC','UTC','300 Embarcadero','San Francisco','CA',NULL,'Near Mission Street','','',211,'','','','',-122.395,37.7962,1,NULL,NULL,NULL,'Activity',NULL,NULL),(46,NULL,'Ruby Developer Conference','','2011-05-23','2011-05-24','09:00:00','16:00:00','mtg','Once','Mosone Center',NULL,NULL,'2011-05-19 04:10:42','2011-05-19 04:10:42','active','no','ue',NULL,NULL,NULL,NULL,NULL,'Central Time (US & Canada)','Central Time (US & Canada)','700 Howard','San Francisco','CA',NULL,'North Hall','','United States',205,'','','','',-122.401,37.7848,1,NULL,NULL,NULL,'Activity',NULL,NULL),(47,NULL,'Max\'s BBQ Party','Seafood grill shindig.','2011-06-12','2011-06-12','12:00:00','16:00:00','ue','Once','',NULL,NULL,'2011-05-19 06:25:24','2011-06-11 07:37:14','active','no','ue',NULL,NULL,NULL,NULL,NULL,'Central Time (US & Canada)','Central Time (US & Canada)','251 Connecticut','San Francisco','CA',NULL,'','','United States',205,'Max','','','415-999-1234',-122.397,37.7631,1,NULL,NULL,NULL,'Activity',NULL,NULL),(49,NULL,'INC Business Reception','','2011-05-19','2011-05-19','18:00:00','21:00:00','ue','Once','Mark Hopkins Hotel',NULL,NULL,'2011-05-19 18:26:19','2011-05-19 18:26:19','active','no','ue',NULL,NULL,NULL,NULL,NULL,'Pacific Time (US & Canada)','Pacific Time (US & Canada)','900 California','San Francisco','CA',94108,'','','',205,'','','','',-122.409,37.7921,1,NULL,NULL,NULL,'Activity',NULL,NULL),(50,NULL,'TCB Conference','','2011-05-25','2011-05-25','08:00:00','16:00:00','mtg','Annual','Ferry Building',NULL,NULL,'2011-05-20 01:48:10','2011-05-20 01:48:10','active','no','ue',NULL,NULL,NULL,NULL,NULL,'Central Time (US & Canada)','Central Time (US & Canada)','100 Embarcadero','San Francisco','CA',NULL,'','','',205,'','','','',-122.393,37.7937,1,NULL,NULL,NULL,'Activity',NULL,NULL),(51,NULL,'49ers Annual Breakfast','','2011-06-01','2011-06-01','09:00:00','12:00:00','ue','Annual','Hyatt',NULL,NULL,'2011-05-20 01:53:59','2011-05-20 01:53:59','active','no','ue',NULL,'44768--nfl_medium_540_360.jpg','image/jpeg',72569,'2011-05-20 01:53:58','Central Time (US & Canada)','Central Time (US & Canada)','1 Embarcadero','San Francisco','CA',NULL,'','','United States',205,'','','','',-122.394,37.7974,1,NULL,NULL,NULL,'Activity',NULL,NULL),(52,NULL,'Film Noir Festival','','2011-05-27','2011-06-05','17:00:00','22:00:00','ue','Annual','Castro Theater',NULL,NULL,'2011-05-20 02:11:56','2011-05-20 02:11:56','active','no','ue',NULL,NULL,NULL,NULL,NULL,'Central Time (US & Canada)','Central Time (US & Canada)','1000 Castro','San Francisco','CA',NULL,'','','',205,'','','','',-122.434,37.7537,1,NULL,NULL,NULL,'Activity',NULL,NULL),(53,NULL,'Car Free Sundays','','2011-05-22','2011-06-26','10:00:00','17:00:00','ue','Weekly','Pier 27',NULL,NULL,'2011-05-20 02:22:20','2011-05-20 02:22:20','active','no','ue',NULL,'44682--nfl_medium_540_360.jpg','image/jpeg',71797,'2011-05-20 02:22:19','Central Time (US & Canada)','Central Time (US & Canada)','500 Embarcadero','San Francisco','CA',NULL,'','','',205,'','','','',-122.388,37.787,1,NULL,NULL,NULL,'Activity',NULL,NULL),(63,NULL,'Marketing Plan Development',NULL,'2011-05-23','2011-05-23','16:00:00','17:00:00','ue',NULL,'926 Powell',NULL,NULL,'2011-05-23 07:59:29','2011-05-23 07:59:29','active','no','ue',NULL,NULL,NULL,NULL,NULL,'UTC','UTC','926 Powell',NULL,'IL',NULL,NULL,NULL,NULL,205,NULL,NULL,NULL,NULL,-90.0168,38.2422,1,NULL,NULL,NULL,'Activity',NULL,NULL),(64,NULL,'KITS (tm) Management and Planning',NULL,'2011-05-28','2011-05-28','16:00:00','18:00:00','ue',NULL,'Conference Number (641) 715-3200 Participant Access Code: 377067#',NULL,NULL,'2011-05-23 07:59:31','2011-05-23 07:59:31','active','no','ue',NULL,NULL,NULL,NULL,NULL,'UTC','UTC','Conference Number (641) 715-3200 Participant Access Code: 377067#',NULL,'IL',NULL,NULL,NULL,NULL,205,NULL,NULL,NULL,NULL,-89.3985,40.6331,1,NULL,NULL,NULL,'Activity',NULL,NULL),(65,NULL,'KITS (tm) Management and Planning',NULL,'2011-06-11','2011-06-11','16:00:00','18:00:00','ue',NULL,'Conference Number (641) 715-3200 Participant Access Code: 377067#',NULL,NULL,'2011-05-23 07:59:33','2011-05-23 07:59:33','active','no','ue',NULL,NULL,NULL,NULL,NULL,'UTC','UTC','Conference Number (641) 715-3200 Participant Access Code: 377067#',NULL,'IL',NULL,NULL,NULL,NULL,205,NULL,NULL,NULL,NULL,-89.3985,40.6331,1,NULL,NULL,NULL,'Activity',NULL,NULL),(68,NULL,'Valentine\'s Day',NULL,'2012-02-14','2012-02-15','08:00:00','08:00:00','ue',NULL,NULL,NULL,NULL,'2011-05-23 07:59:42','2011-05-23 07:59:42','active','no','ue',NULL,NULL,NULL,NULL,NULL,'UTC','UTC',NULL,NULL,'IL',NULL,NULL,NULL,NULL,205,NULL,NULL,NULL,NULL,-89.3985,40.6331,1,NULL,NULL,NULL,'Activity',NULL,NULL),(78,NULL,'KITS (tm) Management and Planning',NULL,'2011-05-28','2011-05-28','09:00:00','11:00:00','ue',NULL,'Conference Number (641) 715-3200 Participant Access Code: 377067#',NULL,NULL,'2011-05-24 03:51:12','2011-05-24 03:51:12','active','no','ue',NULL,NULL,NULL,NULL,NULL,'UTC','UTC','Conference Number (641) 715-3200 Participant Access Code: 377067#',NULL,'IL',NULL,NULL,NULL,NULL,219,NULL,NULL,NULL,NULL,-89.3985,40.6331,1,NULL,NULL,NULL,NULL,NULL,NULL),(79,NULL,'KITS (tm) Management and Planning',NULL,'2011-06-11','2011-06-11','09:00:00','11:00:00','ue',NULL,'Conference Number (641) 715-3200 Participant Access Code: 377067#',NULL,NULL,'2011-05-24 03:51:16','2011-05-24 03:51:16','active','no','ue',NULL,NULL,NULL,NULL,NULL,'UTC','UTC','Conference Number (641) 715-3200 Participant Access Code: 377067#',NULL,'IL',NULL,NULL,NULL,NULL,219,NULL,NULL,NULL,NULL,-89.3985,40.6331,1,NULL,NULL,NULL,NULL,NULL,NULL),(80,NULL,'Veterans Day',NULL,'2012-11-11','2012-11-12','00:00:00','00:00:00','obsrv',NULL,NULL,NULL,NULL,'2011-05-24 03:51:18','2011-05-24 03:51:18','active','no','ue',NULL,NULL,NULL,NULL,NULL,'UTC','UTC',NULL,NULL,'IL',NULL,NULL,NULL,NULL,219,NULL,NULL,NULL,NULL,-89.3985,40.6331,1,NULL,NULL,NULL,NULL,NULL,NULL),(81,NULL,'Veterans Day',NULL,'2011-11-11','2011-11-12','00:00:00','00:00:00','obsrv',NULL,NULL,NULL,NULL,'2011-05-24 03:51:19','2011-05-24 03:51:19','active','no','ue',NULL,NULL,NULL,NULL,NULL,'UTC','UTC',NULL,NULL,'IL',NULL,NULL,NULL,NULL,219,NULL,NULL,NULL,NULL,-89.3985,40.6331,1,NULL,NULL,NULL,NULL,NULL,NULL),(82,NULL,'Valentine\'s Day',NULL,'2012-02-14','2012-02-15','00:00:00','00:00:00','obsrv',NULL,NULL,NULL,NULL,'2011-05-24 03:51:21','2011-05-24 03:51:21','active','no','ue',NULL,NULL,NULL,NULL,NULL,'UTC','UTC',NULL,NULL,'IL',NULL,NULL,NULL,NULL,219,NULL,NULL,NULL,NULL,-89.3985,40.6331,1,NULL,NULL,NULL,NULL,NULL,NULL),(83,NULL,'Thanksgiving',NULL,'2012-11-22','2012-11-23','00:00:00','00:00:00','obsrv',NULL,NULL,NULL,NULL,'2011-05-24 03:51:22','2011-05-24 03:51:22','active','no','ue',NULL,NULL,NULL,NULL,NULL,'UTC','UTC',NULL,NULL,'IL',NULL,NULL,NULL,NULL,219,NULL,NULL,NULL,NULL,-89.3985,40.6331,1,NULL,NULL,NULL,NULL,NULL,NULL),(84,NULL,'Thanksgiving',NULL,'2011-11-24','2011-11-25','00:00:00','00:00:00','obsrv',NULL,NULL,NULL,NULL,'2011-05-24 03:51:24','2011-05-24 03:51:24','active','no','ue',NULL,NULL,NULL,NULL,NULL,'UTC','UTC',NULL,NULL,'IL',NULL,NULL,NULL,NULL,219,NULL,NULL,NULL,NULL,-89.3985,40.6331,1,NULL,NULL,NULL,NULL,NULL,NULL),(85,NULL,'Tax Day',NULL,'2012-04-15','2012-04-16','00:00:00','00:00:00','obsrv',NULL,NULL,NULL,NULL,'2011-05-24 03:51:25','2011-05-24 03:51:25','active','no','ue',NULL,NULL,NULL,NULL,NULL,'UTC','UTC',NULL,NULL,'IL',NULL,NULL,NULL,NULL,219,NULL,NULL,NULL,NULL,-89.3985,40.6331,1,NULL,NULL,NULL,NULL,NULL,NULL),(86,NULL,'St. Patrick\'s Day',NULL,'2012-03-17','2012-03-18','00:00:00','00:00:00','obsrv',NULL,NULL,NULL,NULL,'2011-05-24 03:51:27','2011-05-24 03:51:27','active','no','ue',NULL,NULL,NULL,NULL,NULL,'UTC','UTC',NULL,NULL,'IL',NULL,NULL,NULL,NULL,219,NULL,NULL,NULL,NULL,-89.3985,40.6331,1,NULL,NULL,NULL,NULL,NULL,NULL),(87,NULL,'Presidents Day',NULL,'2012-02-20','2012-02-21','00:00:00','00:00:00','obsrv',NULL,NULL,NULL,NULL,'2011-05-24 03:51:28','2011-05-24 03:51:28','active','no','ue',NULL,NULL,NULL,NULL,NULL,'UTC','UTC',NULL,NULL,'IL',NULL,NULL,NULL,NULL,219,NULL,NULL,NULL,NULL,-89.3985,40.6331,1,NULL,NULL,NULL,NULL,NULL,NULL),(89,NULL,'Patriot Day',NULL,'2012-09-11','2012-09-12','00:00:00','00:00:00','obsrv',NULL,NULL,NULL,NULL,'2011-05-24 03:51:30','2011-05-24 03:51:30','active','no','ue',NULL,NULL,NULL,NULL,NULL,'UTC','UTC',NULL,NULL,'IL',NULL,NULL,NULL,NULL,219,NULL,NULL,NULL,NULL,-89.3985,40.6331,1,NULL,NULL,NULL,NULL,NULL,NULL),(90,NULL,'New Year\'s Eve',NULL,'2011-12-31','2012-01-01','00:00:00','00:00:00','obsrv',NULL,NULL,NULL,NULL,'2011-05-24 03:51:31','2011-05-24 03:51:31','active','no','ue',NULL,NULL,NULL,NULL,NULL,'UTC','UTC',NULL,NULL,'IL',NULL,NULL,NULL,NULL,219,NULL,NULL,NULL,NULL,-89.3985,40.6331,1,NULL,NULL,NULL,NULL,NULL,NULL),(91,NULL,'New Year\'s Day',NULL,'2012-01-01','2012-01-02','00:00:00','00:00:00','obsrv',NULL,NULL,NULL,NULL,'2011-05-24 03:51:34','2011-05-24 03:51:34','active','no','ue',NULL,NULL,NULL,NULL,NULL,'UTC','UTC',NULL,NULL,'IL',NULL,NULL,NULL,NULL,219,NULL,NULL,NULL,NULL,-89.3985,40.6331,1,NULL,NULL,NULL,NULL,NULL,NULL),(92,NULL,'Fundraising Call','Meeting to determine financial options.','2011-06-13','2011-06-13','09:00:00','10:00:00','remind','Once','Starbucks',NULL,NULL,'2011-06-10 23:05:10','2011-06-10 23:05:10','active','no','ue',NULL,NULL,NULL,NULL,NULL,'Central Time (US & Canada)','Central Time (US & Canada)','1100 Geary','San Francisco','CA',NULL,'','','',205,'','','','',-122.421,37.7857,1,NULL,NULL,NULL,NULL,NULL,NULL),(93,NULL,'JHC - Peter Fitzsimmons Tribute','Fundraiser to help compensate Peter\'s dedicated service to the organization for the last two years.','2011-07-13','2011-07-13','18:00:00','21:00:00','ue','Once','JHC',NULL,NULL,'2011-06-11 06:02:56','2011-06-11 06:02:56','active','no','ue',NULL,NULL,NULL,NULL,NULL,'Central Time (US & Canada)','Central Time (US & Canada)','1330 Fillmore','San Francisco','CA',NULL,'Gallery and Yoshi\'s lounge','','United States',205,'','','','',-122.432,37.7819,1,NULL,NULL,NULL,NULL,NULL,NULL),(94,NULL,'Car Free Sundays','Opens for two additional Sundays this month.','2011-06-19','2011-06-26','10:00:00','17:00:00','ue','Weekly','Pier 27',NULL,NULL,'2011-06-11 07:40:48','2011-06-11 07:40:48','active','no','ue',NULL,NULL,NULL,NULL,NULL,'Central Time (US & Canada)','Central Time (US & Canada)','500 Embarcadero','San Francisco','CA',NULL,'','','',205,'','','','',-122.388,37.787,1,NULL,NULL,NULL,'Activity',NULL,NULL),(95,NULL,'Mendocino Food & Wine Festival','All day event featuring great wine and food from the Mendocino surrounding areas.  Up to 40 wineries and 30 restaurants will participate.','2011-07-01','2011-07-01','12:00:00','17:00:00','ue','Annual','',NULL,NULL,'2011-06-15 00:12:41','2011-06-18 07:04:41','active','no','ue',NULL,NULL,NULL,NULL,NULL,'Central Time (US & Canada)','Central Time (US & Canada)','100 PCH','Mendocino','CA',NULL,'','','',205,'','','','',-123.799,39.3077,1,NULL,NULL,NULL,'Activity',NULL,NULL),(96,NULL,'SF Giants Pre-game Party','Meet Marty Laurie and other KNBR hosts for a Giant pre-game celebration to toast a run at another championship.','2011-06-17','2011-06-17','17:00:00','18:00:00','ue','Once','Acme Bar',NULL,NULL,'2011-06-15 00:50:19','2011-06-15 00:50:19','active','no','ue',NULL,NULL,NULL,NULL,NULL,'Central Time (US & Canada)','Central Time (US & Canada)','1 Willie Mays Plaza','San Francisco','CA',NULL,'','','United States',205,'','','','',-122.389,37.7798,1,NULL,NULL,NULL,'Activity',NULL,NULL),(97,NULL,'SF Giants Post-game Party','Meet Marty Laurie and other KNBR hosts for a Giant post-game celebration to toast another victory.','2011-06-17','2011-06-17','21:00:00','22:00:00','ue','Once','Acme Bar',NULL,NULL,'2011-06-15 00:56:51','2011-06-15 00:56:51','active','no','ue',NULL,NULL,NULL,NULL,NULL,'Central Time (US & Canada)','Central Time (US & Canada)','1 Willie Mays Plaza','San Francisco','CA',NULL,'','','United States',205,'','','','',-122.389,37.7798,1,NULL,NULL,NULL,'Activity',NULL,NULL);
/*!40000 ALTER TABLE `events` ENABLE KEYS */;
UNLOCK TABLES;

--
-- Table structure for table `frequencies`
--

DROP TABLE IF EXISTS `frequencies`;
/*!40101 SET @saved_cs_client     = @@character_set_client */;
/*!40101 SET character_set_client = utf8 */;
CREATE TABLE `frequencies` (
  `id` int(11) NOT NULL AUTO_INCREMENT,
  `name` varchar(255) COLLATE utf8_unicode_ci DEFAULT NULL,
  `created_at` datetime DEFAULT NULL,
  `updated_at` datetime DEFAULT NULL,
  PRIMARY KEY (`id`)
) ENGINE=InnoDB AUTO_INCREMENT=8 DEFAULT CHARSET=utf8 COLLATE=utf8_unicode_ci;
/*!40101 SET character_set_client = @saved_cs_client */;

--
-- Dumping data for table `frequencies`
--

LOCK TABLES `frequencies` WRITE;
/*!40000 ALTER TABLE `frequencies` DISABLE KEYS */;
INSERT INTO `frequencies` VALUES (1,'Once','2011-04-26 07:51:54','2011-04-26 07:51:54'),(2,'Annual','2011-04-26 07:52:29','2011-04-26 07:52:29'),(3,'Weekly','2011-04-26 07:53:12','2011-04-26 07:53:12'),(4,'Bi-weekly','2011-04-26 07:53:26','2011-04-26 07:53:26'),(5,'Monthly','2011-04-26 07:53:49','2011-04-26 07:53:49'),(6,'Quarterly','2011-04-26 07:54:15','2011-04-26 07:54:15'),(7,'Semi-annual','2011-04-26 07:54:39','2011-04-26 07:54:39');
/*!40000 ALTER TABLE `frequencies` ENABLE KEYS */;
UNLOCK TABLES;

--
-- Table structure for table `host_profiles`
--

DROP TABLE IF EXISTS `host_profiles`;
/*!40101 SET @saved_cs_client     = @@character_set_client */;
/*!40101 SET character_set_client = utf8 */;
CREATE TABLE `host_profiles` (
  `id` int(11) NOT NULL AUTO_INCREMENT,
  `user_id` int(11) DEFAULT NULL,
  `address1` varchar(255) COLLATE utf8_unicode_ci DEFAULT NULL,
  `address2` varchar(255) COLLATE utf8_unicode_ci DEFAULT NULL,
  `city` varchar(255) COLLATE utf8_unicode_ci DEFAULT NULL,
  `state` varchar(255) COLLATE utf8_unicode_ci DEFAULT NULL,
  `postalcode` int(11) DEFAULT NULL,
  `home_phone` varchar(255) COLLATE utf8_unicode_ci DEFAULT NULL,
  `work_phone` varchar(255) COLLATE utf8_unicode_ci DEFAULT NULL,
  `cell_phone` varchar(255) COLLATE utf8_unicode_ci DEFAULT NULL,
  `created_at` datetime DEFAULT NULL,
  `updated_at` datetime DEFAULT NULL,
  `country` varchar(255) COLLATE utf8_unicode_ci DEFAULT NULL,
  `company` varchar(255) COLLATE utf8_unicode_ci DEFAULT NULL,
  `title` varchar(255) COLLATE utf8_unicode_ci DEFAULT NULL,
  `hide` varchar(255) COLLATE utf8_unicode_ci DEFAULT NULL,
  `status` varchar(255) COLLATE utf8_unicode_ci DEFAULT NULL,
  `ethnicity` varchar(255) COLLATE utf8_unicode_ci DEFAULT NULL,
  `nationality` varchar(255) COLLATE utf8_unicode_ci DEFAULT NULL,
  `industry` varchar(255) COLLATE utf8_unicode_ci DEFAULT NULL,
  PRIMARY KEY (`id`),
  KEY `index_host_profiles_on_user_id` (`user_id`)
) ENGINE=InnoDB AUTO_INCREMENT=4 DEFAULT CHARSET=utf8 COLLATE=utf8_unicode_ci;
/*!40101 SET character_set_client = @saved_cs_client */;

--
-- Dumping data for table `host_profiles`
--

LOCK TABLES `host_profiles` WRITE;
/*!40000 ALTER TABLE `host_profiles` DISABLE KEYS */;
INSERT INTO `host_profiles` VALUES (3,205,'1300 PCH','','Santa Ana','CA',92019,'323-345-6666','','','2011-05-11 07:47:26','2011-05-11 07:55:40','United States',NULL,NULL,NULL,NULL,NULL,NULL,NULL);
/*!40000 ALTER TABLE `host_profiles` ENABLE KEYS */;
UNLOCK TABLES;

--
-- Table structure for table `interests`
--

DROP TABLE IF EXISTS `interests`;
/*!40101 SET @saved_cs_client     = @@character_set_client */;
/*!40101 SET character_set_client = utf8 */;
CREATE TABLE `interests` (
  `id` int(11) NOT NULL AUTO_INCREMENT,
  `name` varchar(255) COLLATE utf8_unicode_ci DEFAULT NULL,
  `created_at` datetime DEFAULT NULL,
  `updated_at` datetime DEFAULT NULL,
  `category_id` int(11) DEFAULT NULL,
  `photo_file_name` varchar(255) COLLATE utf8_unicode_ci DEFAULT NULL,
  `photo_content_type` varchar(255) COLLATE utf8_unicode_ci DEFAULT NULL,
  `photo_file_size` int(11) DEFAULT NULL,
  `photo_updated_at` datetime DEFAULT NULL,
  `sortkey` int(11) DEFAULT NULL,
  `status` varchar(255) COLLATE utf8_unicode_ci DEFAULT NULL,
  `hide` varchar(255) COLLATE utf8_unicode_ci DEFAULT NULL,
  PRIMARY KEY (`id`)
) ENGINE=InnoDB AUTO_INCREMENT=443 DEFAULT CHARSET=utf8 COLLATE=utf8_unicode_ci;
/*!40101 SET character_set_client = @saved_cs_client */;

--
-- Dumping data for table `interests`
--

LOCK TABLES `interests` WRITE;
/*!40000 ALTER TABLE `interests` DISABLE KEYS */;
INSERT INTO `interests` VALUES (302,'Baseball',NULL,NULL,119,NULL,NULL,NULL,NULL,1,'active','no'),(303,'Basketball',NULL,NULL,119,NULL,NULL,NULL,NULL,2,'active','no'),(304,'Football',NULL,NULL,119,NULL,NULL,NULL,NULL,3,'active','no'),(305,'Hockey',NULL,NULL,119,NULL,NULL,NULL,NULL,4,'active','no'),(306,'Soccer',NULL,NULL,119,NULL,NULL,NULL,NULL,5,'active','no'),(307,'Track & Field',NULL,NULL,119,NULL,NULL,NULL,NULL,6,'active','no'),(308,'Other',NULL,NULL,119,NULL,NULL,NULL,NULL,7,'active','no'),(309,'All',NULL,NULL,125,NULL,NULL,NULL,NULL,1,'active','no'),(310,'Events',NULL,NULL,125,NULL,NULL,NULL,NULL,2,'active','no'),(311,'Exhibits',NULL,NULL,125,NULL,NULL,NULL,NULL,3,'active','no'),(312,'Galleries',NULL,NULL,125,NULL,NULL,NULL,NULL,4,'active','no'),(313,'All',NULL,NULL,111,NULL,NULL,NULL,NULL,1,'active','no'),(314,'Conferences ',NULL,NULL,111,NULL,NULL,NULL,NULL,2,'active','no'),(315,'Job Fairs',NULL,NULL,111,NULL,NULL,NULL,NULL,3,'active','no'),(316,'Seminars',NULL,NULL,111,NULL,NULL,NULL,NULL,4,'active','no'),(317,'Speakers',NULL,NULL,111,NULL,NULL,NULL,NULL,5,'active','no'),(318,'Assemblies',NULL,NULL,121,NULL,NULL,NULL,NULL,1,'active','no'),(319,'Elections',NULL,NULL,121,NULL,NULL,NULL,NULL,2,'active','no'),(320,'Hearings',NULL,NULL,121,NULL,NULL,NULL,NULL,3,'active','no'),(321,'Other',NULL,NULL,121,NULL,NULL,NULL,NULL,5,'active','no'),(322,'Town halls',NULL,NULL,121,NULL,NULL,NULL,NULL,4,'active','no'),(323,'All',NULL,NULL,118,NULL,NULL,NULL,NULL,1,'active','no'),(324,'Baseball',NULL,NULL,118,NULL,NULL,NULL,NULL,2,'active','no'),(325,'Basketball',NULL,NULL,118,NULL,NULL,NULL,NULL,3,'active','no'),(326,'Football',NULL,NULL,118,NULL,NULL,NULL,NULL,4,'active','no'),(327,'Hockey',NULL,NULL,118,NULL,NULL,NULL,NULL,5,'active','no'),(328,'Soccer',NULL,NULL,118,NULL,NULL,NULL,NULL,6,'active','no'),(329,'Charity',NULL,NULL,122,NULL,NULL,NULL,NULL,1,'active','no'),(330,'Fairs/Parades',NULL,NULL,109,NULL,NULL,NULL,NULL,2,'active','no'),(331,'Festivals',NULL,NULL,109,NULL,NULL,NULL,NULL,3,'active','no'),(332,'Seniors',NULL,NULL,122,NULL,NULL,NULL,NULL,4,'active','no'),(333,'Volunteer',NULL,NULL,122,NULL,NULL,NULL,NULL,5,'active','no'),(334,'Youth',NULL,NULL,122,NULL,NULL,NULL,NULL,6,'active','no'),(335,'Other',NULL,NULL,122,NULL,NULL,NULL,NULL,7,'active','no'),(336,'College',NULL,NULL,120,NULL,NULL,NULL,NULL,1,'active','no'),(337,'K-12',NULL,NULL,120,NULL,NULL,NULL,NULL,2,'active','no'),(338,'Other',NULL,NULL,120,NULL,NULL,NULL,NULL,4,'active','no'),(339,'Seminars',NULL,NULL,120,NULL,NULL,NULL,NULL,3,'active','no'),(340,'Comedy',NULL,NULL,109,NULL,NULL,NULL,NULL,2,'active','no'),(341,'Gaming',NULL,NULL,109,NULL,NULL,NULL,NULL,3,'active','no'),(342,'Movies',NULL,NULL,109,NULL,NULL,NULL,NULL,4,'active','no'),(343,'Music',NULL,NULL,109,NULL,NULL,NULL,NULL,5,'active','no'),(344,'Nightlife',NULL,NULL,109,NULL,NULL,NULL,NULL,6,'active','no'),(345,'Other',NULL,NULL,109,NULL,NULL,NULL,NULL,9,'active','no'),(346,'Radio',NULL,NULL,109,NULL,NULL,NULL,NULL,7,'active','no'),(347,'TV',NULL,NULL,109,NULL,NULL,NULL,NULL,8,'active','no'),(348,'All',NULL,NULL,126,NULL,NULL,NULL,NULL,1,'active','no'),(349,'Culinary Tours',NULL,NULL,126,NULL,NULL,NULL,NULL,2,'active','no'),(350,'Food/Wine Events',NULL,NULL,126,NULL,NULL,NULL,NULL,3,'active','no'),(351,'Tastings',NULL,NULL,126,NULL,NULL,NULL,NULL,4,'active','no'),(352,'All',NULL,NULL,129,NULL,NULL,NULL,NULL,1,'active','no'),(353,'Ballet',NULL,NULL,124,NULL,NULL,NULL,NULL,1,'active','no'),(354,'Opera',NULL,NULL,124,NULL,NULL,NULL,NULL,2,'active','no'),(355,'Symphony',NULL,NULL,124,NULL,NULL,NULL,NULL,3,'active','no'),(356,'Theater',NULL,NULL,124,NULL,NULL,NULL,NULL,4,'active','no'),(357,'Auto Racing',NULL,NULL,117,NULL,NULL,NULL,NULL,1,'active','no'),(358,'Baseball',NULL,NULL,117,NULL,NULL,NULL,NULL,2,'active','no'),(359,'Basketball',NULL,NULL,117,NULL,NULL,NULL,NULL,3,'active','no'),(360,'Cricket',NULL,NULL,117,NULL,NULL,NULL,NULL,4,'active','no'),(361,'Fighting',NULL,NULL,117,NULL,NULL,NULL,NULL,5,'active','no'),(362,'Football',NULL,NULL,117,NULL,NULL,NULL,NULL,6,'active','no'),(363,'Golf',NULL,NULL,117,NULL,NULL,NULL,NULL,7,'active','no'),(364,'Hockey',NULL,NULL,117,NULL,NULL,NULL,NULL,8,'active','no'),(365,'Horse Racing',NULL,NULL,117,NULL,NULL,NULL,NULL,9,'active','no'),(366,'Other',NULL,NULL,117,NULL,NULL,NULL,NULL,11,'active','no'),(367,'Soccer',NULL,NULL,117,NULL,NULL,NULL,NULL,10,'active','no'),(368,'All',NULL,NULL,110,NULL,NULL,NULL,NULL,1,'active','no'),(369,'Biking',NULL,NULL,110,NULL,NULL,NULL,NULL,2,'active','no'),(370,'Camping',NULL,NULL,110,NULL,NULL,NULL,NULL,3,'active','no'),(371,'Hiking',NULL,NULL,110,NULL,NULL,NULL,NULL,4,'active','no'),(372,'Running',NULL,NULL,110,NULL,NULL,NULL,NULL,5,'active','no'),(373,'Baptist',NULL,NULL,127,NULL,NULL,NULL,NULL,1,'active','no'),(374,'Buddist',NULL,NULL,127,NULL,NULL,NULL,NULL,2,'active','no'),(375,'Catholic',NULL,NULL,127,NULL,NULL,NULL,NULL,3,'active','no'),(376,'Christian',NULL,NULL,127,NULL,NULL,NULL,NULL,4,'active','no'),(377,'Hindu',NULL,NULL,127,NULL,NULL,NULL,NULL,5,'active','no'),(378,'Islam',NULL,NULL,127,NULL,NULL,NULL,NULL,6,'active','no'),(379,'Other',NULL,NULL,127,NULL,NULL,NULL,NULL,7,'active','no'),(380,'All',NULL,NULL,132,NULL,NULL,NULL,NULL,1,'active','no'),(381,'Auto',NULL,NULL,132,NULL,NULL,NULL,NULL,2,'active','no'),(382,'Farmers Markets',NULL,NULL,132,NULL,NULL,NULL,NULL,3,'active','no'),(383,'Fashion Shows',NULL,NULL,132,NULL,NULL,NULL,NULL,4,'active','no'),(384,'Home & Garden ',NULL,NULL,132,NULL,NULL,NULL,NULL,5,'active','no'),(385,'Sales/Promotions',NULL,NULL,132,NULL,NULL,NULL,NULL,6,'active','no'),(386,'Shows/Fairs',NULL,NULL,132,NULL,NULL,NULL,NULL,7,'active','no'),(387,'All',NULL,NULL,113,NULL,NULL,NULL,NULL,1,'active','no'),(388,'Conferences ',NULL,NULL,113,NULL,NULL,NULL,NULL,2,'active','no'),(389,'Job Fairs',NULL,NULL,113,NULL,NULL,NULL,NULL,3,'active','no'),(390,'Seminars',NULL,NULL,113,NULL,NULL,NULL,NULL,4,'active','no'),(391,'Speakers',NULL,NULL,113,NULL,NULL,NULL,NULL,5,'active','no'),(392,'All',NULL,NULL,128,NULL,NULL,NULL,NULL,1,'active','no'),(393,'Guided Tours',NULL,NULL,128,NULL,NULL,NULL,NULL,2,'active','no'),(429,'Blues','2011-05-15 07:19:13','2011-05-15 07:19:13',123,NULL,NULL,NULL,NULL,1,'active','no'),(430,'Country','2011-05-15 07:19:56','2011-05-15 07:19:56',123,NULL,NULL,NULL,NULL,2,'active','no'),(431,'Classical','2011-05-15 07:21:28','2011-05-15 07:21:28',123,NULL,NULL,NULL,NULL,2,'active','no'),(432,'Jazz','2011-05-15 07:22:03','2011-05-15 07:22:03',123,NULL,NULL,NULL,NULL,4,'active','no'),(433,'Hip/Hop','2011-05-15 07:22:44','2011-05-15 07:22:44',123,NULL,NULL,NULL,NULL,5,'active','no'),(434,'Rock','2011-05-15 07:23:11','2011-05-15 07:23:11',123,NULL,NULL,NULL,NULL,6,'active','no'),(435,'Other','2011-05-15 07:24:03','2011-05-15 07:24:03',123,NULL,NULL,NULL,NULL,7,'active','no'),(436,'Museums','2011-05-15 07:52:19','2011-05-15 07:52:19',125,NULL,NULL,NULL,NULL,4,'active','no'),(437,'Pop','2011-05-15 07:54:34','2011-05-15 07:54:34',123,NULL,NULL,NULL,NULL,5,'active','no'),(438,'R&B','2011-05-15 07:54:57','2011-05-15 07:54:57',123,NULL,NULL,NULL,NULL,5,'active','no'),(439,'All','2011-05-16 00:04:29','2011-05-16 00:04:29',109,NULL,NULL,NULL,NULL,1,'active','no'),(440,'All','2011-05-16 00:10:05','2011-05-16 00:10:05',124,NULL,NULL,NULL,NULL,1,'active','no'),(441,'Activities','2011-05-16 02:52:31','2011-05-16 02:52:31',110,NULL,NULL,NULL,NULL,1,'active','no'),(442,'Sports','2011-05-16 02:53:17','2011-05-16 02:53:17',110,NULL,NULL,NULL,NULL,5,'active','no');
/*!40000 ALTER TABLE `interests` ENABLE KEYS */;
UNLOCK TABLES;

--
-- Table structure for table `interests_users`
--

DROP TABLE IF EXISTS `interests_users`;
/*!40101 SET @saved_cs_client     = @@character_set_client */;
/*!40101 SET character_set_client = utf8 */;
CREATE TABLE `interests_users` (
  `user_id` int(11) NOT NULL,
  `interest_id` int(11) NOT NULL,
  UNIQUE KEY `int_user_index` (`user_id`,`interest_id`)
) ENGINE=InnoDB DEFAULT CHARSET=utf8;
/*!40101 SET character_set_client = @saved_cs_client */;

--
-- Dumping data for table `interests_users`
--

LOCK TABLES `interests_users` WRITE;
/*!40000 ALTER TABLE `interests_users` DISABLE KEYS */;
INSERT INTO `interests_users` VALUES (115,47),(115,48),(115,57),(115,62),(115,137),(115,147),(128,47),(128,57),(128,58),(128,69),(128,91),(128,95),(128,98),(128,137),(128,138),(128,159),(128,160),(129,47),(129,48),(129,167),(130,47),(133,52),(134,67),(135,62),(135,67),(136,47),(136,48),(137,47),(137,48),(138,52),(138,57),(138,58),(139,47),(140,47),(141,47),(142,67),(143,67),(144,47),(145,52),(146,47),(146,52),(147,47),(148,47),(149,47),(150,52),(151,52),(152,57),(153,67),(156,47),(157,57),(158,57),(159,52),(159,57),(160,52),(161,47),(162,47),(163,47),(164,47),(165,47),(166,47),(167,47),(168,47),(169,77),(170,62),(171,57),(172,57),(173,57),(173,67),(175,47),(176,167),(177,57),(178,52),(179,67),(180,137),(181,51),(181,52),(182,51),(182,174),(183,51),(183,174),(184,57),(185,62),(186,47),(187,50),(188,57),(189,51),(189,52),(190,51),(190,174),(191,51),(192,51),(193,51),(194,48),(195,51),(195,52),(195,172),(195,174),(196,51),(196,174),(197,51),(198,51),(199,51),(200,51),(200,52),(201,51),(202,51),(203,51),(203,52),(204,51),(207,51),(207,52),(208,51),(209,51),(209,53),(211,47),(211,51),(211,174),(212,51),(213,51),(213,174),(214,51),(214,174),(216,311),(216,331),(216,340),(216,432),(217,317),(217,318),(217,334),(217,350),(217,432),(218,307),(218,318),(218,350),(218,363),(218,442),(219,306),(219,311),(219,329),(219,331),(226,302),(226,307),(226,309),(226,311),(226,313),(226,314),(226,320),(226,323),(226,329),(226,350),(226,380),(227,302),(227,309),(227,318),(227,329);
/*!40000 ALTER TABLE `interests_users` ENABLE KEYS */;
UNLOCK TABLES;

--
-- Table structure for table `lifeeventtype`
--

DROP TABLE IF EXISTS `lifeeventtype`;
/*!40101 SET @saved_cs_client     = @@character_set_client */;
/*!40101 SET character_set_client = utf8 */;
CREATE TABLE `lifeeventtype` (
  `ID` double NOT NULL AUTO_INCREMENT,
  `Code` varchar(255) COLLATE utf8_unicode_ci DEFAULT NULL,
  `Description` varchar(255) COLLATE utf8_unicode_ci DEFAULT NULL,
  `status` varchar(255) COLLATE utf8_unicode_ci DEFAULT NULL,
  `sortkey` double DEFAULT NULL,
  `hide` varchar(255) COLLATE utf8_unicode_ci DEFAULT NULL,
  `CreateDateTime` datetime DEFAULT NULL,
  `LastModifyDateTime` datetime DEFAULT NULL,
  `LastModifyBy` varchar(255) COLLATE utf8_unicode_ci DEFAULT NULL,
  PRIMARY KEY (`ID`),
  KEY `code_idx` (`Code`)
) ENGINE=InnoDB AUTO_INCREMENT=52 DEFAULT CHARSET=utf8 COLLATE=utf8_unicode_ci;
/*!40101 SET character_set_client = @saved_cs_client */;

--
-- Dumping data for table `lifeeventtype`
--

LOCK TABLES `lifeeventtype` WRITE;
/*!40000 ALTER TABLE `lifeeventtype` DISABLE KEYS */;
INSERT INTO `lifeeventtype` VALUES (1,'anniversary','anniversary','active',2,'No','2007-11-09 06:06:40','2007-11-09 07:23:48','Bernard'),(2,'birthday','birthday','active',6,'No','2007-11-09 06:06:55','2007-11-09 07:23:32','Bernard'),(3,'christening','christening','active',8,'No','2007-11-09 06:11:52','2007-11-09 07:24:05','Bernard'),(4,'bar mitzvah','Bar Mitzvah','active',4,'No','2007-11-09 06:19:34','2007-11-09 07:24:58','Bernard'),(5,'bat mitzvah','Bat Mitzvah','active',5,'No','2007-11-09 06:19:45','2007-11-09 07:25:27','Bernard'),(6,'funeral','funeral service','active',29,'No','2007-11-09 06:20:16','2007-11-09 06:20:16','Bernard'),(7,'grad','graduation ceremony','active',30,'No','2007-11-09 06:20:59','2007-11-09 06:20:59','Bernard'),(8,'moving','moving day','active',45,'No','2007-11-09 06:26:28','2007-11-09 06:26:28','Bernard'),(9,'school start','first day of school or college','active',23,'No','2007-11-09 06:31:01','2007-11-09 07:19:06','Bernard'),(10,'school end','last day of school or college','active',40,'No','2007-11-09 06:45:11','2007-11-09 07:19:52','Bernard'),(11,'prom','prom day','active',46,'No','2007-11-09 06:46:44','2007-11-09 07:02:08','Bernard'),(12,'baptism','baptism','active',3,'No','2007-11-09 06:49:28','2007-11-09 06:49:28','Bernard'),(13,'job start','first day of work','active',27,'No','2007-11-09 06:51:27','2007-11-09 08:20:12','Bernard'),(14,'job end','last day of work','active',44,'No','2007-11-09 06:51:52','2007-11-09 06:51:52','Bernard'),(15,'vaction start','first day of vacation','active',26,'No','2007-11-09 06:53:45','2007-11-09 06:53:45','Bernard'),(16,'vacation end','last day of vacation','active',43,'No','2007-11-09 06:54:03','2007-11-09 06:54:03','Bernard'),(17,'retirement','retirement day','active',47,'No','2007-11-09 06:56:45','2007-11-09 06:56:45','Bernard'),(18,'divorce','divorce final','active',15,'No','2007-11-09 06:59:51','2007-11-09 06:59:51','Bernard'),(19,'wedding','wedding day','active',51,'No','2007-11-09 07:01:30','2007-11-09 07:01:30','Bernard'),(20,'adoption','adoption day','active',1,'No','2007-11-09 07:08:47','2007-11-09 07:08:47','Bernard'),(21,'court','court date','active',12,'No','2007-11-09 07:09:13','2007-11-09 07:09:13','Bernard'),(22,'trial start','first day of trial','active',25,'No','2007-11-09 07:10:05','2007-11-09 07:10:05','Bernard'),(23,'trial end','last day of trial','active',42,'No','2007-11-09 07:10:29','2007-11-09 07:10:29','Bernard'),(24,'closing','closing date (deal, mortgate, purchases, etc.)','active',9,'No','2007-11-09 07:11:58','2007-11-09 07:11:58','Bernard'),(25,'settlement','settlement date (transaction final)','active',49,'No','2007-11-09 07:12:22','2007-11-09 07:12:22','Bernard'),(26,'guest in','guest arrival date','active',31,'No','2007-11-09 07:14:48','2007-11-09 07:14:48','Bernard'),(27,'guest out','guest leaving date','active',32,'No','2007-11-09 07:15:02','2007-11-09 07:15:02','Bernard'),(28,'delivery','delivery date','active',14,'No','2007-11-09 07:17:10','2007-11-09 07:17:10','Bernard'),(29,'childbirth','childbirth','active',7,'No','2007-11-09 07:18:07','2007-11-09 07:18:07','Bernard'),(30,'election','election day','active',16,'No','2007-11-09 07:21:08','2007-11-09 07:21:08','Bernard'),(31,'campaign start','first day of campaign','active',18,'No','2007-11-09 07:21:51','2007-11-09 07:21:51','Bernard'),(32,'campaign end','last day of campaign','active',35,'No','2007-11-09 07:22:26','2007-11-09 07:22:26','Bernard'),(33,'foreclosure','foreclosure date','active',28,'No','2007-11-09 07:28:10','2007-11-09 07:28:10','Bernard'),(34,'confirmation','confirmation','active',11,'No','2007-11-09 07:30:48','2007-11-09 07:30:48','Bernard'),(35,'leave start','first day of leave period','active',22,'No','2007-11-09 07:32:13','2007-11-09 07:32:13','Bernard'),(36,'leave end','last day of leave period','active',39,'No','2007-11-09 07:32:31','2007-11-09 07:32:31','Bernard'),(37,'custody starts','first day of custody period','active',19,'No','2007-11-09 07:33:32','2007-11-09 07:33:32','Bernard'),(38,'custody end','last day of custody period','active',36,'No','2007-11-09 07:35:08','2007-11-09 07:35:08','Bernard'),(39,'surgery','surgery date','active',50,'No','2007-11-09 07:41:25','2007-11-09 07:41:25','Bernard'),(40,'hospital start','first day of hospitalization','active',21,'No','2007-11-09 07:42:49','2007-11-09 07:42:49','Bernard'),(41,'hospital end','last day of hospitalization','active',38,'No','2007-11-09 07:43:14','2007-11-09 07:43:14','Bernard'),(42,'camp start','first day of camp','active',17,'No','2007-11-09 07:51:15','2007-11-09 07:51:15','Bernard'),(43,'camp end','last day of camp','active',34,'No','2007-11-09 07:51:26','2007-11-09 07:51:26','Bernard'),(44,'season start','first day of season','active',24,'No','2007-11-09 07:54:14','2007-11-09 07:54:14','Bernard'),(45,'season end','last day of season','active',41,'No','2007-11-09 07:54:30','2007-11-09 07:54:30','Bernard'),(46,'homecoming','homecoming event day','active',33,'No','2007-11-09 07:57:53','2007-11-09 07:57:53','Bernard'),(47,'communion','communion','active',10,'No','2007-11-09 08:02:43','2007-11-09 08:02:43','Bernard'),(48,'dedication','dedication','active',13,'No','2007-11-09 08:03:25','2007-11-09 08:03:25','Bernard'),(49,'duty start','first day of duty period','active',20,'No','2007-11-09 08:17:19','2007-11-09 08:17:19','Bernard'),(50,'duty end','last day of duty period','active',37,'No','2007-11-09 08:18:03','2007-11-09 08:18:03','Bernard'),(51,'reunion','reunion','active',48,'No','2007-11-09 08:41:12','2007-11-09 08:41:12','Bernard');
/*!40000 ALTER TABLE `lifeeventtype` ENABLE KEYS */;
UNLOCK TABLES;

--
-- Table structure for table `locations`
--

DROP TABLE IF EXISTS `locations`;
/*!40101 SET @saved_cs_client     = @@character_set_client */;
/*!40101 SET character_set_client = utf8 */;
CREATE TABLE `locations` (
  `id` int(11) NOT NULL AUTO_INCREMENT,
  `city` varchar(255) COLLATE utf8_unicode_ci DEFAULT NULL,
  `state` varchar(255) COLLATE utf8_unicode_ci DEFAULT NULL,
  `country` varchar(255) COLLATE utf8_unicode_ci DEFAULT NULL,
  `time_zone` varchar(255) COLLATE utf8_unicode_ci DEFAULT NULL,
  `created_at` datetime DEFAULT NULL,
  `updated_at` datetime DEFAULT NULL,
  PRIMARY KEY (`id`)
) ENGINE=InnoDB AUTO_INCREMENT=9 DEFAULT CHARSET=utf8 COLLATE=utf8_unicode_ci;
/*!40101 SET character_set_client = @saved_cs_client */;

--
-- Dumping data for table `locations`
--

LOCK TABLES `locations` WRITE;
/*!40000 ALTER TABLE `locations` DISABLE KEYS */;
INSERT INTO `locations` VALUES (1,'Chicago','IL','US','Central Time (US & Canada)','2011-04-04 06:42:39','2011-04-04 06:42:39'),(2,'New York','NY','US','Eastern Time (US & Canada)','2011-04-04 06:42:40','2011-04-04 06:42:40'),(3,'Los Angeles','CA','US','Pacific Time (US & Canada)','2011-04-04 06:42:40','2011-04-04 06:42:40'),(4,'San Francisco','CA','US','Pacific Time (US & Canada)','2011-04-04 06:42:40','2011-04-04 06:42:40'),(5,'Detroit','MI','US','Eastern Time (US & Canada)','2011-04-04 06:42:40','2011-04-04 06:42:40'),(6,'Miami','FL','US','Eastern Time (US & Canada)','2011-04-04 06:42:40','2011-04-04 06:42:40'),(7,'Palo Alto','CA','US','Pacific Time (US & Canada)','2011-04-15 05:03:08','2011-04-15 05:03:08'),(8,'San Jose','CA','US','Pacific Time (US & Canada)','2011-04-15 05:03:08','2011-04-15 05:03:08');
/*!40000 ALTER TABLE `locations` ENABLE KEYS */;
UNLOCK TABLES;

--
-- Table structure for table `organizations`
--

DROP TABLE IF EXISTS `organizations`;
/*!40101 SET @saved_cs_client     = @@character_set_client */;
/*!40101 SET character_set_client = utf8 */;
CREATE TABLE `organizations` (
  `id` int(11) NOT NULL AUTO_INCREMENT,
  `name` varchar(255) COLLATE utf8_unicode_ci DEFAULT NULL,
  `created_at` datetime DEFAULT NULL,
  `updated_at` datetime DEFAULT NULL,
  `org_type` varchar(255) COLLATE utf8_unicode_ci DEFAULT NULL,
  PRIMARY KEY (`id`),
  KEY `index_organizations_on_name` (`name`)
) ENGINE=InnoDB AUTO_INCREMENT=28 DEFAULT CHARSET=utf8 COLLATE=utf8_unicode_ci;
/*!40101 SET character_set_client = @saved_cs_client */;

--
-- Dumping data for table `organizations`
--

LOCK TABLES `organizations` WRITE;
/*!40000 ALTER TABLE `organizations` DISABLE KEYS */;
INSERT INTO `organizations` VALUES (1,'Kiwanis Club','2011-05-14 23:57:00','2011-05-14 23:57:00','Social'),(2,'Boys & Girls Club','2011-05-14 23:57:00','2011-05-14 23:57:00','Social'),(3,'JHC','2011-05-14 23:57:01','2011-05-14 23:57:01','Social'),(4,'ABA','2011-05-14 23:57:01','2011-05-14 23:57:01','Professional'),(5,'AA','2011-05-14 23:57:01','2011-05-14 23:57:01','Social'),(6,'Blackjack Club','2011-05-14 23:57:01','2011-05-14 23:57:01','Social'),(7,'Real Estate Brokers Assn','2011-05-14 23:57:01','2011-05-14 23:57:01','Professional'),(8,'YMCA','2011-05-14 23:57:01','2011-05-14 23:57:01','Social'),(9,'Masons','2011-05-14 23:57:01','2011-05-14 23:57:01','Professional'),(10,'Symphony Club','2011-05-14 23:57:01','2011-05-14 23:57:01','Social'),(11,'SF Tennis Club','2011-05-14 23:57:01','2011-05-14 23:57:01','Social'),(12,'AAA','2011-05-14 23:57:01','2011-05-14 23:57:01','Social'),(13,'SF Chamber of Commerce','2011-05-14 23:57:01','2011-05-14 23:57:01','Professional'),(14,'WISE SF','2011-05-14 23:57:01','2011-05-14 23:57:01','Professional'),(15,'Alliance of CEOs','2011-05-14 23:57:01','2011-05-14 23:57:01','Professional'),(16,'UM Alumni Club of SF','2011-05-14 23:57:01','2011-05-14 23:57:01','Social'),(17,'Brown Bag Crew','2011-05-14 23:57:02','2011-05-14 23:57:02','Social'),(18,'Blue Angels','2011-05-14 23:57:02','2011-05-14 23:57:02','Social'),(19,'Giants Fan Club','2011-05-14 23:57:02','2011-05-14 23:57:02','Social'),(20,'Big Brothers & Sisters','2011-05-14 23:57:02','2011-05-14 23:57:02','Social'),(21,'American Cancer Society','2011-05-14 23:57:02','2011-05-14 23:57:02','Social'),(22,'Mensa Club of Bay Area','2011-05-15 00:29:15','2011-05-15 00:29:15','Social'),(23,'Bizworld','2011-05-16 07:52:55','2011-05-16 07:52:55','Professional'),(24,'Bay Area Marketers','2011-05-16 17:47:59','2011-05-16 17:47:59','Professional'),(25,'BAMP','2011-05-16 17:47:59','2011-05-16 17:47:59','Professional'),(26,'SCLC','2011-05-16 20:14:07','2011-05-16 20:14:07','Social'),(27,'Sierra Club','2011-06-12 19:24:41','2011-06-12 19:24:41','Social');
/*!40000 ALTER TABLE `organizations` ENABLE KEYS */;
UNLOCK TABLES;

--
-- Table structure for table `schema_migrations`
--

DROP TABLE IF EXISTS `schema_migrations`;
/*!40101 SET @saved_cs_client     = @@character_set_client */;
/*!40101 SET character_set_client = utf8 */;
CREATE TABLE `schema_migrations` (
  `version` varchar(255) COLLATE utf8_unicode_ci NOT NULL,
  UNIQUE KEY `unique_schema_migrations` (`version`)
) ENGINE=InnoDB DEFAULT CHARSET=utf8 COLLATE=utf8_unicode_ci;
/*!40101 SET character_set_client = @saved_cs_client */;

--
-- Dumping data for table `schema_migrations`
--

LOCK TABLES `schema_migrations` WRITE;
/*!40000 ALTER TABLE `schema_migrations` DISABLE KEYS */;
INSERT INTO `schema_migrations` VALUES ('20110321213719'),('20110321215139'),('20110323075236'),('20110323203038'),('20110323232059'),('20110326060906'),('20110326235036'),('20110327063054'),('20110327201916'),('20110327221208'),('20110328015859'),('20110328020119'),('20110328194346'),('20110328200420'),('20110329012534'),('20110330200934'),('20110331190440'),('20110331192851'),('20110401043233'),('20110402053734'),('20110402223809'),('20110402233359'),('20110404015046'),('20110404033327'),('20110404062853'),('20110404184247'),('20110405011856'),('20110405025059'),('20110405030315'),('20110405053010'),('20110405054651'),('20110406045733'),('20110406050033'),('20110408014346'),('20110410050426'),('20110410210417'),('20110410214313'),('20110410222944'),('20110411005607'),('20110411012018'),('20110412063414'),('20110413045011'),('20110413045900'),('20110413184707'),('20110414033018'),('20110414052850'),('20110414224711'),('20110415001603'),('20110419053255'),('20110419161816'),('20110422182926'),('20110425234201'),('20110426074051'),('20110426185724'),('20110426192933'),('20110427204046'),('20110427213612'),('20110429201006'),('20110429210858'),('20110502052650'),('20110502233740'),('20110503032807'),('20110503184008'),('20110504070726'),('20110504071148'),('20110505070916'),('20110506005211'),('20110507203343'),('20110508185939'),('20110510022414'),('20110510023838'),('20110510035032'),('20110510175727'),('20110512180215'),('20110512185937'),('20110514042005'),('20110514043229'),('20110514060718'),('20110514184208'),('20110514215001'),('20110514233042'),('20110515001322'),('20110515222744'),('20110515223350'),('20110516011755'),('20110516041401'),('20110516051727'),('20110516211536'),('20110518191448'),('20110520075434'),('20110523033342');
/*!40000 ALTER TABLE `schema_migrations` ENABLE KEYS */;
UNLOCK TABLES;

--
-- Table structure for table `session_prefs`
--

DROP TABLE IF EXISTS `session_prefs`;
/*!40101 SET @saved_cs_client     = @@character_set_client */;
/*!40101 SET character_set_client = utf8 */;
CREATE TABLE `session_prefs` (
  `id` int(11) NOT NULL AUTO_INCREMENT,
  `name` varchar(255) COLLATE utf8_unicode_ci DEFAULT NULL,
  `created_at` datetime DEFAULT NULL,
  `updated_at` datetime DEFAULT NULL,
  PRIMARY KEY (`id`)
) ENGINE=InnoDB AUTO_INCREMENT=13 DEFAULT CHARSET=utf8 COLLATE=utf8_unicode_ci;
/*!40101 SET character_set_client = @saved_cs_client */;

--
-- Dumping data for table `session_prefs`
--

LOCK TABLES `session_prefs` WRITE;
/*!40000 ALTER TABLE `session_prefs` DISABLE KEYS */;
INSERT INTO `session_prefs` VALUES (1,'clock','2011-05-12 18:43:39','2011-05-12 18:43:39'),(2,'observances','2011-05-12 18:44:02','2011-05-12 18:44:02'),(3,'holidays','2011-05-12 18:44:23','2011-05-12 18:44:23'),(4,'life events','2011-05-12 18:44:42','2011-05-12 18:44:42'),(5,'logistics','2011-05-12 18:44:58','2011-05-12 18:44:58'),(6,'info channels','2011-05-12 18:45:19','2011-05-12 18:45:19'),(7,'private channels','2011-05-12 18:45:36','2011-05-12 18:45:36'),(8,'interests','2011-05-12 18:46:05','2011-05-12 18:46:05'),(9,'reservations','2011-05-12 18:46:25','2011-05-12 18:46:25'),(10,'reminders','2011-05-12 18:46:51','2011-05-12 18:46:51'),(11,'log channels','2011-05-12 18:47:04','2011-05-12 18:47:04'),(12,'pref channels','2011-05-12 18:48:35','2011-05-12 18:48:35');
/*!40000 ALTER TABLE `session_prefs` ENABLE KEYS */;
UNLOCK TABLES;

--
-- Table structure for table `sessions`
--

DROP TABLE IF EXISTS `sessions`;
/*!40101 SET @saved_cs_client     = @@character_set_client */;
/*!40101 SET character_set_client = utf8 */;
CREATE TABLE `sessions` (
  `id` int(11) NOT NULL AUTO_INCREMENT,
  `session_id` varchar(255) COLLATE utf8_unicode_ci NOT NULL,
  `data` text COLLATE utf8_unicode_ci,
  `created_at` datetime DEFAULT NULL,
  `updated_at` datetime DEFAULT NULL,
  PRIMARY KEY (`id`),
  KEY `index_sessions_on_session_id` (`session_id`),
  KEY `index_sessions_on_updated_at` (`updated_at`)
) ENGINE=InnoDB AUTO_INCREMENT=248 DEFAULT CHARSET=utf8 COLLATE=utf8_unicode_ci;
/*!40101 SET character_set_client = @saved_cs_client */;

--
-- Dumping data for table `sessions`
--

LOCK TABLES `sessions` WRITE;
/*!40000 ALTER TABLE `sessions` DISABLE KEYS */;
INSERT INTO `sessions` VALUES (122,'a3bad90b5324767d7cc35a937a017d9c','BAh7B0kiCmZsYXNoBjoGRUZJQzolQWN0aW9uRGlzcGF0Y2g6OkZsYXNoOjpG\nbGFzaEhhc2h7BjoLbm90aWNlSSIdU2lnbmVkIG91dCBzdWNjZXNzZnVsbHku\nBjsAVAY6CkB1c2VkbzoIU2V0BjoKQGhhc2h7BjsHVEkiEF9jc3JmX3Rva2Vu\nBjsARkkiMVNLYjRZMEdpc3dBY29USERGbGRleXpqU0hnWXhyeENzbmUvWVgy\nK29jaVk9BjsARg==\n','2011-05-23 05:58:33','2011-05-23 05:58:35'),(124,'7473f148f5361633aab238eecdac550b','BAh7B0kiEF9jc3JmX3Rva2VuBjoGRUZJIjFDUzY2eXlUQjBLNmhpamovanlS\nNVNTK0crTmlpREY4elpNaUliNmFXRUZ3PQY7AEZJIhl3YXJkZW4udXNlci51\nc2VyLmtleQY7AFRbCEkiCVVzZXIGOwBGWwZpAc1JIiIkMmEkMTAkT3JSeE1y\neFFnM0RqZ2Z3WWdyOEdiZQY7AFQ=\n','2011-05-23 06:41:13','2011-05-23 06:41:28'),(131,'2824f1519c0a584ef5e0162c5abf93cf','BAh7B0kiCmZsYXNoBjoGRUZJQzolQWN0aW9uRGlzcGF0Y2g6OkZsYXNoOjpG\nbGFzaEhhc2h7BjoLbm90aWNlSSIdU2lnbmVkIG91dCBzdWNjZXNzZnVsbHku\nBjsAVAY6CkB1c2VkbzoIU2V0BjoKQGhhc2h7BjsHVEkiEF9jc3JmX3Rva2Vu\nBjsARkkiMWNyYlFIMDdZdm9rVGh5N0RRblppeW9RMXlSUDhva1BHTVNoSjBX\nT0pxMmc9BjsARg==\n','2011-05-24 08:58:42','2011-05-24 08:58:43'),(138,'717d7aa95ac44b29f15c96e92e3aa214','BAh7B0kiCmZsYXNoBjoGRUZJQzolQWN0aW9uRGlzcGF0Y2g6OkZsYXNoOjpG\nbGFzaEhhc2h7BjoLbm90aWNlSSIdU2lnbmVkIG91dCBzdWNjZXNzZnVsbHku\nBjsAVAY6CkB1c2VkbzoIU2V0BjoKQGhhc2h7BjsHVEkiEF9jc3JmX3Rva2Vu\nBjsARkkiMXk5YzA2Z0N1WGx2VEE4TUpML0FTZVRTdVBiNFVsYXFzdFZNYU5v\nSlJXdHM9BjsARg==\n','2011-05-25 06:14:57','2011-05-25 06:14:58'),(147,'351a43deead4c2aa15975a8d65c88383','BAh7B0kiCmZsYXNoBjoGRUZJQzolQWN0aW9uRGlzcGF0Y2g6OkZsYXNoOjpG\nbGFzaEhhc2h7BjoLbm90aWNlSSIdU2lnbmVkIG91dCBzdWNjZXNzZnVsbHku\nBjsAVAY6CkB1c2VkbzoIU2V0BjoKQGhhc2h7BjsHVEkiEF9jc3JmX3Rva2Vu\nBjsARkkiMW5PcGt1VDJubmZJUnMxVkN2a3pDK1hoMEE0Q2w1cXkvdDNINFU0\nb1NDa0U9BjsARg==\n','2011-06-06 05:51:58','2011-06-06 05:51:59'),(150,'2fbba03561828bb787b08f1d3b702f39','BAh7B0kiCmZsYXNoBjoGRUZJQzolQWN0aW9uRGlzcGF0Y2g6OkZsYXNoOjpG\nbGFzaEhhc2h7BjoLbm90aWNlSSIdU2lnbmVkIG91dCBzdWNjZXNzZnVsbHku\nBjsAVAY6CkB1c2VkbzoIU2V0BjoKQGhhc2h7BjsHVEkiEF9jc3JmX3Rva2Vu\nBjsARkkiMThGcndISGo0Q2RCVGZxbHVxNW43cmdmTTVZNkZGSllmK24yeVN6\nS3lzMEE9BjsARg==\n','2011-06-08 06:32:16','2011-06-08 06:32:18'),(153,'1cdff9d2e7be32c48b8668196c243a49','BAh7B0kiCmZsYXNoBjoGRUZJQzolQWN0aW9uRGlzcGF0Y2g6OkZsYXNoOjpG\nbGFzaEhhc2h7BjoLbm90aWNlSSIdU2lnbmVkIG91dCBzdWNjZXNzZnVsbHku\nBjsAVAY6CkB1c2VkbzoIU2V0BjoKQGhhc2h7BjsHVEkiEF9jc3JmX3Rva2Vu\nBjsARkkiMURpUGc4dnhUQ0tFQWpXeEJ1UEM1a1k1SC9WSDNIWmJCY2NIL0RG\nRUphcjg9BjsARg==\n','2011-06-08 06:35:12','2011-06-08 06:35:14'),(158,'cef2ce31bcbaeff467bef53d673b871f','BAh7B0kiCmZsYXNoBjoGRUZJQzolQWN0aW9uRGlzcGF0Y2g6OkZsYXNoOjpG\nbGFzaEhhc2h7BjoLbm90aWNlSSIdU2lnbmVkIG91dCBzdWNjZXNzZnVsbHku\nBjsAVAY6CkB1c2VkbzoIU2V0BjoKQGhhc2h7BjsHVEkiEF9jc3JmX3Rva2Vu\nBjsARkkiMU5TVXZDRXAyRDVEWGtVcG1SbHAxYzcrOEY0a3FuMjFYUHdHZmFJ\nUGFidW89BjsARg==\n','2011-06-08 07:20:04','2011-06-08 07:20:05'),(171,'8cb1e956691d299e7d90a15093f1ead4','BAh7CEkiEF9jc3JmX3Rva2VuBjoGRUZJIjFZZzBvWVJ0ZEtnMms1cmZBeHBu\nMSt3TytOQm4wRURxRjBDTXRjNFB0Y1pRPQY7AEZJIhl3YXJkZW4udXNlci51\nc2VyLmtleQY7AFRbCEkiCVVzZXIGOwBGWwZpAc1JIiIkMmEkMTAkT3JSeE1y\neFFnM0RqZ2Z3WWdyOEdiZQY7AFRJIgpmbGFzaAY7AEZJQzolQWN0aW9uRGlz\ncGF0Y2g6OkZsYXNoOjpGbGFzaEhhc2h7BjoLbm90aWNlSSIcU2lnbmVkIGlu\nIHN1Y2Nlc3NmdWxseS4GOwBUBjoKQHVzZWRvOghTZXQGOgpAaGFzaHsGOwdU\n','2011-06-11 23:32:35','2011-06-11 23:32:37'),(178,'c6938346fd44ffa54a09eb1106b6f623','BAh7B0kiCmZsYXNoBjoGRUZJQzolQWN0aW9uRGlzcGF0Y2g6OkZsYXNoOjpG\nbGFzaEhhc2h7BjoLbm90aWNlSSIdU2lnbmVkIG91dCBzdWNjZXNzZnVsbHku\nBjsAVAY6CkB1c2VkbzoIU2V0BjoKQGhhc2h7BjsHVEkiEF9jc3JmX3Rva2Vu\nBjsARkkiMUFUaHBTNFV0bGp0ZjFrNWJETUpZMzZlUFNmYzN3dS9MVVR5Mmhz\nY2p5MUk9BjsARg==\n','2011-06-12 06:03:48','2011-06-12 06:03:49'),(205,'00409c279849209ad63e9be7eb909976','BAh7B0kiCmZsYXNoBjoGRUZJQzolQWN0aW9uRGlzcGF0Y2g6OkZsYXNoOjpG\nbGFzaEhhc2h7BjoLbm90aWNlSSIdU2lnbmVkIG91dCBzdWNjZXNzZnVsbHku\nBjsAVAY6CkB1c2VkbzoIU2V0BjoKQGhhc2h7BjsHVEkiEF9jc3JmX3Rva2Vu\nBjsARkkiMUNyTWFEWEJLNnJSSmVFcVVNZUtjdXBIVytGY2RhaTNpN1ZVS0h1\nYWhzbFE9BjsARg==\n','2011-06-14 16:55:19','2011-06-14 16:55:21'),(211,'d2b1c46dea2c3b224f6adacc3c630891','BAh7B0kiCmZsYXNoBjoGRUZJQzolQWN0aW9uRGlzcGF0Y2g6OkZsYXNoOjpG\nbGFzaEhhc2h7BjoLbm90aWNlSSIdU2lnbmVkIG91dCBzdWNjZXNzZnVsbHku\nBjsAVAY6CkB1c2VkbzoIU2V0BjoKQGhhc2h7BjsHVEkiEF9jc3JmX3Rva2Vu\nBjsARkkiMWNtbHRKeXJwd3dTbjlnVWozQU5JaVRBT3ZWdjJ3TDhzakFYOTZn\nejBRU2M9BjsARg==\n','2011-06-15 16:37:12','2011-06-15 16:37:20'),(217,'772d29c38d79791c7f632c237355d175','BAh7B0kiEF9jc3JmX3Rva2VuBjoGRUZJIjF2UkxIaHJGZEV3ck5yZXZrQ1NG\nTXVoQ2MrcE43eTJKTzlpdGRDSUp2a3RnPQY7AEZJIhl3YXJkZW4udXNlci51\nc2VyLmtleQY7AFRbCEkiCVVzZXIGOwBGWwZpAbdJIiIkMmEkMTAkbm11eS5O\nWWNYL1l4dFZtYVM2UHZOLgY7AFQ=\n','2011-06-15 19:30:39','2011-06-15 19:30:45'),(218,'59683893b8b1d52038a36ad790f681c0','BAh7B0kiCmZsYXNoBjoGRUZJQzolQWN0aW9uRGlzcGF0Y2g6OkZsYXNoOjpG\nbGFzaEhhc2h7BjoLbm90aWNlSSIdU2lnbmVkIG91dCBzdWNjZXNzZnVsbHku\nBjsAVAY6CkB1c2VkbzoIU2V0BjoKQGhhc2h7BjsHVEkiEF9jc3JmX3Rva2Vu\nBjsARkkiMXlwc3QvQ0VXZnA2bE42WFlmczNmL1NXNmhZQjhycjlGTHBKTzUw\nSzZQRDg9BjsARg==\n','2011-06-15 19:54:42','2011-06-15 19:54:47'),(219,'fd16f2a17543c4556ad2a007d3087ce4','BAh7B0kiCmZsYXNoBjoGRUZJQzolQWN0aW9uRGlzcGF0Y2g6OkZsYXNoOjpG\nbGFzaEhhc2h7BjoLbm90aWNlSSIdU2lnbmVkIG91dCBzdWNjZXNzZnVsbHku\nBjsAVAY6CkB1c2VkbzoIU2V0BjoKQGhhc2h7BjsHVEkiEF9jc3JmX3Rva2Vu\nBjsARkkiMTJCZURQaXdUTUs0R0tSYUVvU3VzQzJjd0hoV2JmYkcrd25QU2Ir\nQmhBTW89BjsARg==\n','2011-06-16 00:13:19','2011-06-16 00:13:20'),(223,'3feafba981d07ac0113012473c99b6a3','BAh7B0kiCmZsYXNoBjoGRUZJQzolQWN0aW9uRGlzcGF0Y2g6OkZsYXNoOjpG\nbGFzaEhhc2h7BjoLbm90aWNlSSIdU2lnbmVkIG91dCBzdWNjZXNzZnVsbHku\nBjsAVAY6CkB1c2VkbzoIU2V0BjoKQGhhc2h7BjsHVEkiEF9jc3JmX3Rva2Vu\nBjsARkkiMXNaeUhJaXY5MWQrMkN1Rm03aUVaNUFydlZ1RFN0MFhaRm5UVVhv\nUUpRVGc9BjsARg==\n','2011-06-16 01:33:42','2011-06-16 01:33:44'),(239,'d56ddab3b07c9c562ba2b12343e1fedf','BAh7B0kiCmZsYXNoBjoGRUZJQzolQWN0aW9uRGlzcGF0Y2g6OkZsYXNoOjpG\nbGFzaEhhc2h7BjoLbm90aWNlSSIdU2lnbmVkIG91dCBzdWNjZXNzZnVsbHku\nBjsAVAY6CkB1c2VkbzoIU2V0BjoKQGhhc2h7BjsHVEkiEF9jc3JmX3Rva2Vu\nBjsARkkiMUNmalBoZnBFcVJFc29uOCtoRm1JOEt4SXRNUGVTcTRWbmsvQ3JE\nSm9WTnc9BjsARg==\n','2011-06-19 21:34:48','2011-06-19 21:34:51'),(242,'b9a71f3dd690cdc43dbcac10f09b7824','BAh7B0kiCmZsYXNoBjoGRUZJQzolQWN0aW9uRGlzcGF0Y2g6OkZsYXNoOjpG\nbGFzaEhhc2h7BjoLbm90aWNlSSIdU2lnbmVkIG91dCBzdWNjZXNzZnVsbHku\nBjsAVAY6CkB1c2VkbzoIU2V0BjoKQGhhc2h7BjsHVEkiEF9jc3JmX3Rva2Vu\nBjsARkkiMVN5OCsvelhPcnk5bGpvVnJyQ0tTVUk2cGhyTXZxUks4VHJsMk9N\nRkdoSzQ9BjsARg==\n','2011-06-19 21:52:30','2011-06-19 21:52:32'),(247,'475696bc10fd2b86ba2baddaab793c98','BAh7B0kiCmZsYXNoBjoGRUZJQzolQWN0aW9uRGlzcGF0Y2g6OkZsYXNoOjpG\nbGFzaEhhc2h7BjoLbm90aWNlSSIdU2lnbmVkIG91dCBzdWNjZXNzZnVsbHku\nBjsAVAY6CkB1c2VkbzoIU2V0BjoKQGhhc2h7BjsHVEkiEF9jc3JmX3Rva2Vu\nBjsARkkiMUNBYmtmZDNqS08xVEhFdEZPWFlPb0UxMzBYcjNtUDV6cVBxMzU1\neTZ0V0U9BjsARg==\n','2011-06-21 07:34:51','2011-06-21 07:34:53');
/*!40000 ALTER TABLE `sessions` ENABLE KEYS */;
UNLOCK TABLES;

--
-- Table structure for table `settings`
--

DROP TABLE IF EXISTS `settings`;
/*!40101 SET @saved_cs_client     = @@character_set_client */;
/*!40101 SET character_set_client = utf8 */;
CREATE TABLE `settings` (
  `id` int(11) NOT NULL AUTO_INCREMENT,
  `user_id` int(11) DEFAULT NULL,
  `session_pref_id` int(11) DEFAULT NULL,
  `created_at` datetime DEFAULT NULL,
  `updated_at` datetime DEFAULT NULL,
  PRIMARY KEY (`id`),
  KEY `index_settings_on_user_id` (`user_id`),
  KEY `index_settings_on_session_pref_id` (`session_pref_id`)
) ENGINE=InnoDB AUTO_INCREMENT=1295 DEFAULT CHARSET=utf8 COLLATE=utf8_unicode_ci;
/*!40101 SET character_set_client = @saved_cs_client */;

--
-- Dumping data for table `settings`
--

LOCK TABLES `settings` WRITE;
/*!40000 ALTER TABLE `settings` DISABLE KEYS */;
INSERT INTO `settings` VALUES (1,205,1,'2011-05-13 07:48:08','2011-05-13 07:48:08'),(2,205,2,'2011-05-13 07:48:08','2011-05-13 07:48:08'),(3,205,3,'2011-05-13 07:48:08','2011-05-13 07:48:08'),(4,205,4,'2011-05-13 07:48:08','2011-05-13 07:48:08'),(5,205,5,'2011-05-13 07:48:08','2011-05-13 07:48:08'),(6,205,6,'2011-05-13 07:48:08','2011-05-13 07:48:08'),(7,205,7,'2011-05-13 07:48:08','2011-05-13 07:48:08'),(8,205,8,'2011-05-13 07:48:08','2011-05-13 07:48:08'),(9,205,9,'2011-05-13 07:48:08','2011-05-13 07:48:08'),(10,205,10,'2011-05-13 07:48:08','2011-05-13 07:48:08'),(11,205,11,'2011-05-13 07:48:08','2011-05-13 07:48:08'),(12,205,12,'2011-05-13 07:48:08','2011-05-13 07:48:08'),(13,219,1,'2011-05-24 19:59:46','2011-05-24 19:59:46'),(14,219,2,'2011-05-24 19:59:46','2011-05-24 19:59:46'),(15,219,3,'2011-05-24 19:59:46','2011-05-24 19:59:46'),(16,219,4,'2011-05-24 19:59:46','2011-05-24 19:59:46'),(17,219,6,'2011-05-24 19:59:46','2011-05-24 19:59:46'),(18,219,7,'2011-05-24 19:59:46','2011-05-24 19:59:46'),(19,219,8,'2011-05-24 19:59:46','2011-05-24 19:59:46'),(20,219,9,'2011-05-24 19:59:46','2011-05-24 19:59:46'),(21,219,11,'2011-05-24 19:59:46','2011-05-24 19:59:46'),(22,219,12,'2011-05-24 19:59:46','2011-05-24 19:59:46'),(23,226,1,'2011-05-24 22:16:13','2011-05-24 22:16:13'),(24,226,2,'2011-05-24 22:16:13','2011-05-24 22:16:13'),(25,226,3,'2011-05-24 22:16:13','2011-05-24 22:16:13'),(26,226,4,'2011-05-24 22:16:13','2011-05-24 22:16:13'),(27,226,5,'2011-05-24 22:16:13','2011-05-24 22:16:13'),(28,226,6,'2011-05-24 22:16:13','2011-05-24 22:16:13'),(29,226,7,'2011-05-24 22:16:13','2011-05-24 22:16:13'),(30,226,8,'2011-05-24 22:16:13','2011-05-24 22:16:13'),(31,226,9,'2011-05-24 22:16:13','2011-05-24 22:16:13'),(32,226,10,'2011-05-24 22:16:13','2011-05-24 22:16:13'),(33,226,11,'2011-05-24 22:16:13','2011-05-24 22:16:13'),(34,226,12,'2011-05-24 22:16:13','2011-05-24 22:16:13'),(35,226,1,'2011-05-24 22:16:13','2011-05-24 22:16:13'),(36,226,2,'2011-05-24 22:16:13','2011-05-24 22:16:13'),(37,226,3,'2011-05-24 22:16:13','2011-05-24 22:16:13'),(38,226,4,'2011-05-24 22:16:13','2011-05-24 22:16:13'),(39,226,5,'2011-05-24 22:16:13','2011-05-24 22:16:13'),(40,226,6,'2011-05-24 22:16:13','2011-05-24 22:16:13'),(41,226,7,'2011-05-24 22:16:13','2011-05-24 22:16:13'),(42,226,8,'2011-05-24 22:16:13','2011-05-24 22:16:13'),(43,226,9,'2011-05-24 22:16:13','2011-05-24 22:16:13'),(44,226,10,'2011-05-24 22:16:13','2011-05-24 22:16:13'),(45,226,11,'2011-05-24 22:16:13','2011-05-24 22:16:13'),(46,226,12,'2011-05-24 22:16:13','2011-05-24 22:16:13'),(47,226,1,'2011-05-24 22:18:05','2011-05-24 22:18:05'),(48,226,2,'2011-05-24 22:18:05','2011-05-24 22:18:05'),(49,226,3,'2011-05-24 22:18:05','2011-05-24 22:18:05'),(50,226,4,'2011-05-24 22:18:05','2011-05-24 22:18:05'),(51,226,5,'2011-05-24 22:18:05','2011-05-24 22:18:05'),(52,226,6,'2011-05-24 22:18:05','2011-05-24 22:18:05'),(53,226,7,'2011-05-24 22:18:05','2011-05-24 22:18:05'),(54,226,8,'2011-05-24 22:18:05','2011-05-24 22:18:05'),(55,226,9,'2011-05-24 22:18:05','2011-05-24 22:18:05'),(56,226,10,'2011-05-24 22:18:05','2011-05-24 22:18:05'),(57,226,11,'2011-05-24 22:18:05','2011-05-24 22:18:05'),(58,226,12,'2011-05-24 22:18:05','2011-05-24 22:18:05'),(59,226,1,'2011-05-24 22:21:04','2011-05-24 22:21:04'),(60,226,2,'2011-05-24 22:21:04','2011-05-24 22:21:04'),(61,226,3,'2011-05-24 22:21:04','2011-05-24 22:21:04'),(62,226,4,'2011-05-24 22:21:04','2011-05-24 22:21:04'),(63,226,5,'2011-05-24 22:21:04','2011-05-24 22:21:04'),(64,226,6,'2011-05-24 22:21:04','2011-05-24 22:21:04'),(65,226,7,'2011-05-24 22:21:04','2011-05-24 22:21:04'),(66,226,8,'2011-05-24 22:21:04','2011-05-24 22:21:04'),(67,226,9,'2011-05-24 22:21:04','2011-05-24 22:21:04'),(68,226,10,'2011-05-24 22:21:04','2011-05-24 22:21:04'),(69,226,11,'2011-05-24 22:21:04','2011-05-24 22:21:04'),(70,226,12,'2011-05-24 22:21:04','2011-05-24 22:21:04'),(71,226,1,'2011-05-24 22:21:59','2011-05-24 22:21:59'),(72,226,2,'2011-05-24 22:21:59','2011-05-24 22:21:59'),(73,226,3,'2011-05-24 22:21:59','2011-05-24 22:21:59'),(74,226,4,'2011-05-24 22:21:59','2011-05-24 22:21:59'),(75,226,5,'2011-05-24 22:21:59','2011-05-24 22:21:59'),(76,226,6,'2011-05-24 22:21:59','2011-05-24 22:21:59'),(77,226,7,'2011-05-24 22:21:59','2011-05-24 22:21:59'),(78,226,8,'2011-05-24 22:21:59','2011-05-24 22:21:59'),(79,226,9,'2011-05-24 22:21:59','2011-05-24 22:21:59'),(80,226,10,'2011-05-24 22:21:59','2011-05-24 22:21:59'),(81,226,11,'2011-05-24 22:21:59','2011-05-24 22:21:59'),(82,226,12,'2011-05-24 22:21:59','2011-05-24 22:21:59'),(83,226,1,'2011-05-24 22:38:33','2011-05-24 22:38:33'),(84,226,2,'2011-05-24 22:38:34','2011-05-24 22:38:34'),(85,226,3,'2011-05-24 22:38:34','2011-05-24 22:38:34'),(86,226,4,'2011-05-24 22:38:34','2011-05-24 22:38:34'),(87,226,5,'2011-05-24 22:38:34','2011-05-24 22:38:34'),(88,226,6,'2011-05-24 22:38:34','2011-05-24 22:38:34'),(89,226,7,'2011-05-24 22:38:34','2011-05-24 22:38:34'),(90,226,8,'2011-05-24 22:38:34','2011-05-24 22:38:34'),(91,226,9,'2011-05-24 22:38:34','2011-05-24 22:38:34'),(92,226,10,'2011-05-24 22:38:34','2011-05-24 22:38:34'),(93,226,11,'2011-05-24 22:38:34','2011-05-24 22:38:34'),(94,226,12,'2011-05-24 22:38:34','2011-05-24 22:38:34'),(95,226,1,'2011-05-24 22:45:38','2011-05-24 22:45:38'),(96,226,2,'2011-05-24 22:45:39','2011-05-24 22:45:39'),(97,226,3,'2011-05-24 22:45:39','2011-05-24 22:45:39'),(98,226,4,'2011-05-24 22:45:39','2011-05-24 22:45:39'),(99,226,5,'2011-05-24 22:45:39','2011-05-24 22:45:39'),(100,226,6,'2011-05-24 22:45:39','2011-05-24 22:45:39'),(101,226,7,'2011-05-24 22:45:39','2011-05-24 22:45:39'),(102,226,8,'2011-05-24 22:45:39','2011-05-24 22:45:39'),(103,226,9,'2011-05-24 22:45:39','2011-05-24 22:45:39'),(104,226,10,'2011-05-24 22:45:39','2011-05-24 22:45:39'),(105,226,11,'2011-05-24 22:45:39','2011-05-24 22:45:39'),(106,226,12,'2011-05-24 22:45:39','2011-05-24 22:45:39'),(107,226,1,'2011-05-24 22:48:06','2011-05-24 22:48:06'),(108,226,2,'2011-05-24 22:48:06','2011-05-24 22:48:06'),(109,226,3,'2011-05-24 22:48:06','2011-05-24 22:48:06'),(110,226,4,'2011-05-24 22:48:06','2011-05-24 22:48:06'),(111,226,5,'2011-05-24 22:48:06','2011-05-24 22:48:06'),(112,226,6,'2011-05-24 22:48:06','2011-05-24 22:48:06'),(113,226,7,'2011-05-24 22:48:06','2011-05-24 22:48:06'),(114,226,8,'2011-05-24 22:48:06','2011-05-24 22:48:06'),(115,226,9,'2011-05-24 22:48:06','2011-05-24 22:48:06'),(116,226,10,'2011-05-24 22:48:06','2011-05-24 22:48:06'),(117,226,11,'2011-05-24 22:48:06','2011-05-24 22:48:06'),(118,226,12,'2011-05-24 22:48:06','2011-05-24 22:48:06'),(119,226,1,'2011-05-25 03:46:52','2011-05-25 03:46:52'),(120,226,2,'2011-05-25 03:46:52','2011-05-25 03:46:52'),(121,226,3,'2011-05-25 03:46:52','2011-05-25 03:46:52'),(122,226,4,'2011-05-25 03:46:52','2011-05-25 03:46:52'),(123,226,5,'2011-05-25 03:46:52','2011-05-25 03:46:52'),(124,226,6,'2011-05-25 03:46:52','2011-05-25 03:46:52'),(125,226,7,'2011-05-25 03:46:52','2011-05-25 03:46:52'),(126,226,8,'2011-05-25 03:46:52','2011-05-25 03:46:52'),(127,226,9,'2011-05-25 03:46:52','2011-05-25 03:46:52'),(128,226,10,'2011-05-25 03:46:52','2011-05-25 03:46:52'),(129,226,11,'2011-05-25 03:46:52','2011-05-25 03:46:52'),(130,226,12,'2011-05-25 03:46:52','2011-05-25 03:46:52'),(131,226,1,'2011-05-25 06:14:57','2011-05-25 06:14:57'),(132,226,2,'2011-05-25 06:14:57','2011-05-25 06:14:57'),(133,226,3,'2011-05-25 06:14:57','2011-05-25 06:14:57'),(134,226,4,'2011-05-25 06:14:57','2011-05-25 06:14:57'),(135,226,5,'2011-05-25 06:14:57','2011-05-25 06:14:57'),(136,226,6,'2011-05-25 06:14:57','2011-05-25 06:14:57'),(137,226,7,'2011-05-25 06:14:57','2011-05-25 06:14:57'),(138,226,8,'2011-05-25 06:14:57','2011-05-25 06:14:57'),(139,226,9,'2011-05-25 06:14:57','2011-05-25 06:14:57'),(140,226,10,'2011-05-25 06:14:57','2011-05-25 06:14:57'),(141,226,11,'2011-05-25 06:14:57','2011-05-25 06:14:57'),(142,226,12,'2011-05-25 06:14:57','2011-05-25 06:14:57'),(143,205,1,'2011-06-04 00:28:10','2011-06-04 00:28:10'),(144,205,2,'2011-06-04 00:28:10','2011-06-04 00:28:10'),(145,205,3,'2011-06-04 00:28:10','2011-06-04 00:28:10'),(146,205,4,'2011-06-04 00:28:10','2011-06-04 00:28:10'),(147,205,5,'2011-06-04 00:28:10','2011-06-04 00:28:10'),(148,205,6,'2011-06-04 00:28:10','2011-06-04 00:28:10'),(149,205,7,'2011-06-04 00:28:10','2011-06-04 00:28:10'),(150,205,8,'2011-06-04 00:28:10','2011-06-04 00:28:10'),(151,205,9,'2011-06-04 00:28:10','2011-06-04 00:28:10'),(152,205,10,'2011-06-04 00:28:10','2011-06-04 00:28:10'),(153,205,11,'2011-06-04 00:28:10','2011-06-04 00:28:10'),(154,205,12,'2011-06-04 00:28:10','2011-06-04 00:28:10'),(155,205,1,'2011-06-04 08:23:56','2011-06-04 08:23:56'),(156,205,2,'2011-06-04 08:23:56','2011-06-04 08:23:56'),(157,205,3,'2011-06-04 08:23:56','2011-06-04 08:23:56'),(158,205,4,'2011-06-04 08:23:57','2011-06-04 08:23:57'),(159,205,5,'2011-06-04 08:23:57','2011-06-04 08:23:57'),(160,205,6,'2011-06-04 08:23:57','2011-06-04 08:23:57'),(161,205,7,'2011-06-04 08:23:57','2011-06-04 08:23:57'),(162,205,8,'2011-06-04 08:23:57','2011-06-04 08:23:57'),(163,205,9,'2011-06-04 08:23:57','2011-06-04 08:23:57'),(164,205,10,'2011-06-04 08:23:57','2011-06-04 08:23:57'),(165,205,11,'2011-06-04 08:23:57','2011-06-04 08:23:57'),(166,205,12,'2011-06-04 08:23:57','2011-06-04 08:23:57'),(167,205,1,'2011-06-04 17:50:57','2011-06-04 17:50:57'),(168,205,2,'2011-06-04 17:50:57','2011-06-04 17:50:57'),(169,205,3,'2011-06-04 17:50:57','2011-06-04 17:50:57'),(170,205,4,'2011-06-04 17:50:57','2011-06-04 17:50:57'),(171,205,5,'2011-06-04 17:50:57','2011-06-04 17:50:57'),(172,205,6,'2011-06-04 17:50:57','2011-06-04 17:50:57'),(173,205,7,'2011-06-04 17:50:57','2011-06-04 17:50:57'),(174,205,8,'2011-06-04 17:50:57','2011-06-04 17:50:57'),(175,205,9,'2011-06-04 17:50:57','2011-06-04 17:50:57'),(176,205,10,'2011-06-04 17:50:57','2011-06-04 17:50:57'),(177,205,11,'2011-06-04 17:50:57','2011-06-04 17:50:57'),(178,205,12,'2011-06-04 17:50:57','2011-06-04 17:50:57'),(179,205,1,'2011-06-05 07:58:27','2011-06-05 07:58:27'),(180,205,2,'2011-06-05 07:58:27','2011-06-05 07:58:27'),(181,205,3,'2011-06-05 07:58:27','2011-06-05 07:58:27'),(182,205,4,'2011-06-05 07:58:27','2011-06-05 07:58:27'),(183,205,5,'2011-06-05 07:58:27','2011-06-05 07:58:27'),(184,205,6,'2011-06-05 07:58:27','2011-06-05 07:58:27'),(185,205,7,'2011-06-05 07:58:27','2011-06-05 07:58:27'),(186,205,8,'2011-06-05 07:58:27','2011-06-05 07:58:27'),(187,205,9,'2011-06-05 07:58:27','2011-06-05 07:58:27'),(188,205,10,'2011-06-05 07:58:27','2011-06-05 07:58:27'),(189,205,11,'2011-06-05 07:58:27','2011-06-05 07:58:27'),(190,205,12,'2011-06-05 07:58:27','2011-06-05 07:58:27'),(191,205,1,'2011-06-05 19:41:21','2011-06-05 19:41:21'),(192,205,2,'2011-06-05 19:41:21','2011-06-05 19:41:21'),(193,205,3,'2011-06-05 19:41:21','2011-06-05 19:41:21'),(194,205,4,'2011-06-05 19:41:21','2011-06-05 19:41:21'),(195,205,5,'2011-06-05 19:41:21','2011-06-05 19:41:21'),(196,205,6,'2011-06-05 19:41:21','2011-06-05 19:41:21'),(197,205,7,'2011-06-05 19:41:21','2011-06-05 19:41:21'),(198,205,8,'2011-06-05 19:41:21','2011-06-05 19:41:21'),(199,205,9,'2011-06-05 19:41:21','2011-06-05 19:41:21'),(200,205,10,'2011-06-05 19:41:21','2011-06-05 19:41:21'),(201,205,11,'2011-06-05 19:41:21','2011-06-05 19:41:21'),(202,205,12,'2011-06-05 19:41:21','2011-06-05 19:41:21'),(203,205,1,'2011-06-05 23:04:36','2011-06-05 23:04:36'),(204,205,2,'2011-06-05 23:04:37','2011-06-05 23:04:37'),(205,205,3,'2011-06-05 23:04:37','2011-06-05 23:04:37'),(206,205,4,'2011-06-05 23:04:37','2011-06-05 23:04:37'),(207,205,5,'2011-06-05 23:04:37','2011-06-05 23:04:37'),(208,205,6,'2011-06-05 23:04:37','2011-06-05 23:04:37'),(209,205,7,'2011-06-05 23:04:37','2011-06-05 23:04:37'),(210,205,8,'2011-06-05 23:04:37','2011-06-05 23:04:37'),(211,205,9,'2011-06-05 23:04:37','2011-06-05 23:04:37'),(212,205,10,'2011-06-05 23:04:37','2011-06-05 23:04:37'),(213,205,11,'2011-06-05 23:04:37','2011-06-05 23:04:37'),(214,205,12,'2011-06-05 23:04:37','2011-06-05 23:04:37'),(215,205,1,'2011-06-06 00:35:06','2011-06-06 00:35:06'),(216,205,2,'2011-06-06 00:35:06','2011-06-06 00:35:06'),(217,205,3,'2011-06-06 00:35:06','2011-06-06 00:35:06'),(218,205,4,'2011-06-06 00:35:06','2011-06-06 00:35:06'),(219,205,5,'2011-06-06 00:35:06','2011-06-06 00:35:06'),(220,205,6,'2011-06-06 00:35:06','2011-06-06 00:35:06'),(221,205,7,'2011-06-06 00:35:06','2011-06-06 00:35:06'),(222,205,8,'2011-06-06 00:35:06','2011-06-06 00:35:06'),(223,205,9,'2011-06-06 00:35:06','2011-06-06 00:35:06'),(224,205,10,'2011-06-06 00:35:06','2011-06-06 00:35:06'),(225,205,11,'2011-06-06 00:35:06','2011-06-06 00:35:06'),(226,205,12,'2011-06-06 00:35:06','2011-06-06 00:35:06'),(227,205,1,'2011-06-06 05:51:57','2011-06-06 05:51:57'),(228,205,2,'2011-06-06 05:51:58','2011-06-06 05:51:58'),(229,205,3,'2011-06-06 05:51:58','2011-06-06 05:51:58'),(230,205,4,'2011-06-06 05:51:58','2011-06-06 05:51:58'),(231,205,5,'2011-06-06 05:51:58','2011-06-06 05:51:58'),(232,205,6,'2011-06-06 05:51:58','2011-06-06 05:51:58'),(233,205,7,'2011-06-06 05:51:58','2011-06-06 05:51:58'),(234,205,8,'2011-06-06 05:51:58','2011-06-06 05:51:58'),(235,205,9,'2011-06-06 05:51:58','2011-06-06 05:51:58'),(236,205,10,'2011-06-06 05:51:58','2011-06-06 05:51:58'),(237,205,11,'2011-06-06 05:51:58','2011-06-06 05:51:58'),(238,205,12,'2011-06-06 05:51:58','2011-06-06 05:51:58'),(239,205,1,'2011-06-08 05:48:56','2011-06-08 05:48:56'),(240,205,2,'2011-06-08 05:48:56','2011-06-08 05:48:56'),(241,205,3,'2011-06-08 05:48:56','2011-06-08 05:48:56'),(242,205,4,'2011-06-08 05:48:56','2011-06-08 05:48:56'),(243,205,5,'2011-06-08 05:48:56','2011-06-08 05:48:56'),(244,205,6,'2011-06-08 05:48:56','2011-06-08 05:48:56'),(245,205,7,'2011-06-08 05:48:56','2011-06-08 05:48:56'),(246,205,8,'2011-06-08 05:48:56','2011-06-08 05:48:56'),(247,205,9,'2011-06-08 05:48:56','2011-06-08 05:48:56'),(248,205,10,'2011-06-08 05:48:56','2011-06-08 05:48:56'),(249,205,11,'2011-06-08 05:48:56','2011-06-08 05:48:56'),(250,205,12,'2011-06-08 05:48:56','2011-06-08 05:48:56'),(251,205,1,'2011-06-08 06:32:16','2011-06-08 06:32:16'),(252,205,2,'2011-06-08 06:32:16','2011-06-08 06:32:16'),(253,205,3,'2011-06-08 06:32:16','2011-06-08 06:32:16'),(254,205,4,'2011-06-08 06:32:16','2011-06-08 06:32:16'),(255,205,5,'2011-06-08 06:32:16','2011-06-08 06:32:16'),(256,205,6,'2011-06-08 06:32:16','2011-06-08 06:32:16'),(257,205,7,'2011-06-08 06:32:16','2011-06-08 06:32:16'),(258,205,8,'2011-06-08 06:32:16','2011-06-08 06:32:16'),(259,205,9,'2011-06-08 06:32:16','2011-06-08 06:32:16'),(260,205,10,'2011-06-08 06:32:16','2011-06-08 06:32:16'),(261,205,11,'2011-06-08 06:32:16','2011-06-08 06:32:16'),(262,205,12,'2011-06-08 06:32:16','2011-06-08 06:32:16'),(263,205,1,'2011-06-08 06:33:53','2011-06-08 06:33:53'),(264,205,2,'2011-06-08 06:33:53','2011-06-08 06:33:53'),(265,205,3,'2011-06-08 06:33:53','2011-06-08 06:33:53'),(266,205,4,'2011-06-08 06:33:53','2011-06-08 06:33:53'),(267,205,5,'2011-06-08 06:33:53','2011-06-08 06:33:53'),(268,205,6,'2011-06-08 06:33:53','2011-06-08 06:33:53'),(269,205,7,'2011-06-08 06:33:53','2011-06-08 06:33:53'),(270,205,8,'2011-06-08 06:33:53','2011-06-08 06:33:53'),(271,205,9,'2011-06-08 06:33:53','2011-06-08 06:33:53'),(272,205,10,'2011-06-08 06:33:53','2011-06-08 06:33:53'),(273,205,11,'2011-06-08 06:33:53','2011-06-08 06:33:53'),(274,205,12,'2011-06-08 06:33:53','2011-06-08 06:33:53'),(275,205,1,'2011-06-08 06:35:11','2011-06-08 06:35:11'),(276,205,2,'2011-06-08 06:35:12','2011-06-08 06:35:12'),(277,205,3,'2011-06-08 06:35:12','2011-06-08 06:35:12'),(278,205,4,'2011-06-08 06:35:12','2011-06-08 06:35:12'),(279,205,5,'2011-06-08 06:35:12','2011-06-08 06:35:12'),(280,205,6,'2011-06-08 06:35:12','2011-06-08 06:35:12'),(281,205,7,'2011-06-08 06:35:12','2011-06-08 06:35:12'),(282,205,8,'2011-06-08 06:35:12','2011-06-08 06:35:12'),(283,205,9,'2011-06-08 06:35:12','2011-06-08 06:35:12'),(284,205,10,'2011-06-08 06:35:12','2011-06-08 06:35:12'),(285,205,11,'2011-06-08 06:35:12','2011-06-08 06:35:12'),(286,205,12,'2011-06-08 06:35:12','2011-06-08 06:35:12'),(287,205,1,'2011-06-08 06:43:58','2011-06-08 06:43:58'),(288,205,2,'2011-06-08 06:43:58','2011-06-08 06:43:58'),(289,205,3,'2011-06-08 06:43:58','2011-06-08 06:43:58'),(290,205,4,'2011-06-08 06:43:58','2011-06-08 06:43:58'),(291,205,5,'2011-06-08 06:43:58','2011-06-08 06:43:58'),(292,205,6,'2011-06-08 06:43:58','2011-06-08 06:43:58'),(293,205,7,'2011-06-08 06:43:58','2011-06-08 06:43:58'),(294,205,8,'2011-06-08 06:43:58','2011-06-08 06:43:58'),(295,205,9,'2011-06-08 06:43:58','2011-06-08 06:43:58'),(296,205,10,'2011-06-08 06:43:58','2011-06-08 06:43:58'),(297,205,11,'2011-06-08 06:43:58','2011-06-08 06:43:58'),(298,205,12,'2011-06-08 06:43:58','2011-06-08 06:43:58'),(299,205,1,'2011-06-08 07:11:09','2011-06-08 07:11:09'),(300,205,2,'2011-06-08 07:11:10','2011-06-08 07:11:10'),(301,205,3,'2011-06-08 07:11:10','2011-06-08 07:11:10'),(302,205,4,'2011-06-08 07:11:10','2011-06-08 07:11:10'),(303,205,5,'2011-06-08 07:11:10','2011-06-08 07:11:10'),(304,205,6,'2011-06-08 07:11:10','2011-06-08 07:11:10'),(305,205,7,'2011-06-08 07:11:10','2011-06-08 07:11:10'),(306,205,8,'2011-06-08 07:11:10','2011-06-08 07:11:10'),(307,205,9,'2011-06-08 07:11:10','2011-06-08 07:11:10'),(308,205,10,'2011-06-08 07:11:10','2011-06-08 07:11:10'),(309,205,11,'2011-06-08 07:11:10','2011-06-08 07:11:10'),(310,205,12,'2011-06-08 07:11:10','2011-06-08 07:11:10'),(311,205,1,'2011-06-08 07:12:35','2011-06-08 07:12:35'),(312,205,2,'2011-06-08 07:12:35','2011-06-08 07:12:35'),(313,205,3,'2011-06-08 07:12:35','2011-06-08 07:12:35'),(314,205,4,'2011-06-08 07:12:35','2011-06-08 07:12:35'),(315,205,5,'2011-06-08 07:12:35','2011-06-08 07:12:35'),(316,205,6,'2011-06-08 07:12:35','2011-06-08 07:12:35'),(317,205,7,'2011-06-08 07:12:35','2011-06-08 07:12:35'),(318,205,8,'2011-06-08 07:12:35','2011-06-08 07:12:35'),(319,205,9,'2011-06-08 07:12:35','2011-06-08 07:12:35'),(320,205,10,'2011-06-08 07:12:35','2011-06-08 07:12:35'),(321,205,11,'2011-06-08 07:12:35','2011-06-08 07:12:35'),(322,205,12,'2011-06-08 07:12:35','2011-06-08 07:12:35'),(323,205,1,'2011-06-08 07:20:03','2011-06-08 07:20:03'),(324,205,2,'2011-06-08 07:20:03','2011-06-08 07:20:03'),(325,205,3,'2011-06-08 07:20:03','2011-06-08 07:20:03'),(326,205,4,'2011-06-08 07:20:03','2011-06-08 07:20:03'),(327,205,5,'2011-06-08 07:20:03','2011-06-08 07:20:03'),(328,205,6,'2011-06-08 07:20:03','2011-06-08 07:20:03'),(329,205,7,'2011-06-08 07:20:03','2011-06-08 07:20:03'),(330,205,8,'2011-06-08 07:20:03','2011-06-08 07:20:03'),(331,205,9,'2011-06-08 07:20:03','2011-06-08 07:20:03'),(332,205,10,'2011-06-08 07:20:03','2011-06-08 07:20:03'),(333,205,11,'2011-06-08 07:20:03','2011-06-08 07:20:03'),(334,205,12,'2011-06-08 07:20:03','2011-06-08 07:20:03'),(335,205,1,'2011-06-10 05:53:41','2011-06-10 05:53:41'),(336,205,2,'2011-06-10 05:53:42','2011-06-10 05:53:42'),(337,205,3,'2011-06-10 05:53:42','2011-06-10 05:53:42'),(338,205,4,'2011-06-10 05:53:42','2011-06-10 05:53:42'),(339,205,5,'2011-06-10 05:53:42','2011-06-10 05:53:42'),(340,205,6,'2011-06-10 05:53:42','2011-06-10 05:53:42'),(341,205,7,'2011-06-10 05:53:42','2011-06-10 05:53:42'),(342,205,8,'2011-06-10 05:53:42','2011-06-10 05:53:42'),(343,205,9,'2011-06-10 05:53:42','2011-06-10 05:53:42'),(344,205,10,'2011-06-10 05:53:42','2011-06-10 05:53:42'),(345,205,11,'2011-06-10 05:53:42','2011-06-10 05:53:42'),(346,205,12,'2011-06-10 05:53:42','2011-06-10 05:53:42'),(347,205,1,'2011-06-10 07:57:24','2011-06-10 07:57:24'),(348,205,2,'2011-06-10 07:57:24','2011-06-10 07:57:24'),(349,205,3,'2011-06-10 07:57:24','2011-06-10 07:57:24'),(350,205,4,'2011-06-10 07:57:24','2011-06-10 07:57:24'),(351,205,5,'2011-06-10 07:57:24','2011-06-10 07:57:24'),(352,205,6,'2011-06-10 07:57:24','2011-06-10 07:57:24'),(353,205,7,'2011-06-10 07:57:24','2011-06-10 07:57:24'),(354,205,8,'2011-06-10 07:57:24','2011-06-10 07:57:24'),(355,205,9,'2011-06-10 07:57:24','2011-06-10 07:57:24'),(356,205,10,'2011-06-10 07:57:24','2011-06-10 07:57:24'),(357,205,11,'2011-06-10 07:57:24','2011-06-10 07:57:24'),(358,205,12,'2011-06-10 07:57:24','2011-06-10 07:57:24'),(359,205,1,'2011-06-10 16:46:30','2011-06-10 16:46:30'),(360,205,2,'2011-06-10 16:46:30','2011-06-10 16:46:30'),(361,205,3,'2011-06-10 16:46:30','2011-06-10 16:46:30'),(362,205,4,'2011-06-10 16:46:30','2011-06-10 16:46:30'),(363,205,5,'2011-06-10 16:46:30','2011-06-10 16:46:30'),(364,205,6,'2011-06-10 16:46:30','2011-06-10 16:46:30'),(365,205,7,'2011-06-10 16:46:30','2011-06-10 16:46:30'),(366,205,8,'2011-06-10 16:46:30','2011-06-10 16:46:30'),(367,205,9,'2011-06-10 16:46:30','2011-06-10 16:46:30'),(368,205,10,'2011-06-10 16:46:30','2011-06-10 16:46:30'),(369,205,11,'2011-06-10 16:46:30','2011-06-10 16:46:30'),(370,205,12,'2011-06-10 16:46:30','2011-06-10 16:46:30'),(371,205,1,'2011-06-10 18:49:03','2011-06-10 18:49:03'),(372,205,2,'2011-06-10 18:49:04','2011-06-10 18:49:04'),(373,205,3,'2011-06-10 18:49:04','2011-06-10 18:49:04'),(374,205,4,'2011-06-10 18:49:04','2011-06-10 18:49:04'),(375,205,5,'2011-06-10 18:49:04','2011-06-10 18:49:04'),(376,205,6,'2011-06-10 18:49:04','2011-06-10 18:49:04'),(377,205,7,'2011-06-10 18:49:04','2011-06-10 18:49:04'),(378,205,8,'2011-06-10 18:49:04','2011-06-10 18:49:04'),(379,205,9,'2011-06-10 18:49:04','2011-06-10 18:49:04'),(380,205,10,'2011-06-10 18:49:04','2011-06-10 18:49:04'),(381,205,11,'2011-06-10 18:49:04','2011-06-10 18:49:04'),(382,205,12,'2011-06-10 18:49:04','2011-06-10 18:49:04'),(383,205,1,'2011-06-10 18:50:00','2011-06-10 18:50:00'),(384,205,2,'2011-06-10 18:50:01','2011-06-10 18:50:01'),(385,205,3,'2011-06-10 18:50:01','2011-06-10 18:50:01'),(386,205,4,'2011-06-10 18:50:01','2011-06-10 18:50:01'),(387,205,5,'2011-06-10 18:50:01','2011-06-10 18:50:01'),(388,205,6,'2011-06-10 18:50:01','2011-06-10 18:50:01'),(389,205,7,'2011-06-10 18:50:01','2011-06-10 18:50:01'),(390,205,8,'2011-06-10 18:50:01','2011-06-10 18:50:01'),(391,205,9,'2011-06-10 18:50:01','2011-06-10 18:50:01'),(392,205,10,'2011-06-10 18:50:01','2011-06-10 18:50:01'),(393,205,11,'2011-06-10 18:50:01','2011-06-10 18:50:01'),(394,205,12,'2011-06-10 18:50:01','2011-06-10 18:50:01'),(395,205,1,'2011-06-10 19:05:29','2011-06-10 19:05:29'),(396,205,2,'2011-06-10 19:05:29','2011-06-10 19:05:29'),(397,205,3,'2011-06-10 19:05:29','2011-06-10 19:05:29'),(398,205,4,'2011-06-10 19:05:29','2011-06-10 19:05:29'),(399,205,5,'2011-06-10 19:05:29','2011-06-10 19:05:29'),(400,205,6,'2011-06-10 19:05:29','2011-06-10 19:05:29'),(401,205,7,'2011-06-10 19:05:29','2011-06-10 19:05:29'),(402,205,8,'2011-06-10 19:05:29','2011-06-10 19:05:29'),(403,205,9,'2011-06-10 19:05:29','2011-06-10 19:05:29'),(404,205,10,'2011-06-10 19:05:29','2011-06-10 19:05:29'),(405,205,11,'2011-06-10 19:05:29','2011-06-10 19:05:29'),(406,205,12,'2011-06-10 19:05:29','2011-06-10 19:05:29'),(407,205,1,'2011-06-10 21:46:11','2011-06-10 21:46:11'),(408,205,2,'2011-06-10 21:46:11','2011-06-10 21:46:11'),(409,205,3,'2011-06-10 21:46:11','2011-06-10 21:46:11'),(410,205,4,'2011-06-10 21:46:11','2011-06-10 21:46:11'),(411,205,5,'2011-06-10 21:46:11','2011-06-10 21:46:11'),(412,205,6,'2011-06-10 21:46:11','2011-06-10 21:46:11'),(413,205,7,'2011-06-10 21:46:11','2011-06-10 21:46:11'),(414,205,8,'2011-06-10 21:46:11','2011-06-10 21:46:11'),(415,205,9,'2011-06-10 21:46:11','2011-06-10 21:46:11'),(416,205,10,'2011-06-10 21:46:11','2011-06-10 21:46:11'),(417,205,11,'2011-06-10 21:46:11','2011-06-10 21:46:11'),(418,205,12,'2011-06-10 21:46:11','2011-06-10 21:46:11'),(419,205,1,'2011-06-11 09:14:19','2011-06-11 09:14:19'),(420,205,2,'2011-06-11 09:14:19','2011-06-11 09:14:19'),(421,205,3,'2011-06-11 09:14:19','2011-06-11 09:14:19'),(422,205,4,'2011-06-11 09:14:19','2011-06-11 09:14:19'),(423,205,5,'2011-06-11 09:14:19','2011-06-11 09:14:19'),(424,205,6,'2011-06-11 09:14:19','2011-06-11 09:14:19'),(425,205,7,'2011-06-11 09:14:19','2011-06-11 09:14:19'),(426,205,8,'2011-06-11 09:14:19','2011-06-11 09:14:19'),(427,205,9,'2011-06-11 09:14:19','2011-06-11 09:14:19'),(428,205,10,'2011-06-11 09:14:19','2011-06-11 09:14:19'),(429,205,11,'2011-06-11 09:14:19','2011-06-11 09:14:19'),(430,205,12,'2011-06-11 09:14:19','2011-06-11 09:14:19'),(431,205,1,'2011-06-11 19:27:22','2011-06-11 19:27:22'),(432,205,2,'2011-06-11 19:27:23','2011-06-11 19:27:23'),(433,205,3,'2011-06-11 19:27:23','2011-06-11 19:27:23'),(434,205,4,'2011-06-11 19:27:23','2011-06-11 19:27:23'),(435,205,5,'2011-06-11 19:27:23','2011-06-11 19:27:23'),(436,205,6,'2011-06-11 19:27:23','2011-06-11 19:27:23'),(437,205,7,'2011-06-11 19:27:23','2011-06-11 19:27:23'),(438,205,8,'2011-06-11 19:27:23','2011-06-11 19:27:23'),(439,205,9,'2011-06-11 19:27:23','2011-06-11 19:27:23'),(440,205,10,'2011-06-11 19:27:23','2011-06-11 19:27:23'),(441,205,11,'2011-06-11 19:27:23','2011-06-11 19:27:23'),(442,205,12,'2011-06-11 19:27:23','2011-06-11 19:27:23'),(443,205,1,'2011-06-11 22:32:52','2011-06-11 22:32:52'),(444,205,2,'2011-06-11 22:32:52','2011-06-11 22:32:52'),(445,205,3,'2011-06-11 22:32:52','2011-06-11 22:32:52'),(446,205,4,'2011-06-11 22:32:52','2011-06-11 22:32:52'),(447,205,5,'2011-06-11 22:32:52','2011-06-11 22:32:52'),(448,205,6,'2011-06-11 22:32:52','2011-06-11 22:32:52'),(449,205,7,'2011-06-11 22:32:52','2011-06-11 22:32:52'),(450,205,8,'2011-06-11 22:32:52','2011-06-11 22:32:52'),(451,205,9,'2011-06-11 22:32:52','2011-06-11 22:32:52'),(452,205,10,'2011-06-11 22:32:52','2011-06-11 22:32:52'),(453,205,11,'2011-06-11 22:32:52','2011-06-11 22:32:52'),(454,205,12,'2011-06-11 22:32:52','2011-06-11 22:32:52'),(455,205,1,'2011-06-11 23:32:34','2011-06-11 23:32:34'),(456,205,2,'2011-06-11 23:32:34','2011-06-11 23:32:34'),(457,205,3,'2011-06-11 23:32:35','2011-06-11 23:32:35'),(458,205,4,'2011-06-11 23:32:35','2011-06-11 23:32:35'),(459,205,5,'2011-06-11 23:32:35','2011-06-11 23:32:35'),(460,205,6,'2011-06-11 23:32:35','2011-06-11 23:32:35'),(461,205,7,'2011-06-11 23:32:35','2011-06-11 23:32:35'),(462,205,8,'2011-06-11 23:32:35','2011-06-11 23:32:35'),(463,205,9,'2011-06-11 23:32:35','2011-06-11 23:32:35'),(464,205,10,'2011-06-11 23:32:35','2011-06-11 23:32:35'),(465,205,11,'2011-06-11 23:32:35','2011-06-11 23:32:35'),(466,205,12,'2011-06-11 23:32:35','2011-06-11 23:32:35'),(467,205,1,'2011-06-12 02:56:30','2011-06-12 02:56:30'),(468,205,2,'2011-06-12 02:56:30','2011-06-12 02:56:30'),(469,205,3,'2011-06-12 02:56:30','2011-06-12 02:56:30'),(470,205,4,'2011-06-12 02:56:30','2011-06-12 02:56:30'),(471,205,5,'2011-06-12 02:56:30','2011-06-12 02:56:30'),(472,205,6,'2011-06-12 02:56:30','2011-06-12 02:56:30'),(473,205,7,'2011-06-12 02:56:30','2011-06-12 02:56:30'),(474,205,8,'2011-06-12 02:56:30','2011-06-12 02:56:30'),(475,205,9,'2011-06-12 02:56:30','2011-06-12 02:56:30'),(476,205,10,'2011-06-12 02:56:30','2011-06-12 02:56:30'),(477,205,11,'2011-06-12 02:56:30','2011-06-12 02:56:30'),(478,205,12,'2011-06-12 02:56:30','2011-06-12 02:56:30'),(479,205,1,'2011-06-12 05:17:38','2011-06-12 05:17:38'),(480,205,2,'2011-06-12 05:17:38','2011-06-12 05:17:38'),(481,205,3,'2011-06-12 05:17:38','2011-06-12 05:17:38'),(482,205,4,'2011-06-12 05:17:38','2011-06-12 05:17:38'),(483,205,5,'2011-06-12 05:17:38','2011-06-12 05:17:38'),(484,205,6,'2011-06-12 05:17:38','2011-06-12 05:17:38'),(485,205,7,'2011-06-12 05:17:38','2011-06-12 05:17:38'),(486,205,8,'2011-06-12 05:17:38','2011-06-12 05:17:38'),(487,205,9,'2011-06-12 05:17:38','2011-06-12 05:17:38'),(488,205,10,'2011-06-12 05:17:38','2011-06-12 05:17:38'),(489,205,11,'2011-06-12 05:17:38','2011-06-12 05:17:38'),(490,205,12,'2011-06-12 05:17:38','2011-06-12 05:17:38'),(491,205,1,'2011-06-12 05:20:59','2011-06-12 05:20:59'),(492,205,2,'2011-06-12 05:20:59','2011-06-12 05:20:59'),(493,205,3,'2011-06-12 05:20:59','2011-06-12 05:20:59'),(494,205,4,'2011-06-12 05:20:59','2011-06-12 05:20:59'),(495,205,5,'2011-06-12 05:20:59','2011-06-12 05:20:59'),(496,205,6,'2011-06-12 05:20:59','2011-06-12 05:20:59'),(497,205,7,'2011-06-12 05:20:59','2011-06-12 05:20:59'),(498,205,8,'2011-06-12 05:20:59','2011-06-12 05:20:59'),(499,205,9,'2011-06-12 05:20:59','2011-06-12 05:20:59'),(500,205,10,'2011-06-12 05:20:59','2011-06-12 05:20:59'),(501,205,11,'2011-06-12 05:20:59','2011-06-12 05:20:59'),(502,205,12,'2011-06-12 05:20:59','2011-06-12 05:20:59'),(503,183,1,'2011-06-12 06:03:07','2011-06-12 06:03:07'),(504,183,2,'2011-06-12 06:03:07','2011-06-12 06:03:07'),(505,183,3,'2011-06-12 06:03:07','2011-06-12 06:03:07'),(506,183,4,'2011-06-12 06:03:07','2011-06-12 06:03:07'),(507,183,5,'2011-06-12 06:03:07','2011-06-12 06:03:07'),(508,183,6,'2011-06-12 06:03:07','2011-06-12 06:03:07'),(509,183,7,'2011-06-12 06:03:07','2011-06-12 06:03:07'),(510,183,8,'2011-06-12 06:03:07','2011-06-12 06:03:07'),(511,183,9,'2011-06-12 06:03:07','2011-06-12 06:03:07'),(512,183,10,'2011-06-12 06:03:07','2011-06-12 06:03:07'),(513,183,11,'2011-06-12 06:03:07','2011-06-12 06:03:07'),(514,183,12,'2011-06-12 06:03:07','2011-06-12 06:03:07'),(515,183,1,'2011-06-12 06:03:48','2011-06-12 06:03:48'),(516,183,2,'2011-06-12 06:03:48','2011-06-12 06:03:48'),(517,183,3,'2011-06-12 06:03:48','2011-06-12 06:03:48'),(518,183,4,'2011-06-12 06:03:48','2011-06-12 06:03:48'),(519,183,5,'2011-06-12 06:03:48','2011-06-12 06:03:48'),(520,183,6,'2011-06-12 06:03:48','2011-06-12 06:03:48'),(521,183,7,'2011-06-12 06:03:48','2011-06-12 06:03:48'),(522,183,8,'2011-06-12 06:03:48','2011-06-12 06:03:48'),(523,183,9,'2011-06-12 06:03:48','2011-06-12 06:03:48'),(524,183,10,'2011-06-12 06:03:48','2011-06-12 06:03:48'),(525,183,11,'2011-06-12 06:03:48','2011-06-12 06:03:48'),(526,183,12,'2011-06-12 06:03:48','2011-06-12 06:03:48'),(527,183,1,'2011-06-12 06:07:10','2011-06-12 06:07:10'),(528,183,2,'2011-06-12 06:07:10','2011-06-12 06:07:10'),(529,183,3,'2011-06-12 06:07:10','2011-06-12 06:07:10'),(530,183,4,'2011-06-12 06:07:10','2011-06-12 06:07:10'),(531,183,5,'2011-06-12 06:07:10','2011-06-12 06:07:10'),(532,183,6,'2011-06-12 06:07:10','2011-06-12 06:07:10'),(533,183,7,'2011-06-12 06:07:10','2011-06-12 06:07:10'),(534,183,8,'2011-06-12 06:07:10','2011-06-12 06:07:10'),(535,183,9,'2011-06-12 06:07:10','2011-06-12 06:07:10'),(536,183,10,'2011-06-12 06:07:10','2011-06-12 06:07:10'),(537,183,11,'2011-06-12 06:07:10','2011-06-12 06:07:10'),(538,183,12,'2011-06-12 06:07:10','2011-06-12 06:07:10'),(539,183,1,'2011-06-12 07:41:25','2011-06-12 07:41:25'),(540,183,2,'2011-06-12 07:41:25','2011-06-12 07:41:25'),(541,183,3,'2011-06-12 07:41:25','2011-06-12 07:41:25'),(542,183,4,'2011-06-12 07:41:25','2011-06-12 07:41:25'),(543,183,5,'2011-06-12 07:41:25','2011-06-12 07:41:25'),(544,183,6,'2011-06-12 07:41:25','2011-06-12 07:41:25'),(545,183,7,'2011-06-12 07:41:25','2011-06-12 07:41:25'),(546,183,8,'2011-06-12 07:41:25','2011-06-12 07:41:25'),(547,183,9,'2011-06-12 07:41:25','2011-06-12 07:41:25'),(548,183,10,'2011-06-12 07:41:25','2011-06-12 07:41:25'),(549,183,11,'2011-06-12 07:41:25','2011-06-12 07:41:25'),(550,183,12,'2011-06-12 07:41:25','2011-06-12 07:41:25'),(551,205,1,'2011-06-12 07:41:38','2011-06-12 07:41:38'),(552,205,2,'2011-06-12 07:41:38','2011-06-12 07:41:38'),(553,205,3,'2011-06-12 07:41:38','2011-06-12 07:41:38'),(554,205,4,'2011-06-12 07:41:38','2011-06-12 07:41:38'),(555,205,5,'2011-06-12 07:41:38','2011-06-12 07:41:38'),(556,205,6,'2011-06-12 07:41:38','2011-06-12 07:41:38'),(557,205,7,'2011-06-12 07:41:38','2011-06-12 07:41:38'),(558,205,8,'2011-06-12 07:41:38','2011-06-12 07:41:38'),(559,205,9,'2011-06-12 07:41:38','2011-06-12 07:41:38'),(560,205,10,'2011-06-12 07:41:38','2011-06-12 07:41:38'),(561,205,11,'2011-06-12 07:41:38','2011-06-12 07:41:38'),(562,205,12,'2011-06-12 07:41:38','2011-06-12 07:41:38'),(563,183,1,'2011-06-12 08:09:22','2011-06-12 08:09:22'),(564,183,2,'2011-06-12 08:09:22','2011-06-12 08:09:22'),(565,183,3,'2011-06-12 08:09:22','2011-06-12 08:09:22'),(566,183,4,'2011-06-12 08:09:22','2011-06-12 08:09:22'),(567,183,5,'2011-06-12 08:09:22','2011-06-12 08:09:22'),(568,183,6,'2011-06-12 08:09:22','2011-06-12 08:09:22'),(569,183,7,'2011-06-12 08:09:22','2011-06-12 08:09:22'),(570,183,8,'2011-06-12 08:09:22','2011-06-12 08:09:22'),(571,183,9,'2011-06-12 08:09:22','2011-06-12 08:09:22'),(572,183,10,'2011-06-12 08:09:22','2011-06-12 08:09:22'),(573,183,11,'2011-06-12 08:09:22','2011-06-12 08:09:22'),(574,183,12,'2011-06-12 08:09:22','2011-06-12 08:09:22'),(575,183,1,'2011-06-12 08:18:52','2011-06-12 08:18:52'),(576,183,2,'2011-06-12 08:18:53','2011-06-12 08:18:53'),(577,183,3,'2011-06-12 08:18:53','2011-06-12 08:18:53'),(578,183,4,'2011-06-12 08:18:53','2011-06-12 08:18:53'),(579,183,5,'2011-06-12 08:18:53','2011-06-12 08:18:53'),(580,183,6,'2011-06-12 08:18:53','2011-06-12 08:18:53'),(581,183,7,'2011-06-12 08:18:53','2011-06-12 08:18:53'),(582,183,8,'2011-06-12 08:18:53','2011-06-12 08:18:53'),(583,183,9,'2011-06-12 08:18:53','2011-06-12 08:18:53'),(584,183,10,'2011-06-12 08:18:53','2011-06-12 08:18:53'),(585,183,11,'2011-06-12 08:18:53','2011-06-12 08:18:53'),(586,183,12,'2011-06-12 08:18:53','2011-06-12 08:18:53'),(587,205,1,'2011-06-12 18:03:28','2011-06-12 18:03:28'),(588,205,2,'2011-06-12 18:03:28','2011-06-12 18:03:28'),(589,205,3,'2011-06-12 18:03:28','2011-06-12 18:03:28'),(590,205,4,'2011-06-12 18:03:28','2011-06-12 18:03:28'),(591,205,5,'2011-06-12 18:03:28','2011-06-12 18:03:28'),(592,205,6,'2011-06-12 18:03:28','2011-06-12 18:03:28'),(593,205,7,'2011-06-12 18:03:28','2011-06-12 18:03:28'),(594,205,8,'2011-06-12 18:03:28','2011-06-12 18:03:28'),(595,205,9,'2011-06-12 18:03:28','2011-06-12 18:03:28'),(596,205,10,'2011-06-12 18:03:28','2011-06-12 18:03:28'),(597,205,11,'2011-06-12 18:03:28','2011-06-12 18:03:28'),(598,205,12,'2011-06-12 18:03:28','2011-06-12 18:03:28'),(599,205,1,'2011-06-12 18:08:34','2011-06-12 18:08:34'),(600,205,2,'2011-06-12 18:08:35','2011-06-12 18:08:35'),(601,205,3,'2011-06-12 18:08:35','2011-06-12 18:08:35'),(602,205,4,'2011-06-12 18:08:35','2011-06-12 18:08:35'),(603,205,5,'2011-06-12 18:08:35','2011-06-12 18:08:35'),(604,205,6,'2011-06-12 18:08:35','2011-06-12 18:08:35'),(605,205,7,'2011-06-12 18:08:35','2011-06-12 18:08:35'),(606,205,8,'2011-06-12 18:08:35','2011-06-12 18:08:35'),(607,205,9,'2011-06-12 18:08:35','2011-06-12 18:08:35'),(608,205,10,'2011-06-12 18:08:35','2011-06-12 18:08:35'),(609,205,11,'2011-06-12 18:08:35','2011-06-12 18:08:35'),(610,205,12,'2011-06-12 18:08:35','2011-06-12 18:08:35'),(611,227,1,'2011-06-12 18:43:25','2011-06-12 18:43:25'),(612,227,2,'2011-06-12 18:43:25','2011-06-12 18:43:25'),(613,227,3,'2011-06-12 18:43:25','2011-06-12 18:43:25'),(614,227,4,'2011-06-12 18:43:25','2011-06-12 18:43:25'),(615,227,5,'2011-06-12 18:43:25','2011-06-12 18:43:25'),(616,227,6,'2011-06-12 18:43:25','2011-06-12 18:43:25'),(617,227,7,'2011-06-12 18:43:25','2011-06-12 18:43:25'),(618,227,8,'2011-06-12 18:43:25','2011-06-12 18:43:25'),(619,227,9,'2011-06-12 18:43:25','2011-06-12 18:43:25'),(620,227,10,'2011-06-12 18:43:25','2011-06-12 18:43:25'),(621,227,11,'2011-06-12 18:43:25','2011-06-12 18:43:25'),(622,227,12,'2011-06-12 18:43:25','2011-06-12 18:43:25'),(623,227,1,'2011-06-12 18:43:25','2011-06-12 18:43:25'),(624,227,2,'2011-06-12 18:43:25','2011-06-12 18:43:25'),(625,227,3,'2011-06-12 18:43:25','2011-06-12 18:43:25'),(626,227,4,'2011-06-12 18:43:25','2011-06-12 18:43:25'),(627,227,5,'2011-06-12 18:43:25','2011-06-12 18:43:25'),(628,227,6,'2011-06-12 18:43:25','2011-06-12 18:43:25'),(629,227,7,'2011-06-12 18:43:25','2011-06-12 18:43:25'),(630,227,8,'2011-06-12 18:43:25','2011-06-12 18:43:25'),(631,227,9,'2011-06-12 18:43:25','2011-06-12 18:43:25'),(632,227,10,'2011-06-12 18:43:25','2011-06-12 18:43:25'),(633,227,11,'2011-06-12 18:43:25','2011-06-12 18:43:25'),(634,227,12,'2011-06-12 18:43:25','2011-06-12 18:43:25'),(635,227,1,'2011-06-12 18:44:11','2011-06-12 18:44:11'),(636,227,2,'2011-06-12 18:44:11','2011-06-12 18:44:11'),(637,227,3,'2011-06-12 18:44:11','2011-06-12 18:44:11'),(638,227,4,'2011-06-12 18:44:11','2011-06-12 18:44:11'),(639,227,5,'2011-06-12 18:44:11','2011-06-12 18:44:11'),(640,227,6,'2011-06-12 18:44:11','2011-06-12 18:44:11'),(641,227,7,'2011-06-12 18:44:11','2011-06-12 18:44:11'),(642,227,8,'2011-06-12 18:44:11','2011-06-12 18:44:11'),(643,227,9,'2011-06-12 18:44:11','2011-06-12 18:44:11'),(644,227,10,'2011-06-12 18:44:11','2011-06-12 18:44:11'),(645,227,11,'2011-06-12 18:44:11','2011-06-12 18:44:11'),(646,227,12,'2011-06-12 18:44:11','2011-06-12 18:44:11'),(647,227,1,'2011-06-12 18:44:31','2011-06-12 18:44:31'),(648,227,2,'2011-06-12 18:44:31','2011-06-12 18:44:31'),(649,227,3,'2011-06-12 18:44:31','2011-06-12 18:44:31'),(650,227,4,'2011-06-12 18:44:31','2011-06-12 18:44:31'),(651,227,5,'2011-06-12 18:44:31','2011-06-12 18:44:31'),(652,227,6,'2011-06-12 18:44:31','2011-06-12 18:44:31'),(653,227,7,'2011-06-12 18:44:31','2011-06-12 18:44:31'),(654,227,8,'2011-06-12 18:44:31','2011-06-12 18:44:31'),(655,227,9,'2011-06-12 18:44:31','2011-06-12 18:44:31'),(656,227,10,'2011-06-12 18:44:31','2011-06-12 18:44:31'),(657,227,11,'2011-06-12 18:44:31','2011-06-12 18:44:31'),(658,227,12,'2011-06-12 18:44:31','2011-06-12 18:44:31'),(659,227,1,'2011-06-12 18:45:05','2011-06-12 18:45:05'),(660,227,2,'2011-06-12 18:45:05','2011-06-12 18:45:05'),(661,227,3,'2011-06-12 18:45:05','2011-06-12 18:45:05'),(662,227,4,'2011-06-12 18:45:05','2011-06-12 18:45:05'),(663,227,5,'2011-06-12 18:45:05','2011-06-12 18:45:05'),(664,227,6,'2011-06-12 18:45:05','2011-06-12 18:45:05'),(665,227,7,'2011-06-12 18:45:05','2011-06-12 18:45:05'),(666,227,8,'2011-06-12 18:45:05','2011-06-12 18:45:05'),(667,227,9,'2011-06-12 18:45:05','2011-06-12 18:45:05'),(668,227,10,'2011-06-12 18:45:05','2011-06-12 18:45:05'),(669,227,11,'2011-06-12 18:45:05','2011-06-12 18:45:05'),(670,227,12,'2011-06-12 18:45:05','2011-06-12 18:45:05'),(671,227,1,'2011-06-12 19:00:15','2011-06-12 19:00:15'),(672,227,2,'2011-06-12 19:00:15','2011-06-12 19:00:15'),(673,227,3,'2011-06-12 19:00:15','2011-06-12 19:00:15'),(674,227,4,'2011-06-12 19:00:15','2011-06-12 19:00:15'),(675,227,5,'2011-06-12 19:00:15','2011-06-12 19:00:15'),(676,227,6,'2011-06-12 19:00:15','2011-06-12 19:00:15'),(677,227,7,'2011-06-12 19:00:15','2011-06-12 19:00:15'),(678,227,8,'2011-06-12 19:00:15','2011-06-12 19:00:15'),(679,227,9,'2011-06-12 19:00:15','2011-06-12 19:00:15'),(680,227,10,'2011-06-12 19:00:15','2011-06-12 19:00:15'),(681,227,11,'2011-06-12 19:00:15','2011-06-12 19:00:15'),(682,227,12,'2011-06-12 19:00:15','2011-06-12 19:00:15'),(683,205,1,'2011-06-12 19:25:29','2011-06-12 19:25:29'),(684,205,2,'2011-06-12 19:25:29','2011-06-12 19:25:29'),(685,205,3,'2011-06-12 19:25:29','2011-06-12 19:25:29'),(686,205,4,'2011-06-12 19:25:29','2011-06-12 19:25:29'),(687,205,5,'2011-06-12 19:25:29','2011-06-12 19:25:29'),(688,205,6,'2011-06-12 19:25:29','2011-06-12 19:25:29'),(689,205,7,'2011-06-12 19:25:29','2011-06-12 19:25:29'),(690,205,8,'2011-06-12 19:25:29','2011-06-12 19:25:29'),(691,205,9,'2011-06-12 19:25:29','2011-06-12 19:25:29'),(692,205,10,'2011-06-12 19:25:29','2011-06-12 19:25:29'),(693,205,11,'2011-06-12 19:25:29','2011-06-12 19:25:29'),(694,205,12,'2011-06-12 19:25:29','2011-06-12 19:25:29'),(695,205,1,'2011-06-12 19:55:02','2011-06-12 19:55:02'),(696,205,2,'2011-06-12 19:55:02','2011-06-12 19:55:02'),(697,205,3,'2011-06-12 19:55:02','2011-06-12 19:55:02'),(698,205,4,'2011-06-12 19:55:02','2011-06-12 19:55:02'),(699,205,5,'2011-06-12 19:55:02','2011-06-12 19:55:02'),(700,205,6,'2011-06-12 19:55:02','2011-06-12 19:55:02'),(701,205,7,'2011-06-12 19:55:02','2011-06-12 19:55:02'),(702,205,8,'2011-06-12 19:55:02','2011-06-12 19:55:02'),(703,205,9,'2011-06-12 19:55:02','2011-06-12 19:55:02'),(704,205,10,'2011-06-12 19:55:02','2011-06-12 19:55:02'),(705,205,11,'2011-06-12 19:55:02','2011-06-12 19:55:02'),(706,205,12,'2011-06-12 19:55:02','2011-06-12 19:55:02'),(707,205,1,'2011-06-12 19:55:42','2011-06-12 19:55:42'),(708,205,2,'2011-06-12 19:55:42','2011-06-12 19:55:42'),(709,205,3,'2011-06-12 19:55:42','2011-06-12 19:55:42'),(710,205,4,'2011-06-12 19:55:42','2011-06-12 19:55:42'),(711,205,5,'2011-06-12 19:55:42','2011-06-12 19:55:42'),(712,205,6,'2011-06-12 19:55:42','2011-06-12 19:55:42'),(713,205,7,'2011-06-12 19:55:42','2011-06-12 19:55:42'),(714,205,8,'2011-06-12 19:55:42','2011-06-12 19:55:42'),(715,205,9,'2011-06-12 19:55:42','2011-06-12 19:55:42'),(716,205,10,'2011-06-12 19:55:42','2011-06-12 19:55:42'),(717,205,11,'2011-06-12 19:55:42','2011-06-12 19:55:42'),(718,205,12,'2011-06-12 19:55:42','2011-06-12 19:55:42'),(719,205,1,'2011-06-12 20:45:00','2011-06-12 20:45:00'),(720,205,2,'2011-06-12 20:45:00','2011-06-12 20:45:00'),(721,205,3,'2011-06-12 20:45:00','2011-06-12 20:45:00'),(722,205,4,'2011-06-12 20:45:00','2011-06-12 20:45:00'),(723,205,5,'2011-06-12 20:45:00','2011-06-12 20:45:00'),(724,205,6,'2011-06-12 20:45:00','2011-06-12 20:45:00'),(725,205,7,'2011-06-12 20:45:00','2011-06-12 20:45:00'),(726,205,8,'2011-06-12 20:45:00','2011-06-12 20:45:00'),(727,205,9,'2011-06-12 20:45:00','2011-06-12 20:45:00'),(728,205,10,'2011-06-12 20:45:00','2011-06-12 20:45:00'),(729,205,11,'2011-06-12 20:45:00','2011-06-12 20:45:00'),(730,205,12,'2011-06-12 20:45:00','2011-06-12 20:45:00'),(731,205,1,'2011-06-12 20:45:29','2011-06-12 20:45:29'),(732,205,2,'2011-06-12 20:45:29','2011-06-12 20:45:29'),(733,205,3,'2011-06-12 20:45:29','2011-06-12 20:45:29'),(734,205,4,'2011-06-12 20:45:29','2011-06-12 20:45:29'),(735,205,5,'2011-06-12 20:45:29','2011-06-12 20:45:29'),(736,205,6,'2011-06-12 20:45:29','2011-06-12 20:45:29'),(737,205,7,'2011-06-12 20:45:29','2011-06-12 20:45:29'),(738,205,8,'2011-06-12 20:45:29','2011-06-12 20:45:29'),(739,205,9,'2011-06-12 20:45:29','2011-06-12 20:45:29'),(740,205,10,'2011-06-12 20:45:29','2011-06-12 20:45:29'),(741,205,11,'2011-06-12 20:45:29','2011-06-12 20:45:29'),(742,205,12,'2011-06-12 20:45:29','2011-06-12 20:45:29'),(743,205,1,'2011-06-13 08:13:17','2011-06-13 08:13:17'),(744,205,2,'2011-06-13 08:13:17','2011-06-13 08:13:17'),(745,205,3,'2011-06-13 08:13:17','2011-06-13 08:13:17'),(746,205,4,'2011-06-13 08:13:17','2011-06-13 08:13:17'),(747,205,5,'2011-06-13 08:13:17','2011-06-13 08:13:17'),(748,205,6,'2011-06-13 08:13:17','2011-06-13 08:13:17'),(749,205,7,'2011-06-13 08:13:17','2011-06-13 08:13:17'),(750,205,8,'2011-06-13 08:13:17','2011-06-13 08:13:17'),(751,205,9,'2011-06-13 08:13:17','2011-06-13 08:13:17'),(752,205,10,'2011-06-13 08:13:17','2011-06-13 08:13:17'),(753,205,11,'2011-06-13 08:13:17','2011-06-13 08:13:17'),(754,205,12,'2011-06-13 08:13:17','2011-06-13 08:13:17'),(755,205,1,'2011-06-13 16:01:22','2011-06-13 16:01:22'),(756,205,2,'2011-06-13 16:01:23','2011-06-13 16:01:23'),(757,205,3,'2011-06-13 16:01:23','2011-06-13 16:01:23'),(758,205,4,'2011-06-13 16:01:23','2011-06-13 16:01:23'),(759,205,5,'2011-06-13 16:01:23','2011-06-13 16:01:23'),(760,205,6,'2011-06-13 16:01:23','2011-06-13 16:01:23'),(761,205,7,'2011-06-13 16:01:23','2011-06-13 16:01:23'),(762,205,8,'2011-06-13 16:01:23','2011-06-13 16:01:23'),(763,205,9,'2011-06-13 16:01:23','2011-06-13 16:01:23'),(764,205,10,'2011-06-13 16:01:23','2011-06-13 16:01:23'),(765,205,11,'2011-06-13 16:01:23','2011-06-13 16:01:23'),(766,205,12,'2011-06-13 16:01:23','2011-06-13 16:01:23'),(767,183,1,'2011-06-13 23:42:44','2011-06-13 23:42:44'),(768,183,2,'2011-06-13 23:42:44','2011-06-13 23:42:44'),(769,183,3,'2011-06-13 23:42:44','2011-06-13 23:42:44'),(770,183,4,'2011-06-13 23:42:44','2011-06-13 23:42:44'),(771,183,5,'2011-06-13 23:42:44','2011-06-13 23:42:44'),(772,183,6,'2011-06-13 23:42:44','2011-06-13 23:42:44'),(773,183,7,'2011-06-13 23:42:44','2011-06-13 23:42:44'),(774,183,8,'2011-06-13 23:42:44','2011-06-13 23:42:44'),(775,183,9,'2011-06-13 23:42:44','2011-06-13 23:42:44'),(776,183,10,'2011-06-13 23:42:44','2011-06-13 23:42:44'),(777,183,11,'2011-06-13 23:42:44','2011-06-13 23:42:44'),(778,183,12,'2011-06-13 23:42:44','2011-06-13 23:42:44'),(779,183,1,'2011-06-14 05:12:25','2011-06-14 05:12:25'),(780,183,2,'2011-06-14 05:12:25','2011-06-14 05:12:25'),(781,183,3,'2011-06-14 05:12:25','2011-06-14 05:12:25'),(782,183,4,'2011-06-14 05:12:25','2011-06-14 05:12:25'),(783,183,5,'2011-06-14 05:12:25','2011-06-14 05:12:25'),(784,183,6,'2011-06-14 05:12:25','2011-06-14 05:12:25'),(785,183,7,'2011-06-14 05:12:25','2011-06-14 05:12:25'),(786,183,8,'2011-06-14 05:12:25','2011-06-14 05:12:25'),(787,183,9,'2011-06-14 05:12:25','2011-06-14 05:12:25'),(788,183,10,'2011-06-14 05:12:25','2011-06-14 05:12:25'),(789,183,11,'2011-06-14 05:12:25','2011-06-14 05:12:25'),(790,183,12,'2011-06-14 05:12:25','2011-06-14 05:12:25'),(791,205,1,'2011-06-14 05:12:31','2011-06-14 05:12:31'),(792,205,2,'2011-06-14 05:12:31','2011-06-14 05:12:31'),(793,205,3,'2011-06-14 05:12:31','2011-06-14 05:12:31'),(794,205,4,'2011-06-14 05:12:31','2011-06-14 05:12:31'),(795,205,5,'2011-06-14 05:12:31','2011-06-14 05:12:31'),(796,205,6,'2011-06-14 05:12:31','2011-06-14 05:12:31'),(797,205,7,'2011-06-14 05:12:31','2011-06-14 05:12:31'),(798,205,8,'2011-06-14 05:12:31','2011-06-14 05:12:31'),(799,205,9,'2011-06-14 05:12:31','2011-06-14 05:12:31'),(800,205,10,'2011-06-14 05:12:31','2011-06-14 05:12:31'),(801,205,11,'2011-06-14 05:12:31','2011-06-14 05:12:31'),(802,205,12,'2011-06-14 05:12:31','2011-06-14 05:12:31'),(803,205,1,'2011-06-14 05:30:33','2011-06-14 05:30:33'),(804,205,2,'2011-06-14 05:30:33','2011-06-14 05:30:33'),(805,205,3,'2011-06-14 05:30:33','2011-06-14 05:30:33'),(806,205,4,'2011-06-14 05:30:33','2011-06-14 05:30:33'),(807,205,5,'2011-06-14 05:30:33','2011-06-14 05:30:33'),(808,205,6,'2011-06-14 05:30:33','2011-06-14 05:30:33'),(809,205,7,'2011-06-14 05:30:33','2011-06-14 05:30:33'),(810,205,8,'2011-06-14 05:30:33','2011-06-14 05:30:33'),(811,205,9,'2011-06-14 05:30:33','2011-06-14 05:30:33'),(812,205,10,'2011-06-14 05:30:33','2011-06-14 05:30:33'),(813,205,11,'2011-06-14 05:30:33','2011-06-14 05:30:33'),(814,205,12,'2011-06-14 05:30:33','2011-06-14 05:30:33'),(815,205,1,'2011-06-14 05:41:56','2011-06-14 05:41:56'),(816,205,2,'2011-06-14 05:41:56','2011-06-14 05:41:56'),(817,205,3,'2011-06-14 05:41:56','2011-06-14 05:41:56'),(818,205,4,'2011-06-14 05:41:56','2011-06-14 05:41:56'),(819,205,5,'2011-06-14 05:41:56','2011-06-14 05:41:56'),(820,205,6,'2011-06-14 05:41:56','2011-06-14 05:41:56'),(821,205,7,'2011-06-14 05:41:56','2011-06-14 05:41:56'),(822,205,8,'2011-06-14 05:41:56','2011-06-14 05:41:56'),(823,205,9,'2011-06-14 05:41:56','2011-06-14 05:41:56'),(824,205,10,'2011-06-14 05:41:56','2011-06-14 05:41:56'),(825,205,11,'2011-06-14 05:41:56','2011-06-14 05:41:56'),(826,205,12,'2011-06-14 05:41:56','2011-06-14 05:41:56'),(827,205,1,'2011-06-14 09:02:33','2011-06-14 09:02:33'),(828,205,2,'2011-06-14 09:02:33','2011-06-14 09:02:33'),(829,205,3,'2011-06-14 09:02:33','2011-06-14 09:02:33'),(830,205,4,'2011-06-14 09:02:33','2011-06-14 09:02:33'),(831,205,5,'2011-06-14 09:02:33','2011-06-14 09:02:33'),(832,205,6,'2011-06-14 09:02:33','2011-06-14 09:02:33'),(833,205,7,'2011-06-14 09:02:33','2011-06-14 09:02:33'),(834,205,8,'2011-06-14 09:02:33','2011-06-14 09:02:33'),(835,205,9,'2011-06-14 09:02:33','2011-06-14 09:02:33'),(836,205,10,'2011-06-14 09:02:33','2011-06-14 09:02:33'),(837,205,11,'2011-06-14 09:02:33','2011-06-14 09:02:33'),(838,205,12,'2011-06-14 09:02:33','2011-06-14 09:02:33'),(839,205,1,'2011-06-14 09:04:51','2011-06-14 09:04:51'),(840,205,2,'2011-06-14 09:04:51','2011-06-14 09:04:51'),(841,205,3,'2011-06-14 09:04:51','2011-06-14 09:04:51'),(842,205,4,'2011-06-14 09:04:51','2011-06-14 09:04:51'),(843,205,5,'2011-06-14 09:04:51','2011-06-14 09:04:51'),(844,205,6,'2011-06-14 09:04:51','2011-06-14 09:04:51'),(845,205,7,'2011-06-14 09:04:51','2011-06-14 09:04:51'),(846,205,8,'2011-06-14 09:04:51','2011-06-14 09:04:51'),(847,205,9,'2011-06-14 09:04:51','2011-06-14 09:04:51'),(848,205,10,'2011-06-14 09:04:51','2011-06-14 09:04:51'),(849,205,11,'2011-06-14 09:04:51','2011-06-14 09:04:51'),(850,205,12,'2011-06-14 09:04:51','2011-06-14 09:04:51'),(851,205,1,'2011-06-14 16:50:52','2011-06-14 16:50:52'),(852,205,2,'2011-06-14 16:50:52','2011-06-14 16:50:52'),(853,205,3,'2011-06-14 16:50:52','2011-06-14 16:50:52'),(854,205,4,'2011-06-14 16:50:52','2011-06-14 16:50:52'),(855,205,5,'2011-06-14 16:50:52','2011-06-14 16:50:52'),(856,205,6,'2011-06-14 16:50:52','2011-06-14 16:50:52'),(857,205,7,'2011-06-14 16:50:52','2011-06-14 16:50:52'),(858,205,8,'2011-06-14 16:50:52','2011-06-14 16:50:52'),(859,205,9,'2011-06-14 16:50:52','2011-06-14 16:50:52'),(860,205,10,'2011-06-14 16:50:52','2011-06-14 16:50:52'),(861,205,11,'2011-06-14 16:50:52','2011-06-14 16:50:52'),(862,205,12,'2011-06-14 16:50:52','2011-06-14 16:50:52'),(863,183,1,'2011-06-14 16:53:26','2011-06-14 16:53:26'),(864,183,2,'2011-06-14 16:53:26','2011-06-14 16:53:26'),(865,183,3,'2011-06-14 16:53:26','2011-06-14 16:53:26'),(866,183,4,'2011-06-14 16:53:26','2011-06-14 16:53:26'),(867,183,5,'2011-06-14 16:53:26','2011-06-14 16:53:26'),(868,183,6,'2011-06-14 16:53:26','2011-06-14 16:53:26'),(869,183,7,'2011-06-14 16:53:26','2011-06-14 16:53:26'),(870,183,8,'2011-06-14 16:53:26','2011-06-14 16:53:26'),(871,183,9,'2011-06-14 16:53:26','2011-06-14 16:53:26'),(872,183,10,'2011-06-14 16:53:26','2011-06-14 16:53:26'),(873,183,11,'2011-06-14 16:53:26','2011-06-14 16:53:26'),(874,183,12,'2011-06-14 16:53:26','2011-06-14 16:53:26'),(875,205,1,'2011-06-14 16:55:19','2011-06-14 16:55:19'),(876,205,2,'2011-06-14 16:55:19','2011-06-14 16:55:19'),(877,205,3,'2011-06-14 16:55:19','2011-06-14 16:55:19'),(878,205,4,'2011-06-14 16:55:19','2011-06-14 16:55:19'),(879,205,5,'2011-06-14 16:55:19','2011-06-14 16:55:19'),(880,205,6,'2011-06-14 16:55:19','2011-06-14 16:55:19'),(881,205,7,'2011-06-14 16:55:19','2011-06-14 16:55:19'),(882,205,8,'2011-06-14 16:55:19','2011-06-14 16:55:19'),(883,205,9,'2011-06-14 16:55:19','2011-06-14 16:55:19'),(884,205,10,'2011-06-14 16:55:19','2011-06-14 16:55:19'),(885,205,11,'2011-06-14 16:55:19','2011-06-14 16:55:19'),(886,205,12,'2011-06-14 16:55:19','2011-06-14 16:55:19'),(887,183,1,'2011-06-14 16:55:35','2011-06-14 16:55:35'),(888,183,2,'2011-06-14 16:55:35','2011-06-14 16:55:35'),(889,183,3,'2011-06-14 16:55:35','2011-06-14 16:55:35'),(890,183,4,'2011-06-14 16:55:35','2011-06-14 16:55:35'),(891,183,5,'2011-06-14 16:55:35','2011-06-14 16:55:35'),(892,183,6,'2011-06-14 16:55:35','2011-06-14 16:55:35'),(893,183,7,'2011-06-14 16:55:35','2011-06-14 16:55:35'),(894,183,8,'2011-06-14 16:55:35','2011-06-14 16:55:35'),(895,183,9,'2011-06-14 16:55:35','2011-06-14 16:55:35'),(896,183,10,'2011-06-14 16:55:35','2011-06-14 16:55:35'),(897,183,11,'2011-06-14 16:55:35','2011-06-14 16:55:35'),(898,183,12,'2011-06-14 16:55:35','2011-06-14 16:55:35'),(899,205,1,'2011-06-14 16:57:55','2011-06-14 16:57:55'),(900,205,2,'2011-06-14 16:57:55','2011-06-14 16:57:55'),(901,205,3,'2011-06-14 16:57:55','2011-06-14 16:57:55'),(902,205,4,'2011-06-14 16:57:55','2011-06-14 16:57:55'),(903,205,5,'2011-06-14 16:57:55','2011-06-14 16:57:55'),(904,205,6,'2011-06-14 16:57:55','2011-06-14 16:57:55'),(905,205,7,'2011-06-14 16:57:55','2011-06-14 16:57:55'),(906,205,8,'2011-06-14 16:57:55','2011-06-14 16:57:55'),(907,205,9,'2011-06-14 16:57:55','2011-06-14 16:57:55'),(908,205,10,'2011-06-14 16:57:55','2011-06-14 16:57:55'),(909,205,11,'2011-06-14 16:57:55','2011-06-14 16:57:55'),(910,205,12,'2011-06-14 16:57:55','2011-06-14 16:57:55'),(911,205,1,'2011-06-15 09:00:19','2011-06-15 09:00:19'),(912,205,2,'2011-06-15 09:00:20','2011-06-15 09:00:20'),(913,205,3,'2011-06-15 09:00:20','2011-06-15 09:00:20'),(914,205,4,'2011-06-15 09:00:20','2011-06-15 09:00:20'),(915,205,5,'2011-06-15 09:00:20','2011-06-15 09:00:20'),(916,205,6,'2011-06-15 09:00:20','2011-06-15 09:00:20'),(917,205,7,'2011-06-15 09:00:20','2011-06-15 09:00:20'),(918,205,8,'2011-06-15 09:00:20','2011-06-15 09:00:20'),(919,205,9,'2011-06-15 09:00:20','2011-06-15 09:00:20'),(920,205,10,'2011-06-15 09:00:20','2011-06-15 09:00:20'),(921,205,11,'2011-06-15 09:00:20','2011-06-15 09:00:20'),(922,205,12,'2011-06-15 09:00:20','2011-06-15 09:00:20'),(923,205,1,'2011-06-15 16:31:24','2011-06-15 16:31:24'),(924,205,2,'2011-06-15 16:31:25','2011-06-15 16:31:25'),(925,205,3,'2011-06-15 16:31:25','2011-06-15 16:31:25'),(926,205,4,'2011-06-15 16:31:25','2011-06-15 16:31:25'),(927,205,5,'2011-06-15 16:31:25','2011-06-15 16:31:25'),(928,205,6,'2011-06-15 16:31:25','2011-06-15 16:31:25'),(929,205,7,'2011-06-15 16:31:25','2011-06-15 16:31:25'),(930,205,8,'2011-06-15 16:31:25','2011-06-15 16:31:25'),(931,205,9,'2011-06-15 16:31:25','2011-06-15 16:31:25'),(932,205,10,'2011-06-15 16:31:25','2011-06-15 16:31:25'),(933,205,11,'2011-06-15 16:31:25','2011-06-15 16:31:25'),(934,205,12,'2011-06-15 16:31:25','2011-06-15 16:31:25'),(935,205,1,'2011-06-15 16:37:12','2011-06-15 16:37:12'),(936,205,2,'2011-06-15 16:37:12','2011-06-15 16:37:12'),(937,205,3,'2011-06-15 16:37:12','2011-06-15 16:37:12'),(938,205,4,'2011-06-15 16:37:12','2011-06-15 16:37:12'),(939,205,5,'2011-06-15 16:37:12','2011-06-15 16:37:12'),(940,205,6,'2011-06-15 16:37:12','2011-06-15 16:37:12'),(941,205,7,'2011-06-15 16:37:12','2011-06-15 16:37:12'),(942,205,8,'2011-06-15 16:37:12','2011-06-15 16:37:12'),(943,205,9,'2011-06-15 16:37:12','2011-06-15 16:37:12'),(944,205,10,'2011-06-15 16:37:12','2011-06-15 16:37:12'),(945,205,11,'2011-06-15 16:37:12','2011-06-15 16:37:12'),(946,205,12,'2011-06-15 16:37:12','2011-06-15 16:37:12'),(947,205,1,'2011-06-15 16:58:09','2011-06-15 16:58:09'),(948,205,2,'2011-06-15 16:58:09','2011-06-15 16:58:09'),(949,205,3,'2011-06-15 16:58:09','2011-06-15 16:58:09'),(950,205,4,'2011-06-15 16:58:09','2011-06-15 16:58:09'),(951,205,5,'2011-06-15 16:58:09','2011-06-15 16:58:09'),(952,205,6,'2011-06-15 16:58:09','2011-06-15 16:58:09'),(953,205,7,'2011-06-15 16:58:09','2011-06-15 16:58:09'),(954,205,8,'2011-06-15 16:58:09','2011-06-15 16:58:09'),(955,205,9,'2011-06-15 16:58:09','2011-06-15 16:58:09'),(956,205,10,'2011-06-15 16:58:09','2011-06-15 16:58:09'),(957,205,11,'2011-06-15 16:58:09','2011-06-15 16:58:09'),(958,205,12,'2011-06-15 16:58:09','2011-06-15 16:58:09'),(959,183,1,'2011-06-15 19:26:53','2011-06-15 19:26:53'),(960,183,2,'2011-06-15 19:26:53','2011-06-15 19:26:53'),(961,183,3,'2011-06-15 19:26:53','2011-06-15 19:26:53'),(962,183,4,'2011-06-15 19:26:53','2011-06-15 19:26:53'),(963,183,5,'2011-06-15 19:26:53','2011-06-15 19:26:53'),(964,183,6,'2011-06-15 19:26:53','2011-06-15 19:26:53'),(965,183,7,'2011-06-15 19:26:53','2011-06-15 19:26:53'),(966,183,8,'2011-06-15 19:26:53','2011-06-15 19:26:53'),(967,183,9,'2011-06-15 19:26:53','2011-06-15 19:26:53'),(968,183,10,'2011-06-15 19:26:53','2011-06-15 19:26:53'),(969,183,11,'2011-06-15 19:26:53','2011-06-15 19:26:53'),(970,183,12,'2011-06-15 19:26:53','2011-06-15 19:26:53'),(971,183,1,'2011-06-15 19:30:38','2011-06-15 19:30:38'),(972,183,2,'2011-06-15 19:30:38','2011-06-15 19:30:38'),(973,183,3,'2011-06-15 19:30:38','2011-06-15 19:30:38'),(974,183,4,'2011-06-15 19:30:38','2011-06-15 19:30:38'),(975,183,5,'2011-06-15 19:30:38','2011-06-15 19:30:38'),(976,183,6,'2011-06-15 19:30:38','2011-06-15 19:30:38'),(977,183,7,'2011-06-15 19:30:38','2011-06-15 19:30:38'),(978,183,8,'2011-06-15 19:30:38','2011-06-15 19:30:38'),(979,183,9,'2011-06-15 19:30:38','2011-06-15 19:30:38'),(980,183,10,'2011-06-15 19:30:38','2011-06-15 19:30:38'),(981,183,11,'2011-06-15 19:30:38','2011-06-15 19:30:38'),(982,183,12,'2011-06-15 19:30:38','2011-06-15 19:30:38'),(983,183,1,'2011-06-15 19:54:41','2011-06-15 19:54:41'),(984,183,2,'2011-06-15 19:54:41','2011-06-15 19:54:41'),(985,183,3,'2011-06-15 19:54:41','2011-06-15 19:54:41'),(986,183,4,'2011-06-15 19:54:41','2011-06-15 19:54:41'),(987,183,5,'2011-06-15 19:54:42','2011-06-15 19:54:42'),(988,183,6,'2011-06-15 19:54:42','2011-06-15 19:54:42'),(989,183,7,'2011-06-15 19:54:42','2011-06-15 19:54:42'),(990,183,8,'2011-06-15 19:54:42','2011-06-15 19:54:42'),(991,183,9,'2011-06-15 19:54:42','2011-06-15 19:54:42'),(992,183,10,'2011-06-15 19:54:42','2011-06-15 19:54:42'),(993,183,11,'2011-06-15 19:54:42','2011-06-15 19:54:42'),(994,183,12,'2011-06-15 19:54:42','2011-06-15 19:54:42'),(995,205,1,'2011-06-16 00:13:19','2011-06-16 00:13:19'),(996,205,2,'2011-06-16 00:13:19','2011-06-16 00:13:19'),(997,205,3,'2011-06-16 00:13:19','2011-06-16 00:13:19'),(998,205,4,'2011-06-16 00:13:19','2011-06-16 00:13:19'),(999,205,5,'2011-06-16 00:13:19','2011-06-16 00:13:19'),(1000,205,6,'2011-06-16 00:13:19','2011-06-16 00:13:19'),(1001,205,7,'2011-06-16 00:13:19','2011-06-16 00:13:19'),(1002,205,8,'2011-06-16 00:13:19','2011-06-16 00:13:19'),(1003,205,9,'2011-06-16 00:13:19','2011-06-16 00:13:19'),(1004,205,10,'2011-06-16 00:13:19','2011-06-16 00:13:19'),(1005,205,11,'2011-06-16 00:13:19','2011-06-16 00:13:19'),(1006,205,12,'2011-06-16 00:13:19','2011-06-16 00:13:19'),(1007,205,1,'2011-06-16 01:10:26','2011-06-16 01:10:26'),(1008,205,2,'2011-06-16 01:10:26','2011-06-16 01:10:26'),(1009,205,3,'2011-06-16 01:10:26','2011-06-16 01:10:26'),(1010,205,4,'2011-06-16 01:10:26','2011-06-16 01:10:26'),(1011,205,5,'2011-06-16 01:10:26','2011-06-16 01:10:26'),(1012,205,6,'2011-06-16 01:10:26','2011-06-16 01:10:26'),(1013,205,7,'2011-06-16 01:10:26','2011-06-16 01:10:26'),(1014,205,8,'2011-06-16 01:10:26','2011-06-16 01:10:26'),(1015,205,9,'2011-06-16 01:10:26','2011-06-16 01:10:26'),(1016,205,10,'2011-06-16 01:10:26','2011-06-16 01:10:26'),(1017,205,11,'2011-06-16 01:10:26','2011-06-16 01:10:26'),(1018,205,12,'2011-06-16 01:10:26','2011-06-16 01:10:26'),(1019,205,1,'2011-06-16 01:33:42','2011-06-16 01:33:42'),(1020,205,2,'2011-06-16 01:33:42','2011-06-16 01:33:42'),(1021,205,3,'2011-06-16 01:33:42','2011-06-16 01:33:42'),(1022,205,4,'2011-06-16 01:33:42','2011-06-16 01:33:42'),(1023,205,5,'2011-06-16 01:33:42','2011-06-16 01:33:42'),(1024,205,6,'2011-06-16 01:33:42','2011-06-16 01:33:42'),(1025,205,7,'2011-06-16 01:33:42','2011-06-16 01:33:42'),(1026,205,8,'2011-06-16 01:33:42','2011-06-16 01:33:42'),(1027,205,9,'2011-06-16 01:33:42','2011-06-16 01:33:42'),(1028,205,10,'2011-06-16 01:33:42','2011-06-16 01:33:42'),(1029,205,11,'2011-06-16 01:33:42','2011-06-16 01:33:42'),(1030,205,12,'2011-06-16 01:33:42','2011-06-16 01:33:42'),(1031,205,1,'2011-06-16 01:33:59','2011-06-16 01:33:59'),(1032,205,2,'2011-06-16 01:33:59','2011-06-16 01:33:59'),(1033,205,3,'2011-06-16 01:33:59','2011-06-16 01:33:59'),(1034,205,4,'2011-06-16 01:33:59','2011-06-16 01:33:59'),(1035,205,5,'2011-06-16 01:33:59','2011-06-16 01:33:59'),(1036,205,6,'2011-06-16 01:33:59','2011-06-16 01:33:59'),(1037,205,7,'2011-06-16 01:33:59','2011-06-16 01:33:59'),(1038,205,8,'2011-06-16 01:33:59','2011-06-16 01:33:59'),(1039,205,9,'2011-06-16 01:33:59','2011-06-16 01:33:59'),(1040,205,10,'2011-06-16 01:33:59','2011-06-16 01:33:59'),(1041,205,11,'2011-06-16 01:33:59','2011-06-16 01:33:59'),(1042,205,12,'2011-06-16 01:33:59','2011-06-16 01:33:59'),(1043,205,1,'2011-06-16 09:05:51','2011-06-16 09:05:51'),(1044,205,2,'2011-06-16 09:05:51','2011-06-16 09:05:51'),(1045,205,3,'2011-06-16 09:05:51','2011-06-16 09:05:51'),(1046,205,4,'2011-06-16 09:05:51','2011-06-16 09:05:51'),(1047,205,5,'2011-06-16 09:05:51','2011-06-16 09:05:51'),(1048,205,6,'2011-06-16 09:05:51','2011-06-16 09:05:51'),(1049,205,7,'2011-06-16 09:05:51','2011-06-16 09:05:51'),(1050,205,8,'2011-06-16 09:05:51','2011-06-16 09:05:51'),(1051,205,9,'2011-06-16 09:05:51','2011-06-16 09:05:51'),(1052,205,10,'2011-06-16 09:05:51','2011-06-16 09:05:51'),(1053,205,11,'2011-06-16 09:05:52','2011-06-16 09:05:52'),(1054,205,12,'2011-06-16 09:05:52','2011-06-16 09:05:52'),(1055,205,1,'2011-06-17 00:57:45','2011-06-17 00:57:45'),(1056,205,2,'2011-06-17 00:57:45','2011-06-17 00:57:45'),(1057,205,3,'2011-06-17 00:57:45','2011-06-17 00:57:45'),(1058,205,4,'2011-06-17 00:57:45','2011-06-17 00:57:45'),(1059,205,5,'2011-06-17 00:57:45','2011-06-17 00:57:45'),(1060,205,6,'2011-06-17 00:57:45','2011-06-17 00:57:45'),(1061,205,7,'2011-06-17 00:57:45','2011-06-17 00:57:45'),(1062,205,8,'2011-06-17 00:57:45','2011-06-17 00:57:45'),(1063,205,9,'2011-06-17 00:57:45','2011-06-17 00:57:45'),(1064,205,10,'2011-06-17 00:57:45','2011-06-17 00:57:45'),(1065,205,11,'2011-06-17 00:57:45','2011-06-17 00:57:45'),(1066,205,12,'2011-06-17 00:57:45','2011-06-17 00:57:45'),(1067,205,1,'2011-06-17 01:38:07','2011-06-17 01:38:07'),(1068,205,2,'2011-06-17 01:38:07','2011-06-17 01:38:07'),(1069,205,3,'2011-06-17 01:38:07','2011-06-17 01:38:07'),(1070,205,4,'2011-06-17 01:38:07','2011-06-17 01:38:07'),(1071,205,5,'2011-06-17 01:38:07','2011-06-17 01:38:07'),(1072,205,6,'2011-06-17 01:38:07','2011-06-17 01:38:07'),(1073,205,7,'2011-06-17 01:38:07','2011-06-17 01:38:07'),(1074,205,8,'2011-06-17 01:38:07','2011-06-17 01:38:07'),(1075,205,9,'2011-06-17 01:38:07','2011-06-17 01:38:07'),(1076,205,10,'2011-06-17 01:38:07','2011-06-17 01:38:07'),(1077,205,11,'2011-06-17 01:38:07','2011-06-17 01:38:07'),(1078,205,12,'2011-06-17 01:38:07','2011-06-17 01:38:07'),(1079,205,1,'2011-06-17 21:23:47','2011-06-17 21:23:47'),(1080,205,2,'2011-06-17 21:23:47','2011-06-17 21:23:47'),(1081,205,3,'2011-06-17 21:23:47','2011-06-17 21:23:47'),(1082,205,4,'2011-06-17 21:23:47','2011-06-17 21:23:47'),(1083,205,5,'2011-06-17 21:23:47','2011-06-17 21:23:47'),(1084,205,6,'2011-06-17 21:23:47','2011-06-17 21:23:47'),(1085,205,7,'2011-06-17 21:23:47','2011-06-17 21:23:47'),(1086,205,8,'2011-06-17 21:23:47','2011-06-17 21:23:47'),(1087,205,9,'2011-06-17 21:23:47','2011-06-17 21:23:47'),(1088,205,10,'2011-06-17 21:23:47','2011-06-17 21:23:47'),(1089,205,11,'2011-06-17 21:23:47','2011-06-17 21:23:47'),(1090,205,12,'2011-06-17 21:23:47','2011-06-17 21:23:47'),(1091,205,1,'2011-06-18 03:40:34','2011-06-18 03:40:34'),(1092,205,2,'2011-06-18 03:40:34','2011-06-18 03:40:34'),(1093,205,3,'2011-06-18 03:40:34','2011-06-18 03:40:34'),(1094,205,4,'2011-06-18 03:40:34','2011-06-18 03:40:34'),(1095,205,5,'2011-06-18 03:40:34','2011-06-18 03:40:34'),(1096,205,6,'2011-06-18 03:40:34','2011-06-18 03:40:34'),(1097,205,7,'2011-06-18 03:40:34','2011-06-18 03:40:34'),(1098,205,8,'2011-06-18 03:40:34','2011-06-18 03:40:34'),(1099,205,9,'2011-06-18 03:40:34','2011-06-18 03:40:34'),(1100,205,10,'2011-06-18 03:40:34','2011-06-18 03:40:34'),(1101,205,11,'2011-06-18 03:40:34','2011-06-18 03:40:34'),(1102,205,12,'2011-06-18 03:40:34','2011-06-18 03:40:34'),(1103,205,1,'2011-06-18 04:03:35','2011-06-18 04:03:35'),(1104,205,2,'2011-06-18 04:03:35','2011-06-18 04:03:35'),(1105,205,3,'2011-06-18 04:03:35','2011-06-18 04:03:35'),(1106,205,4,'2011-06-18 04:03:35','2011-06-18 04:03:35'),(1107,205,5,'2011-06-18 04:03:35','2011-06-18 04:03:35'),(1108,205,6,'2011-06-18 04:03:35','2011-06-18 04:03:35'),(1109,205,7,'2011-06-18 04:03:35','2011-06-18 04:03:35'),(1110,205,8,'2011-06-18 04:03:35','2011-06-18 04:03:35'),(1111,205,9,'2011-06-18 04:03:35','2011-06-18 04:03:35'),(1112,205,10,'2011-06-18 04:03:35','2011-06-18 04:03:35'),(1113,205,11,'2011-06-18 04:03:35','2011-06-18 04:03:35'),(1114,205,12,'2011-06-18 04:03:35','2011-06-18 04:03:35'),(1115,205,1,'2011-06-18 07:22:02','2011-06-18 07:22:02'),(1116,205,2,'2011-06-18 07:22:02','2011-06-18 07:22:02'),(1117,205,3,'2011-06-18 07:22:02','2011-06-18 07:22:02'),(1118,205,4,'2011-06-18 07:22:02','2011-06-18 07:22:02'),(1119,205,5,'2011-06-18 07:22:02','2011-06-18 07:22:02'),(1120,205,6,'2011-06-18 07:22:02','2011-06-18 07:22:02'),(1121,205,7,'2011-06-18 07:22:02','2011-06-18 07:22:02'),(1122,205,8,'2011-06-18 07:22:02','2011-06-18 07:22:02'),(1123,205,9,'2011-06-18 07:22:02','2011-06-18 07:22:02'),(1124,205,10,'2011-06-18 07:22:02','2011-06-18 07:22:02'),(1125,205,11,'2011-06-18 07:22:02','2011-06-18 07:22:02'),(1126,205,12,'2011-06-18 07:22:02','2011-06-18 07:22:02'),(1127,205,1,'2011-06-18 07:23:06','2011-06-18 07:23:06'),(1128,205,2,'2011-06-18 07:23:06','2011-06-18 07:23:06'),(1129,205,3,'2011-06-18 07:23:06','2011-06-18 07:23:06'),(1130,205,4,'2011-06-18 07:23:06','2011-06-18 07:23:06'),(1131,205,5,'2011-06-18 07:23:06','2011-06-18 07:23:06'),(1132,205,6,'2011-06-18 07:23:06','2011-06-18 07:23:06'),(1133,205,7,'2011-06-18 07:23:06','2011-06-18 07:23:06'),(1134,205,8,'2011-06-18 07:23:06','2011-06-18 07:23:06'),(1135,205,9,'2011-06-18 07:23:06','2011-06-18 07:23:06'),(1136,205,10,'2011-06-18 07:23:06','2011-06-18 07:23:06'),(1137,205,11,'2011-06-18 07:23:06','2011-06-18 07:23:06'),(1138,205,12,'2011-06-18 07:23:06','2011-06-18 07:23:06'),(1139,205,1,'2011-06-18 09:17:49','2011-06-18 09:17:49'),(1140,205,2,'2011-06-18 09:17:49','2011-06-18 09:17:49'),(1141,205,3,'2011-06-18 09:17:49','2011-06-18 09:17:49'),(1142,205,4,'2011-06-18 09:17:49','2011-06-18 09:17:49'),(1143,205,5,'2011-06-18 09:17:49','2011-06-18 09:17:49'),(1144,205,6,'2011-06-18 09:17:49','2011-06-18 09:17:49'),(1145,205,7,'2011-06-18 09:17:49','2011-06-18 09:17:49'),(1146,205,8,'2011-06-18 09:17:49','2011-06-18 09:17:49'),(1147,205,9,'2011-06-18 09:17:49','2011-06-18 09:17:49'),(1148,205,10,'2011-06-18 09:17:49','2011-06-18 09:17:49'),(1149,205,11,'2011-06-18 09:17:49','2011-06-18 09:17:49'),(1150,205,12,'2011-06-18 09:17:49','2011-06-18 09:17:49'),(1151,205,1,'2011-06-19 04:54:11','2011-06-19 04:54:11'),(1152,205,2,'2011-06-19 04:54:11','2011-06-19 04:54:11'),(1153,205,3,'2011-06-19 04:54:11','2011-06-19 04:54:11'),(1154,205,4,'2011-06-19 04:54:11','2011-06-19 04:54:11'),(1155,205,5,'2011-06-19 04:54:11','2011-06-19 04:54:11'),(1156,205,6,'2011-06-19 04:54:11','2011-06-19 04:54:11'),(1157,205,7,'2011-06-19 04:54:11','2011-06-19 04:54:11'),(1158,205,8,'2011-06-19 04:54:11','2011-06-19 04:54:11'),(1159,205,9,'2011-06-19 04:54:11','2011-06-19 04:54:11'),(1160,205,10,'2011-06-19 04:54:11','2011-06-19 04:54:11'),(1161,205,11,'2011-06-19 04:54:11','2011-06-19 04:54:11'),(1162,205,12,'2011-06-19 04:54:11','2011-06-19 04:54:11'),(1163,205,1,'2011-06-19 08:37:42','2011-06-19 08:37:42'),(1164,205,2,'2011-06-19 08:37:42','2011-06-19 08:37:42'),(1165,205,3,'2011-06-19 08:37:42','2011-06-19 08:37:42'),(1166,205,4,'2011-06-19 08:37:42','2011-06-19 08:37:42'),(1167,205,5,'2011-06-19 08:37:42','2011-06-19 08:37:42'),(1168,205,6,'2011-06-19 08:37:42','2011-06-19 08:37:42'),(1169,205,7,'2011-06-19 08:37:42','2011-06-19 08:37:42'),(1170,205,8,'2011-06-19 08:37:42','2011-06-19 08:37:42'),(1171,205,9,'2011-06-19 08:37:42','2011-06-19 08:37:42'),(1172,205,10,'2011-06-19 08:37:42','2011-06-19 08:37:42'),(1173,205,11,'2011-06-19 08:37:42','2011-06-19 08:37:42'),(1174,205,12,'2011-06-19 08:37:42','2011-06-19 08:37:42'),(1175,205,1,'2011-06-19 17:56:37','2011-06-19 17:56:37'),(1176,205,2,'2011-06-19 17:56:37','2011-06-19 17:56:37'),(1177,205,3,'2011-06-19 17:56:37','2011-06-19 17:56:37'),(1178,205,4,'2011-06-19 17:56:37','2011-06-19 17:56:37'),(1179,205,5,'2011-06-19 17:56:37','2011-06-19 17:56:37'),(1180,205,6,'2011-06-19 17:56:37','2011-06-19 17:56:37'),(1181,205,7,'2011-06-19 17:56:37','2011-06-19 17:56:37'),(1182,205,8,'2011-06-19 17:56:37','2011-06-19 17:56:37'),(1183,205,9,'2011-06-19 17:56:37','2011-06-19 17:56:37'),(1184,205,10,'2011-06-19 17:56:37','2011-06-19 17:56:37'),(1185,205,11,'2011-06-19 17:56:37','2011-06-19 17:56:37'),(1186,205,12,'2011-06-19 17:56:37','2011-06-19 17:56:37'),(1187,205,1,'2011-06-19 21:21:45','2011-06-19 21:21:45'),(1188,205,2,'2011-06-19 21:21:46','2011-06-19 21:21:46'),(1189,205,3,'2011-06-19 21:21:46','2011-06-19 21:21:46'),(1190,205,4,'2011-06-19 21:21:46','2011-06-19 21:21:46'),(1191,205,5,'2011-06-19 21:21:46','2011-06-19 21:21:46'),(1192,205,6,'2011-06-19 21:21:46','2011-06-19 21:21:46'),(1193,205,7,'2011-06-19 21:21:46','2011-06-19 21:21:46'),(1194,205,8,'2011-06-19 21:21:46','2011-06-19 21:21:46'),(1195,205,9,'2011-06-19 21:21:46','2011-06-19 21:21:46'),(1196,205,10,'2011-06-19 21:21:46','2011-06-19 21:21:46'),(1197,205,11,'2011-06-19 21:21:46','2011-06-19 21:21:46'),(1198,205,12,'2011-06-19 21:21:46','2011-06-19 21:21:46'),(1199,205,1,'2011-06-19 21:34:48','2011-06-19 21:34:48'),(1200,205,2,'2011-06-19 21:34:48','2011-06-19 21:34:48'),(1201,205,3,'2011-06-19 21:34:48','2011-06-19 21:34:48'),(1202,205,4,'2011-06-19 21:34:48','2011-06-19 21:34:48'),(1203,205,5,'2011-06-19 21:34:48','2011-06-19 21:34:48'),(1204,205,6,'2011-06-19 21:34:48','2011-06-19 21:34:48'),(1205,205,7,'2011-06-19 21:34:48','2011-06-19 21:34:48'),(1206,205,8,'2011-06-19 21:34:48','2011-06-19 21:34:48'),(1207,205,9,'2011-06-19 21:34:48','2011-06-19 21:34:48'),(1208,205,10,'2011-06-19 21:34:48','2011-06-19 21:34:48'),(1209,205,11,'2011-06-19 21:34:48','2011-06-19 21:34:48'),(1210,205,12,'2011-06-19 21:34:48','2011-06-19 21:34:48'),(1211,205,1,'2011-06-19 21:37:53','2011-06-19 21:37:53'),(1212,205,2,'2011-06-19 21:37:53','2011-06-19 21:37:53'),(1213,205,3,'2011-06-19 21:37:53','2011-06-19 21:37:53'),(1214,205,4,'2011-06-19 21:37:53','2011-06-19 21:37:53'),(1215,205,5,'2011-06-19 21:37:53','2011-06-19 21:37:53'),(1216,205,6,'2011-06-19 21:37:53','2011-06-19 21:37:53'),(1217,205,7,'2011-06-19 21:37:53','2011-06-19 21:37:53'),(1218,205,8,'2011-06-19 21:37:53','2011-06-19 21:37:53'),(1219,205,9,'2011-06-19 21:37:53','2011-06-19 21:37:53'),(1220,205,10,'2011-06-19 21:37:53','2011-06-19 21:37:53'),(1221,205,11,'2011-06-19 21:37:53','2011-06-19 21:37:53'),(1222,205,12,'2011-06-19 21:37:53','2011-06-19 21:37:53'),(1223,205,1,'2011-06-19 21:52:30','2011-06-19 21:52:30'),(1224,205,2,'2011-06-19 21:52:30','2011-06-19 21:52:30'),(1225,205,3,'2011-06-19 21:52:30','2011-06-19 21:52:30'),(1226,205,4,'2011-06-19 21:52:30','2011-06-19 21:52:30'),(1227,205,5,'2011-06-19 21:52:30','2011-06-19 21:52:30'),(1228,205,6,'2011-06-19 21:52:30','2011-06-19 21:52:30'),(1229,205,7,'2011-06-19 21:52:30','2011-06-19 21:52:30'),(1230,205,8,'2011-06-19 21:52:30','2011-06-19 21:52:30'),(1231,205,9,'2011-06-19 21:52:30','2011-06-19 21:52:30'),(1232,205,10,'2011-06-19 21:52:30','2011-06-19 21:52:30'),(1233,205,11,'2011-06-19 21:52:30','2011-06-19 21:52:30'),(1234,205,12,'2011-06-19 21:52:30','2011-06-19 21:52:30'),(1235,205,1,'2011-06-20 03:23:02','2011-06-20 03:23:02'),(1236,205,2,'2011-06-20 03:23:02','2011-06-20 03:23:02'),(1237,205,3,'2011-06-20 03:23:02','2011-06-20 03:23:02'),(1238,205,4,'2011-06-20 03:23:02','2011-06-20 03:23:02'),(1239,205,5,'2011-06-20 03:23:02','2011-06-20 03:23:02'),(1240,205,6,'2011-06-20 03:23:02','2011-06-20 03:23:02'),(1241,205,7,'2011-06-20 03:23:02','2011-06-20 03:23:02'),(1242,205,8,'2011-06-20 03:23:02','2011-06-20 03:23:02'),(1243,205,9,'2011-06-20 03:23:02','2011-06-20 03:23:02'),(1244,205,10,'2011-06-20 03:23:02','2011-06-20 03:23:02'),(1245,205,11,'2011-06-20 03:23:02','2011-06-20 03:23:02'),(1246,205,12,'2011-06-20 03:23:02','2011-06-20 03:23:02'),(1247,205,1,'2011-06-20 22:13:51','2011-06-20 22:13:51'),(1248,205,2,'2011-06-20 22:13:52','2011-06-20 22:13:52'),(1249,205,3,'2011-06-20 22:13:52','2011-06-20 22:13:52'),(1250,205,4,'2011-06-20 22:13:52','2011-06-20 22:13:52'),(1251,205,5,'2011-06-20 22:13:52','2011-06-20 22:13:52'),(1252,205,6,'2011-06-20 22:13:52','2011-06-20 22:13:52'),(1253,205,7,'2011-06-20 22:13:52','2011-06-20 22:13:52'),(1254,205,8,'2011-06-20 22:13:52','2011-06-20 22:13:52'),(1255,205,9,'2011-06-20 22:13:52','2011-06-20 22:13:52'),(1256,205,10,'2011-06-20 22:13:52','2011-06-20 22:13:52'),(1257,205,11,'2011-06-20 22:13:52','2011-06-20 22:13:52'),(1258,205,12,'2011-06-20 22:13:52','2011-06-20 22:13:52'),(1259,205,1,'2011-06-20 22:14:15','2011-06-20 22:14:15'),(1260,205,2,'2011-06-20 22:14:15','2011-06-20 22:14:15'),(1261,205,3,'2011-06-20 22:14:15','2011-06-20 22:14:15'),(1262,205,4,'2011-06-20 22:14:15','2011-06-20 22:14:15'),(1263,205,5,'2011-06-20 22:14:15','2011-06-20 22:14:15'),(1264,205,6,'2011-06-20 22:14:15','2011-06-20 22:14:15'),(1265,205,7,'2011-06-20 22:14:15','2011-06-20 22:14:15'),(1266,205,8,'2011-06-20 22:14:15','2011-06-20 22:14:15'),(1267,205,9,'2011-06-20 22:14:15','2011-06-20 22:14:15'),(1268,205,10,'2011-06-20 22:14:15','2011-06-20 22:14:15'),(1269,205,11,'2011-06-20 22:14:15','2011-06-20 22:14:15'),(1270,205,12,'2011-06-20 22:14:15','2011-06-20 22:14:15'),(1271,205,1,'2011-06-20 22:37:18','2011-06-20 22:37:18'),(1272,205,2,'2011-06-20 22:37:18','2011-06-20 22:37:18'),(1273,205,3,'2011-06-20 22:37:18','2011-06-20 22:37:18'),(1274,205,4,'2011-06-20 22:37:18','2011-06-20 22:37:18'),(1275,205,5,'2011-06-20 22:37:18','2011-06-20 22:37:18'),(1276,205,6,'2011-06-20 22:37:18','2011-06-20 22:37:18'),(1277,205,7,'2011-06-20 22:37:18','2011-06-20 22:37:18'),(1278,205,8,'2011-06-20 22:37:18','2011-06-20 22:37:18'),(1279,205,9,'2011-06-20 22:37:18','2011-06-20 22:37:18'),(1280,205,10,'2011-06-20 22:37:18','2011-06-20 22:37:18'),(1281,205,11,'2011-06-20 22:37:18','2011-06-20 22:37:18'),(1282,205,12,'2011-06-20 22:37:18','2011-06-20 22:37:18'),(1283,205,1,'2011-06-21 07:34:51','2011-06-21 07:34:51'),(1284,205,2,'2011-06-21 07:34:51','2011-06-21 07:34:51'),(1285,205,3,'2011-06-21 07:34:51','2011-06-21 07:34:51'),(1286,205,4,'2011-06-21 07:34:51','2011-06-21 07:34:51'),(1287,205,5,'2011-06-21 07:34:51','2011-06-21 07:34:51'),(1288,205,6,'2011-06-21 07:34:51','2011-06-21 07:34:51'),(1289,205,7,'2011-06-21 07:34:51','2011-06-21 07:34:51'),(1290,205,8,'2011-06-21 07:34:51','2011-06-21 07:34:51'),(1291,205,9,'2011-06-21 07:34:51','2011-06-21 07:34:51'),(1292,205,10,'2011-06-21 07:34:51','2011-06-21 07:34:51'),(1293,205,11,'2011-06-21 07:34:51','2011-06-21 07:34:51'),(1294,205,12,'2011-06-21 07:34:51','2011-06-21 07:34:51');
/*!40000 ALTER TABLE `settings` ENABLE KEYS */;
UNLOCK TABLES;

--
-- Table structure for table `statecode`
--

DROP TABLE IF EXISTS `statecode`;
/*!40101 SET @saved_cs_client     = @@character_set_client */;
/*!40101 SET character_set_client = utf8 */;
CREATE TABLE `statecode` (
  `ID` double DEFAULT NULL,
  `StateAbbr` varchar(255) COLLATE utf8_unicode_ci DEFAULT NULL,
  `State` varchar(255) COLLATE utf8_unicode_ci DEFAULT NULL,
  `SortKey` double DEFAULT NULL,
  `hide` varchar(255) COLLATE utf8_unicode_ci DEFAULT NULL,
  `status` varchar(255) COLLATE utf8_unicode_ci DEFAULT NULL,
  `CreateDateTime` varchar(255) COLLATE utf8_unicode_ci DEFAULT NULL,
  `LastModifyDateTime` varchar(255) COLLATE utf8_unicode_ci DEFAULT NULL,
  `LastModifyBy` varchar(255) COLLATE utf8_unicode_ci DEFAULT NULL
) ENGINE=InnoDB DEFAULT CHARSET=utf8 COLLATE=utf8_unicode_ci;
/*!40101 SET character_set_client = @saved_cs_client */;

--
-- Dumping data for table `statecode`
--

LOCK TABLES `statecode` WRITE;
/*!40000 ALTER TABLE `statecode` DISABLE KEYS */;
INSERT INTO `statecode` VALUES (1,'AK','Alaska',3,'','',NULL,NULL,''),(2,'AL','Alabama',2,'','',NULL,NULL,''),(3,'AR','Arkansas',5,'','',NULL,NULL,''),(4,'AZ','Arizona',4,'','',NULL,NULL,''),(5,'CA','California',1,'','',NULL,NULL,''),(6,'CO','Colorado',6,'','',NULL,NULL,''),(7,'CT','Connecticut',7,'','',NULL,NULL,''),(8,'DC','District of Columbia',9,'','',NULL,NULL,''),(9,'DE','Delaware',8,'','',NULL,NULL,''),(10,'FL','Florida',10,'','',NULL,NULL,''),(11,'GA','Georgia',11,'','',NULL,NULL,''),(12,'GU','Guam',12,'','',NULL,NULL,''),(13,'HI','Hawaii',13,'','',NULL,NULL,''),(14,'IA','Iowa',17,'','',NULL,NULL,''),(15,'ID','Idaho',14,'','',NULL,NULL,''),(16,'IL','Illinois',15,'','',NULL,NULL,''),(17,'IN','Indiana',16,'','',NULL,NULL,''),(18,'KS','Kansas',18,'','',NULL,NULL,''),(19,'KY','Kentucky',19,'','',NULL,NULL,''),(20,'LA','Louisana',20,'','',NULL,NULL,''),(21,'MA','Massachusetts',23,'','',NULL,NULL,''),(22,'MD','Maryland',22,'','',NULL,NULL,''),(23,'ME','Maine',21,'','',NULL,NULL,''),(24,'MI','Michigan',24,'','',NULL,NULL,''),(25,'MN','Minnesota',25,'','',NULL,NULL,''),(26,'MO','Missouri',27,'','',NULL,NULL,''),(27,'MS','Mississippi',26,'','',NULL,NULL,''),(28,'MT','Montana',28,'','',NULL,NULL,''),(29,'NC','North Carolina',35,'','',NULL,NULL,''),(30,'ND','North Dakota',36,'','',NULL,NULL,''),(31,'NE','Nebraska',29,'','',NULL,NULL,''),(32,'NH','New Hampshire',31,'','',NULL,NULL,''),(33,'NJ','New Jersey',32,'','',NULL,NULL,''),(34,'NM','New Mexico',33,'','',NULL,NULL,''),(35,'NV','Nevada',30,'','',NULL,NULL,''),(36,'NY','New York',34,'','',NULL,NULL,''),(37,'OH','Ohio',37,'','',NULL,NULL,''),(38,'OK','Oklahoma',38,'','',NULL,NULL,''),(39,'OR','Oregon',39,'','',NULL,NULL,''),(40,'PA','Pennsylvania',40,'','',NULL,NULL,''),(41,'PR','Puerto Rico',41,'','',NULL,NULL,''),(42,'RI','Rhode Island',42,'','',NULL,NULL,''),(43,'SC','South Carolina',43,'','',NULL,NULL,''),(44,'SD','South Dakota',44,'','',NULL,NULL,''),(45,'TN','Tennessee',45,'','',NULL,NULL,''),(46,'TX','Texas',46,'','',NULL,NULL,''),(47,'UT','Utah',47,'','',NULL,NULL,''),(48,'VA','Virginia',50,'','',NULL,NULL,''),(49,'VI','Virgin Islands',49,'','',NULL,NULL,''),(50,'VT','Vermont',48,'','',NULL,NULL,''),(51,'WA','Washington',51,'','',NULL,NULL,''),(52,'WI','Wisconsin',53,'','',NULL,NULL,''),(53,'WV','West Virginia',52,'','',NULL,NULL,''),(54,'WY','Wyoming',54,'','',NULL,NULL,'');
/*!40000 ALTER TABLE `statecode` ENABLE KEYS */;
UNLOCK TABLES;

--
-- Table structure for table `stdjurisdictionchannelnames`
--

DROP TABLE IF EXISTS `stdjurisdictionchannelnames`;
/*!40101 SET @saved_cs_client     = @@character_set_client */;
/*!40101 SET character_set_client = utf8 */;
CREATE TABLE `stdjurisdictionchannelnames` (
  `ID` double DEFAULT NULL,
  `code` varchar(255) COLLATE utf8_unicode_ci DEFAULT NULL,
  `description` varchar(255) COLLATE utf8_unicode_ci DEFAULT NULL,
  `description2` varchar(255) COLLATE utf8_unicode_ci DEFAULT NULL,
  `interest1` varchar(255) COLLATE utf8_unicode_ci DEFAULT NULL,
  `interest2` varchar(255) COLLATE utf8_unicode_ci DEFAULT NULL,
  `interest3` varchar(255) COLLATE utf8_unicode_ci DEFAULT NULL,
  `interest4` varchar(255) COLLATE utf8_unicode_ci DEFAULT NULL,
  `interest5` varchar(255) COLLATE utf8_unicode_ci DEFAULT NULL,
  `status` varchar(255) COLLATE utf8_unicode_ci DEFAULT NULL,
  `sortkey` double DEFAULT NULL,
  `hide` varchar(255) COLLATE utf8_unicode_ci DEFAULT NULL,
  `CreateDateTime` datetime DEFAULT NULL,
  `LastModifyDateTime` datetime DEFAULT NULL,
  `LastModifyBy` varchar(255) COLLATE utf8_unicode_ci DEFAULT NULL
) ENGINE=InnoDB DEFAULT CHARSET=utf8 COLLATE=utf8_unicode_ci;
/*!40101 SET character_set_client = @saved_cs_client */;

--
-- Dumping data for table `stdjurisdictionchannelnames`
--

LOCK TABLES `stdjurisdictionchannelnames` WRITE;
/*!40000 ALTER TABLE `stdjurisdictionchannelnames` DISABLE KEYS */;
INSERT INTO `stdjurisdictionchannelnames` VALUES (1,'sjc001','Adult Performing Arts, Film and Concerts','entertainment','performing arts','film','live concerts','performing arts',NULL,'active',1,'No','2008-04-22 04:38:17','2008-06-05 15:15:40','Bernard'),(2,'sjc002','Aquariums and Zoos Activities and Exhibit Events','exhibitions','aquariums','zoo','wild animals',NULL,NULL,'active',2,'No','2008-04-22 04:40:23','2008-04-22 04:40:23','System Administrator'),(3,'sjc006','Art Galleries and Art Museums Activities and Exhibit Event','exhibitions','art collection','art galleries','art museums','fine arts','visual arts','active',6,'No','2008-04-22 04:40:33','2008-04-22 04:40:33','System Administrator'),(4,'sjc016','Council Meetings, Hearings, Town Hall Meetings','civic','civics','local government',NULL,NULL,NULL,'active',15,'No','2008-04-22 04:54:31','2008-04-26 01:51:32','System Administrator'),(5,'sjc018','Election and Voting Activities','civic','local government','politics','voting rights',NULL,NULL,'active',17,'No','2008-04-22 04:59:05','2008-04-26 01:52:09','System Administrator'),(24,'sjc029','Observance and Recognition Festivals','entertainment','public events','festivals','community events',NULL,NULL,'active',29,'No','2008-04-26 06:43:36','2008-04-26 06:43:36','System Administrator'),(8,'sjc019','Elementary Public School Activities','public','education','elementary education','youth activities','primary education','early education','active',18,'No','2008-04-22 05:00:55','2008-04-30 11:20:53','System Administrator'),(9,'sjc020','Health, Social Services and Public Welfare Activities and Events','civic','public health','social services','public welfare',NULL,NULL,'active',19,'No','2008-04-22 05:01:43','2008-04-22 05:01:43','System Administrator'),(10,'sjc028','Middle, Junior and High School Activities and Events','public','education','secondary education','youth activities','teens activities','youth activities','active',28,'No','2008-04-22 05:03:32','2008-04-22 05:03:32','System Administrator'),(11,'sjc033','Public Youth Arts, Performing Arts, and Sports Auditions and Registrations','recreation','performing arts','youth arts','youth sports',NULL,NULL,'active',33,'No','2008-04-22 05:04:06','2008-04-30 11:21:58','System Administrator'),(12,'sjc030','Parades and Government Sponsored Public Events','civic','public events','parades','community events',NULL,NULL,'active',30,'No','2008-04-22 05:05:52','2008-04-30 13:04:10','System Administrator'),(13,'sjc032','Parks and Recreation Youth and Family Activities and Events','recreation','recreation','public events','community events',NULL,NULL,'active',32,'No','2008-04-22 05:06:41','2008-04-22 05:06:41','System Administrator'),(14,'sjc031','Parks and Recreation Adult Activities and Events','recreation','recreation','adult activities',NULL,NULL,NULL,'active',31,'No','2008-04-22 05:07:13','2008-04-22 05:07:13','System Administrator'),(15,'sjc036','School District Meetings, Hearings, Activities and Events','civic','civics','local governments','education',NULL,NULL,'active',36,'No','2008-04-22 05:07:53','2008-04-22 05:07:53','System Administrator'),(16,'sjc037','Science and Natural History Museums Activities and Exhibit Events','exhibitions','education','museums','natural history','science','exhibitions','active',37,'No','2008-04-22 05:08:50','2008-04-22 05:08:50','System Administrator'),(17,'sjc038','Seniors Activities and Events','recreation','recreation','seniors activities',NULL,NULL,NULL,'active',38,'No','2008-04-22 05:21:53','2008-04-22 05:21:53','System Administrator'),(18,'sjc045','Teen Activities and Events','recreation','recreation','teen activities',NULL,NULL,NULL,'active',45,'No','2008-04-22 05:25:40','2008-04-22 05:25:40','System Administrator'),(19,'sjc040','Talks, Authors & Speakers Events','entertainment','oratory','public speaking','live concerts','performing arts',NULL,'active',40,'No','2008-04-22 05:25:45','2008-04-22 05:25:45','System Administrator'),(20,'sjc046','Youth and Family Performing Arts, Film and Concerts','entertainment','performing arts','film','live concerts','youth activities','teen activities','active',46,'No','2008-04-22 05:26:16','2008-04-22 05:26:16','System Administrator'),(21,'sjc027','Local Charity Events','public','charity events','community events','philanthropic activities',NULL,NULL,'active',27,'No','2008-04-26 00:08:00','2008-04-26 00:08:19','System Administrator'),(22,'sjc004','Area Neighborhood Street Fairs and Festivals Scene','entertainment','public events','festivals','street fairs','community events',NULL,'active',4,'No','2008-04-25 23:43:27','2008-04-25 23:43:27','System Administrator'),(23,'sjc007','Arts, Food, Music & Beverage Festivals','entertainment','public events','festivals','community events','food','live concerts','active',7,'No','2008-04-25 23:48:54','2008-04-25 23:48:54','System Administrator'),(24,'sjc029','Observance and Recognition Festivals','entertainment','public events','festivals','community events',NULL,NULL,'active',29,'No','2008-04-26 06:43:36','2008-04-26 06:43:36','System Administrator'),(25,'sjc003','Area Music Scene','entertainment','music','performing arts','live concerts',NULL,NULL,'active',3,'Yes','2008-04-25 23:40:46','2008-04-25 23:42:34','System Administrator'),(26,'sjc005','Area Performing Arts Scene','entertainment','music','performing arts','live concerts',NULL,NULL,'active',5,'No','2008-04-25 23:41:46','2008-04-25 23:41:46','System Administrator'),(27,'sjc010','Classical Music Events','entertainment','music','Classical music','live concerts','performing arts','western music','active',10,'No','2008-04-25 23:44:05','2008-04-25 23:44:05','System Administrator'),(28,'sjc017','Country Western Music Events','entertainment','music','Country Western music','live concerts','performing arts',NULL,'active',16,'No','2008-04-25 23:45:03','2008-04-25 23:45:03','System Administrator'),(29,'sjc008','Blue Grass Music Events','entertainment','music','Blue Grass music','live concerts','performing arts',NULL,'active',8,'No','2008-04-25 23:45:42','2008-04-25 23:45:42','System Administrator'),(30,'sjc034','R&B/Hip Hop Music Events','entertainment','music','R&B/Hip Hop music','live concerts','performing arts','urban music','active',34,'No','2008-04-25 23:46:25','2008-04-25 23:46:25','System Administrator'),(31,'sjc025','Jazz Music Events','entertainment','music','Jazz music','live concerts','performing arts',NULL,'active',25,'No','2008-04-25 23:46:51','2008-04-25 23:46:51','System Administrator'),(32,'sjc035','Rock/Pop Music Events','entertainment','music','Rock/Pop music','live concerts','performing arts',NULL,'active',35,'No','2008-04-25 23:47:15','2008-04-25 23:47:15','System Administrator'),(33,'sjc009','Blues Music Events','entertainment','music','Blues music','live concerts','performing arts',NULL,'active',9,'No','2008-04-25 23:49:58','2008-04-25 23:49:58','System Administrator'),(34,'sjc013','Comedy Scene','entertainment','comedy','performing arts','live concerts',NULL,NULL,'active',12,'No','2008-04-25 23:51:03','2008-04-25 23:51:03','System Administrator'),(35,'sjc043','Team Sports - High Schools','recreation','recreation','teen activities','amateur sports','teen sports',NULL,'active',43,'No','2008-04-25 23:52:29','2008-04-25 23:54:10','System Administrator'),(36,'sjc044','Team Sports - Youth Leagues','recreation','recreation','youth activities','amateur sports','youth sports',NULL,'active',44,'No','2008-04-25 23:53:29','2008-04-26 00:11:11','System Administrator'),(37,'sjc041','Team Sports - Adult Leagues','recreation','recreation','adult activities','amateur sports','adult sports',NULL,'active',41,'No','2008-04-25 23:54:33','2008-04-25 23:54:33','System Administrator'),(38,'sjc021','Individual Sports - Track & Field','recreation','recreation','track & field','amateur sports',NULL,NULL,'active',20,'No','2008-04-25 23:55:27','2008-04-25 23:55:27','System Administrator'),(39,'sjc024','Individual Sports - Winter Sports','recreation','recreation','winter sports','amateur sports','winter sports',NULL,'active',23,'No','2008-04-25 23:55:59','2008-04-25 23:55:59','System Administrator'),(40,'sjc023','Individual Sports - Water Sports','recreation','recreation','water sports','amateur sports','water sports',NULL,'active',22,'No','2008-04-25 23:56:21','2008-04-25 23:56:21','System Administrator'),(41,'sjc022','Individual Sports - Vehicle Racing','recreation','recreation','vehicle racing','amateur sports','racing',NULL,'active',21,'No','2008-04-25 23:57:35','2008-04-25 23:57:35','System Administrator'),(42,'sjc042','Team Sports - Amateur Club Sports','recreation','recreation','club sports','amateur sports',NULL,NULL,'active',42,'No','2008-04-25 23:59:23','2008-04-26 00:01:12','System Administrator'),(43,'sjc026','Local Charity Athletic Events','recreation','recreation','charity events','philanthropic activities','athletic events','community events','active',26,'No','2008-04-26 00:10:54','2008-04-26 00:10:54','System Administrator'),(44,'sjc039','Social Club and Church Public Events and Activities','public','social activities','public events','community events',NULL,NULL,'active',39,'No','2008-06-05 02:57:59','2008-06-05 02:57:59','System Administrator'),(45,'sjc015','Consolidated: Community Calendar - Services, Activities and Events','geographic','public event','community events',NULL,NULL,NULL,'active',14,'Yes','2008-06-05 02:58:23','2008-06-05 02:58:23','System Administrator'),(46,'sjc014','Consolidated: All Area Activities and Events','geograhic','public events',NULL,NULL,NULL,NULL,'active',13,'Yes','2008-06-05 03:11:00','2008-06-05 03:11:00','System Administrator'),(47,'sjc012','International Music Events','entertainment','music','International music','live concerts','performing arts','world music','active',24,'No','2008-06-05 15:09:11','2008-06-05 15:09:11','System Administrator');
/*!40000 ALTER TABLE `stdjurisdictionchannelnames` ENABLE KEYS */;
UNLOCK TABLES;

--
-- Table structure for table `subcategories`
--

DROP TABLE IF EXISTS `subcategories`;
/*!40101 SET @saved_cs_client     = @@character_set_client */;
/*!40101 SET character_set_client = utf8 */;
CREATE TABLE `subcategories` (
  `id` int(11) NOT NULL AUTO_INCREMENT,
  `category_id` int(11) DEFAULT NULL,
  `name` varchar(255) COLLATE utf8_unicode_ci DEFAULT NULL,
  `created_at` datetime DEFAULT NULL,
  `updated_at` datetime DEFAULT NULL,
  PRIMARY KEY (`id`)
) ENGINE=InnoDB AUTO_INCREMENT=126 DEFAULT CHARSET=utf8 COLLATE=utf8_unicode_ci;
/*!40101 SET character_set_client = @saved_cs_client */;

--
-- Dumping data for table `subcategories`
--

LOCK TABLES `subcategories` WRITE;
/*!40000 ALTER TABLE `subcategories` DISABLE KEYS */;
INSERT INTO `subcategories` VALUES (1,119,'Subcategory 1','2011-04-02 23:46:34','2011-04-02 23:46:34'),(2,119,'Subcategory 2','2011-04-02 23:46:34','2011-04-02 23:46:34'),(3,119,'Subcategory 3','2011-04-02 23:46:34','2011-04-02 23:46:34'),(4,119,'Subcategory 4','2011-04-02 23:46:34','2011-04-02 23:46:34'),(5,119,'Subcategory 5','2011-04-02 23:46:34','2011-04-02 23:46:34'),(6,125,'Subcategory 1','2011-04-02 23:46:34','2011-04-02 23:46:34'),(7,125,'Subcategory 2','2011-04-02 23:46:34','2011-04-02 23:46:34'),(8,125,'Subcategory 3','2011-04-02 23:46:34','2011-04-02 23:46:34'),(9,125,'Subcategory 4','2011-04-02 23:46:34','2011-04-02 23:46:34'),(10,125,'Subcategory 5','2011-04-02 23:46:34','2011-04-02 23:46:34'),(11,111,'Subcategory 1','2011-04-02 23:46:34','2011-04-02 23:46:34'),(12,111,'Subcategory 2','2011-04-02 23:46:35','2011-04-02 23:46:35'),(13,111,'Subcategory 3','2011-04-02 23:46:35','2011-04-02 23:46:35'),(14,111,'Subcategory 4','2011-04-02 23:46:35','2011-04-02 23:46:35'),(15,111,'Subcategory 5','2011-04-02 23:46:35','2011-04-02 23:46:35'),(16,121,'Subcategory 1','2011-04-02 23:46:35','2011-04-02 23:46:35'),(17,121,'Subcategory 2','2011-04-02 23:46:35','2011-04-02 23:46:35'),(18,121,'Subcategory 3','2011-04-02 23:46:35','2011-04-02 23:46:35'),(19,121,'Subcategory 4','2011-04-02 23:46:35','2011-04-02 23:46:35'),(20,121,'Subcategory 5','2011-04-02 23:46:35','2011-04-02 23:46:35'),(21,118,'Subcategory 1','2011-04-02 23:46:35','2011-04-02 23:46:35'),(22,118,'Subcategory 2','2011-04-02 23:46:35','2011-04-02 23:46:35'),(23,118,'Subcategory 3','2011-04-02 23:46:35','2011-04-02 23:46:35'),(24,118,'Subcategory 4','2011-04-02 23:46:35','2011-04-02 23:46:35'),(25,118,'Subcategory 5','2011-04-02 23:46:35','2011-04-02 23:46:35'),(26,122,'Subcategory 1','2011-04-02 23:46:35','2011-04-02 23:46:35'),(27,122,'Subcategory 2','2011-04-02 23:46:35','2011-04-02 23:46:35'),(28,122,'Subcategory 3','2011-04-02 23:46:35','2011-04-02 23:46:35'),(29,122,'Subcategory 4','2011-04-02 23:46:35','2011-04-02 23:46:35'),(30,122,'Subcategory 5','2011-04-02 23:46:35','2011-04-02 23:46:35'),(31,120,'Subcategory 1','2011-04-02 23:46:35','2011-04-02 23:46:35'),(32,120,'Subcategory 2','2011-04-02 23:46:35','2011-04-02 23:46:35'),(33,120,'Subcategory 3','2011-04-02 23:46:35','2011-04-02 23:46:35'),(34,120,'Subcategory 4','2011-04-02 23:46:35','2011-04-02 23:46:35'),(35,120,'Subcategory 5','2011-04-02 23:46:35','2011-04-02 23:46:35'),(36,109,'Subcategory 1','2011-04-02 23:46:35','2011-04-02 23:46:35'),(37,109,'Subcategory 2','2011-04-02 23:46:35','2011-04-02 23:46:35'),(38,109,'Subcategory 3','2011-04-02 23:46:36','2011-04-02 23:46:36'),(39,109,'Subcategory 4','2011-04-02 23:46:36','2011-04-02 23:46:36'),(40,109,'Subcategory 5','2011-04-02 23:46:36','2011-04-02 23:46:36'),(41,126,'Subcategory 1','2011-04-02 23:46:36','2011-04-02 23:46:36'),(42,126,'Subcategory 2','2011-04-02 23:46:36','2011-04-02 23:46:36'),(43,126,'Subcategory 3','2011-04-02 23:46:36','2011-04-02 23:46:36'),(44,126,'Subcategory 4','2011-04-02 23:46:36','2011-04-02 23:46:36'),(45,126,'Subcategory 5','2011-04-02 23:46:36','2011-04-02 23:46:36'),(46,112,'Subcategory 1','2011-04-02 23:46:36','2011-04-02 23:46:36'),(47,112,'Subcategory 2','2011-04-02 23:46:36','2011-04-02 23:46:36'),(48,112,'Subcategory 3','2011-04-02 23:46:36','2011-04-02 23:46:36'),(49,112,'Subcategory 4','2011-04-02 23:46:36','2011-04-02 23:46:36'),(50,112,'Subcategory 5','2011-04-02 23:46:36','2011-04-02 23:46:36'),(51,129,'Subcategory 1','2011-04-02 23:46:36','2011-04-02 23:46:36'),(52,129,'Subcategory 2','2011-04-02 23:46:36','2011-04-02 23:46:36'),(53,129,'Subcategory 3','2011-04-02 23:46:36','2011-04-02 23:46:36'),(54,129,'Subcategory 4','2011-04-02 23:46:36','2011-04-02 23:46:36'),(55,129,'Subcategory 5','2011-04-02 23:46:36','2011-04-02 23:46:36'),(56,123,'Subcategory 1','2011-04-02 23:46:36','2011-04-02 23:46:36'),(57,123,'Subcategory 2','2011-04-02 23:46:36','2011-04-02 23:46:36'),(58,123,'Subcategory 3','2011-04-02 23:46:36','2011-04-02 23:46:36'),(59,123,'Subcategory 4','2011-04-02 23:46:36','2011-04-02 23:46:36'),(60,123,'Subcategory 5','2011-04-02 23:46:37','2011-04-02 23:46:37'),(61,114,'Subcategory 1','2011-04-02 23:46:37','2011-04-02 23:46:37'),(62,114,'Subcategory 2','2011-04-02 23:46:37','2011-04-02 23:46:37'),(63,114,'Subcategory 3','2011-04-02 23:46:37','2011-04-02 23:46:37'),(64,114,'Subcategory 4','2011-04-02 23:46:37','2011-04-02 23:46:37'),(65,114,'Subcategory 5','2011-04-02 23:46:37','2011-04-02 23:46:37'),(66,124,'Subcategory 1','2011-04-02 23:46:37','2011-04-02 23:46:37'),(67,124,'Subcategory 2','2011-04-02 23:46:37','2011-04-02 23:46:37'),(68,124,'Subcategory 3','2011-04-02 23:46:37','2011-04-02 23:46:37'),(69,124,'Subcategory 4','2011-04-02 23:46:37','2011-04-02 23:46:37'),(70,124,'Subcategory 5','2011-04-02 23:46:37','2011-04-02 23:46:37'),(71,117,'Subcategory 1','2011-04-02 23:46:37','2011-04-02 23:46:37'),(72,117,'Subcategory 2','2011-04-02 23:46:37','2011-04-02 23:46:37'),(73,117,'Subcategory 3','2011-04-02 23:46:37','2011-04-02 23:46:37'),(74,117,'Subcategory 4','2011-04-02 23:46:37','2011-04-02 23:46:37'),(75,117,'Subcategory 5','2011-04-02 23:46:37','2011-04-02 23:46:37'),(76,110,'Subcategory 1','2011-04-02 23:46:37','2011-04-02 23:46:37'),(77,110,'Subcategory 2','2011-04-02 23:46:38','2011-04-02 23:46:38'),(78,110,'Subcategory 3','2011-04-02 23:46:38','2011-04-02 23:46:38'),(79,110,'Subcategory 4','2011-04-02 23:46:38','2011-04-02 23:46:38'),(80,110,'Subcategory 5','2011-04-02 23:46:38','2011-04-02 23:46:38'),(81,127,'Subcategory 1','2011-04-02 23:46:38','2011-04-02 23:46:38'),(82,127,'Subcategory 2','2011-04-02 23:46:38','2011-04-02 23:46:38'),(83,127,'Subcategory 3','2011-04-02 23:46:38','2011-04-02 23:46:38'),(84,127,'Subcategory 4','2011-04-02 23:46:38','2011-04-02 23:46:38'),(85,127,'Subcategory 5','2011-04-02 23:46:38','2011-04-02 23:46:38'),(86,116,'Subcategory 1','2011-04-02 23:46:38','2011-04-02 23:46:38'),(87,116,'Subcategory 2','2011-04-02 23:46:38','2011-04-02 23:46:38'),(88,116,'Subcategory 3','2011-04-02 23:46:38','2011-04-02 23:46:38'),(89,116,'Subcategory 4','2011-04-02 23:46:38','2011-04-02 23:46:38'),(90,116,'Subcategory 5','2011-04-02 23:46:38','2011-04-02 23:46:38'),(91,132,'Subcategory 1','2011-04-02 23:46:38','2011-04-02 23:46:38'),(92,132,'Subcategory 2','2011-04-02 23:46:38','2011-04-02 23:46:38'),(93,132,'Subcategory 3','2011-04-02 23:46:38','2011-04-02 23:46:38'),(94,132,'Subcategory 4','2011-04-02 23:46:38','2011-04-02 23:46:38'),(95,132,'Subcategory 5','2011-04-02 23:46:38','2011-04-02 23:46:38'),(96,131,'Subcategory 1','2011-04-02 23:46:38','2011-04-02 23:46:38'),(97,131,'Subcategory 2','2011-04-02 23:46:38','2011-04-02 23:46:38'),(98,131,'Subcategory 3','2011-04-02 23:46:38','2011-04-02 23:46:38'),(99,131,'Subcategory 4','2011-04-02 23:46:38','2011-04-02 23:46:38'),(100,131,'Subcategory 5','2011-04-02 23:46:38','2011-04-02 23:46:38'),(101,130,'Subcategory 1','2011-04-02 23:46:38','2011-04-02 23:46:38'),(102,130,'Subcategory 2','2011-04-02 23:46:38','2011-04-02 23:46:38'),(103,130,'Subcategory 3','2011-04-02 23:46:38','2011-04-02 23:46:38'),(104,130,'Subcategory 4','2011-04-02 23:46:38','2011-04-02 23:46:38'),(105,130,'Subcategory 5','2011-04-02 23:46:38','2011-04-02 23:46:38'),(106,113,'Subcategory 1','2011-04-02 23:46:39','2011-04-02 23:46:39'),(107,113,'Subcategory 2','2011-04-02 23:46:39','2011-04-02 23:46:39'),(108,113,'Subcategory 3','2011-04-02 23:46:39','2011-04-02 23:46:39'),(109,113,'Subcategory 4','2011-04-02 23:46:39','2011-04-02 23:46:39'),(110,113,'Subcategory 5','2011-04-02 23:46:39','2011-04-02 23:46:39'),(111,128,'Subcategory 1','2011-04-02 23:46:39','2011-04-02 23:46:39'),(112,128,'Subcategory 2','2011-04-02 23:46:39','2011-04-02 23:46:39'),(113,128,'Subcategory 3','2011-04-02 23:46:39','2011-04-02 23:46:39'),(114,128,'Subcategory 4','2011-04-02 23:46:39','2011-04-02 23:46:39'),(115,128,'Subcategory 5','2011-04-02 23:46:39','2011-04-02 23:46:39'),(116,133,'Subcategory 1','2011-04-02 23:46:39','2011-04-02 23:46:39'),(117,133,'Subcategory 2','2011-04-02 23:46:39','2011-04-02 23:46:39'),(118,133,'Subcategory 3','2011-04-02 23:46:39','2011-04-02 23:46:39'),(119,133,'Subcategory 4','2011-04-02 23:46:39','2011-04-02 23:46:39'),(120,133,'Subcategory 5','2011-04-02 23:46:39','2011-04-02 23:46:39'),(121,115,'Subcategory 1','2011-04-02 23:46:39','2011-04-02 23:46:39'),(122,115,'Subcategory 2','2011-04-02 23:46:39','2011-04-02 23:46:39'),(123,115,'Subcategory 3','2011-04-02 23:46:39','2011-04-02 23:46:39'),(124,115,'Subcategory 4','2011-04-02 23:46:39','2011-04-02 23:46:39'),(125,115,'Subcategory 5','2011-04-02 23:46:39','2011-04-02 23:46:39');
/*!40000 ALTER TABLE `subcategories` ENABLE KEYS */;
UNLOCK TABLES;

--
-- Table structure for table `subscriptions`
--

DROP TABLE IF EXISTS `subscriptions`;
/*!40101 SET @saved_cs_client     = @@character_set_client */;
/*!40101 SET character_set_client = utf8 */;
CREATE TABLE `subscriptions` (
  `id` int(11) NOT NULL AUTO_INCREMENT,
  `user_id` int(11) DEFAULT NULL,
  `channel_id` int(11) DEFAULT NULL,
  `created_at` datetime DEFAULT NULL,
  `updated_at` datetime DEFAULT NULL,
  PRIMARY KEY (`id`),
  UNIQUE KEY `index_subscriptions_on_user_id_and_channel_id` (`user_id`,`channel_id`)
) ENGINE=InnoDB AUTO_INCREMENT=216 DEFAULT CHARSET=utf8 COLLATE=utf8_unicode_ci;
/*!40101 SET character_set_client = @saved_cs_client */;

--
-- Dumping data for table `subscriptions`
--

LOCK TABLES `subscriptions` WRITE;
/*!40000 ALTER TABLE `subscriptions` DISABLE KEYS */;
INSERT INTO `subscriptions` VALUES (151,216,198,'2011-05-16 07:15:11','2011-05-16 07:15:11'),(152,216,199,'2011-05-16 07:15:11','2011-05-16 07:15:11'),(153,216,202,'2011-05-16 07:15:11','2011-05-16 07:15:11'),(154,216,211,'2011-05-16 07:15:11','2011-05-16 07:15:11'),(155,216,217,'2011-05-16 07:15:11','2011-05-16 07:15:11'),(156,216,218,'2011-05-16 07:15:11','2011-05-16 07:15:11'),(157,216,226,'2011-05-16 07:15:11','2011-05-16 07:15:11'),(158,216,229,'2011-05-16 07:15:11','2011-05-16 07:15:11'),(159,217,218,'2011-05-16 08:54:51','2011-05-16 08:54:51'),(160,217,200,'2011-05-16 08:54:51','2011-05-16 08:54:51'),(161,217,226,'2011-05-16 08:54:51','2011-05-16 08:54:51'),(162,217,208,'2011-05-16 08:54:51','2011-05-16 08:54:51'),(163,217,206,'2011-05-16 08:54:51','2011-05-16 08:54:51'),(164,217,210,'2011-05-16 08:54:51','2011-05-16 08:54:51'),(165,217,214,'2011-05-16 08:54:51','2011-05-16 08:54:51'),(166,217,231,'2011-05-16 08:54:51','2011-05-16 08:54:51'),(167,217,213,'2011-05-16 08:54:51','2011-05-16 08:54:51'),(168,218,218,'2011-05-16 17:44:15','2011-05-16 17:44:15'),(169,218,200,'2011-05-16 17:44:15','2011-05-16 17:44:15'),(170,218,233,'2011-05-16 17:44:15','2011-05-16 17:44:15'),(171,218,236,'2011-05-16 17:44:15','2011-05-16 17:44:15'),(172,218,235,'2011-05-16 17:44:15','2011-05-16 17:44:15'),(173,218,234,'2011-05-16 17:44:15','2011-05-16 17:44:15'),(174,218,206,'2011-05-16 17:44:15','2011-05-16 17:44:15'),(175,218,210,'2011-05-16 17:44:15','2011-05-16 17:44:15'),(176,218,232,'2011-05-16 17:44:15','2011-05-16 17:44:15'),(177,218,237,'2011-05-16 17:44:15','2011-05-16 17:44:15'),(178,218,230,'2011-05-16 17:44:15','2011-05-16 17:44:15'),(179,218,231,'2011-05-16 17:44:15','2011-05-16 17:44:15'),(180,219,198,'2011-05-16 21:48:04','2011-05-16 21:48:04'),(181,219,199,'2011-05-16 21:48:04','2011-05-16 21:48:04'),(182,219,203,'2011-05-16 21:48:04','2011-05-16 21:48:04'),(183,219,205,'2011-05-16 21:48:04','2011-05-16 21:48:04'),(184,219,208,'2011-05-16 21:48:04','2011-05-16 21:48:04'),(185,219,206,'2011-05-16 21:48:04','2011-05-16 21:48:04'),(186,219,210,'2011-05-16 21:48:04','2011-05-16 21:48:04'),(187,219,211,'2011-05-16 21:48:04','2011-05-16 21:48:04'),(188,219,231,'2011-05-16 21:48:04','2011-05-16 21:48:04'),(189,219,213,'2011-05-16 21:48:04','2011-05-16 21:48:04'),(201,226,198,'2011-05-24 22:20:47','2011-05-24 22:20:47'),(202,226,199,'2011-05-24 22:20:48','2011-05-24 22:20:48'),(203,226,218,'2011-05-24 22:20:48','2011-05-24 22:20:48'),(204,226,200,'2011-05-24 22:20:48','2011-05-24 22:20:48'),(205,226,233,'2011-05-24 22:20:48','2011-05-24 22:20:48'),(206,226,238,'2011-05-24 22:20:48','2011-05-24 22:20:48'),(207,226,216,'2011-05-24 22:20:48','2011-05-24 22:20:48'),(208,226,210,'2011-05-24 22:20:48','2011-05-24 22:20:48'),(209,226,211,'2011-05-24 22:20:48','2011-05-24 22:20:48'),(210,226,237,'2011-05-24 22:20:48','2011-05-24 22:20:48'),(211,227,200,'2011-06-12 18:44:31','2011-06-12 18:44:31'),(212,227,238,'2011-06-12 18:44:31','2011-06-12 18:44:31'),(213,227,216,'2011-06-12 18:44:31','2011-06-12 18:44:31'),(214,227,210,'2011-06-12 18:44:31','2011-06-12 18:44:31'),(215,227,237,'2011-06-12 18:44:31','2011-06-12 18:44:31');
/*!40000 ALTER TABLE `subscriptions` ENABLE KEYS */;
UNLOCK TABLES;

--
-- Table structure for table `tempinterests`
--

DROP TABLE IF EXISTS `tempinterests`;
/*!40101 SET @saved_cs_client     = @@character_set_client */;
/*!40101 SET character_set_client = utf8 */;
CREATE TABLE `tempinterests` (
  `Category` varchar(255) COLLATE utf8_unicode_ci DEFAULT NULL,
  `Interest` varchar(255) COLLATE utf8_unicode_ci DEFAULT NULL,
  `Sortkey` double DEFAULT NULL
) ENGINE=InnoDB DEFAULT CHARSET=utf8 COLLATE=utf8_unicode_ci;
/*!40101 SET character_set_client = @saved_cs_client */;

--
-- Dumping data for table `tempinterests`
--

LOCK TABLES `tempinterests` WRITE;
/*!40000 ALTER TABLE `tempinterests` DISABLE KEYS */;
INSERT INTO `tempinterests` VALUES ('Amateur Sports','Baseball',1),('Amateur Sports','Basketball',2),('Amateur Sports','Football',3),('Amateur Sports','Hockey',4),('Amateur Sports','Soccer',5),('Amateur Sports','Track & Field',6),('Amateur Sports','Other',7),('Arts & Crafts','All',1),('Arts & Crafts','Events',2),('Arts & Crafts','Exhibits',3),('Arts & Crafts','Galleries',4),('Business','All',1),('Business','Conferences ',2),('Business','Job Fairs',3),('Business','Seminars',4),('Business','Speakers',5),('Civic/Government','Assembly meetings',1),('Civic/Government','Elections',2),('Civic/Government','Hearings',3),('Civic/Government','Other',5),('Civic/Government','Town halls',4),('College Sports','All',1),('College Sports','Baseball',2),('College Sports','Basketball',3),('College Sports','Football',4),('College Sports','Hockey',5),('College Sports','Soccer',6),('Community','Charity',1),('Community','Fairs/Parades',2),('Community','Festivals',3),('Community','Seniors',4),('Community','Volunteer',5),('Community','Youth',6),('Community','Other',7),('Education','College',1),('Education','K-12',2),('Education','Other',4),('Education','Seminars',3),('Entertainment','Comedy',1),('Entertainment','Gaming',2),('Entertainment','Movies',3),('Entertainment','Music',4),('Entertainment','Nightlife',5),('Entertainment','Other',8),('Entertainment','Radio',6),('Entertainment','TV',7),('Food & Dining','All',1),('Food & Dining','Culinary Tours',2),('Food & Dining','Food/Wine Events',3),('Food & Dining','Tastings',4),('Health & Fitness','All',1),('Performing Arts','Ballet',1),('Performing Arts','Opera',2),('Performing Arts','Symphony',3),('Performing Arts','Theater',4),('Pro Sports','Auto Racing',1),('Pro Sports','Baseball',2),('Pro Sports','Basketball',3),('Pro Sports','Cricket',4),('Pro Sports','Fighting',5),('Pro Sports','Football',6),('Pro Sports','Golf',7),('Pro Sports','Hockey',8),('Pro Sports','Horse Racing',9),('Pro Sports','Other',11),('Pro Sports','Soccer',10),('Recreation','All',1),('Recreation','Biking',2),('Recreation','Camping',3),('Recreation','Hiking',4),('Recreation','Running',5),('Religion','Baptist',1),('Religion','Buddist',2),('Religion','Catholic',3),('Religion','Christian',4),('Religion','Hindu',5),('Religion','Islam',6),('Religion','Other',7),('Shopping ','All',1),('Shopping ','Auto',2),('Shopping ','Farmers Markets',3),('Shopping ','Fashion Shows',4),('Shopping ','Home & Garden ',5),('Shopping ','Sales/Promotions',6),('Shopping ','Shows/Fairs',7),('Technology','All',1),('Technology','Conferences ',2),('Technology','Job Fairs',3),('Technology','Seminars',4),('Technology','Speakers',5),('Travel & Tourism','All',1),('Travel & Tourism','Guided Tours',2);
/*!40000 ALTER TABLE `tempinterests` ENABLE KEYS */;
UNLOCK TABLES;

--
-- Table structure for table `time_ranges`
--

DROP TABLE IF EXISTS `time_ranges`;
/*!40101 SET @saved_cs_client     = @@character_set_client */;
/*!40101 SET character_set_client = utf8 */;
CREATE TABLE `time_ranges` (
  `id` int(11) NOT NULL AUTO_INCREMENT,
  `description` varchar(255) COLLATE utf8_unicode_ci DEFAULT NULL,
  `hide` varchar(255) COLLATE utf8_unicode_ci DEFAULT NULL,
  `numdays` int(11) DEFAULT NULL,
  `sortkey` int(11) DEFAULT NULL,
  `created_at` datetime DEFAULT NULL,
  `updated_at` datetime DEFAULT NULL,
  PRIMARY KEY (`id`)
) ENGINE=InnoDB DEFAULT CHARSET=utf8 COLLATE=utf8_unicode_ci;
/*!40101 SET character_set_client = @saved_cs_client */;

--
-- Dumping data for table `time_ranges`
--

LOCK TABLES `time_ranges` WRITE;
/*!40000 ALTER TABLE `time_ranges` DISABLE KEYS */;
/*!40000 ALTER TABLE `time_ranges` ENABLE KEYS */;
UNLOCK TABLES;

--
-- Table structure for table `user_events`
--

DROP TABLE IF EXISTS `user_events`;
/*!40101 SET @saved_cs_client     = @@character_set_client */;
/*!40101 SET character_set_client = utf8 */;
CREATE TABLE `user_events` (
  `id` int(11) NOT NULL AUTO_INCREMENT,
  `user_id` int(11) DEFAULT NULL,
  `event_id` int(11) DEFAULT NULL,
  `created_at` datetime DEFAULT NULL,
  `updated_at` datetime DEFAULT NULL,
  PRIMARY KEY (`id`),
  UNIQUE KEY `index_user_events_on_user_id_and_event_id` (`user_id`,`event_id`),
  KEY `index_user_events_on_user_id` (`user_id`),
  KEY `index_user_events_on_event_id` (`event_id`)
) ENGINE=InnoDB DEFAULT CHARSET=utf8 COLLATE=utf8_unicode_ci;
/*!40101 SET character_set_client = @saved_cs_client */;

--
-- Dumping data for table `user_events`
--

LOCK TABLES `user_events` WRITE;
/*!40000 ALTER TABLE `user_events` DISABLE KEYS */;
/*!40000 ALTER TABLE `user_events` ENABLE KEYS */;
UNLOCK TABLES;

--
-- Table structure for table `user_photos`
--

DROP TABLE IF EXISTS `user_photos`;
/*!40101 SET @saved_cs_client     = @@character_set_client */;
/*!40101 SET character_set_client = utf8 */;
CREATE TABLE `user_photos` (
  `id` int(11) NOT NULL AUTO_INCREMENT,
  `user_id` int(11) DEFAULT NULL,
  `description` varchar(255) COLLATE utf8_unicode_ci DEFAULT NULL,
  `created_at` datetime DEFAULT NULL,
  `updated_at` datetime DEFAULT NULL,
  `photo_file_name` varchar(255) COLLATE utf8_unicode_ci DEFAULT NULL,
  `photo_content_type` varchar(255) COLLATE utf8_unicode_ci DEFAULT NULL,
  `photo_file_size` int(11) DEFAULT NULL,
  `photo_updated_at` datetime DEFAULT NULL,
  PRIMARY KEY (`id`),
  KEY `index_user_photos_on_user_id` (`user_id`)
) ENGINE=InnoDB DEFAULT CHARSET=utf8 COLLATE=utf8_unicode_ci;
/*!40101 SET character_set_client = @saved_cs_client */;

--
-- Dumping data for table `user_photos`
--

LOCK TABLES `user_photos` WRITE;
/*!40000 ALTER TABLE `user_photos` DISABLE KEYS */;
/*!40000 ALTER TABLE `user_photos` ENABLE KEYS */;
UNLOCK TABLES;

--
-- Table structure for table `users`
--

DROP TABLE IF EXISTS `users`;
/*!40101 SET @saved_cs_client     = @@character_set_client */;
/*!40101 SET character_set_client = utf8 */;
CREATE TABLE `users` (
  `id` int(11) NOT NULL AUTO_INCREMENT,
  `email` varchar(255) COLLATE utf8_unicode_ci NOT NULL DEFAULT '',
  `encrypted_password` varchar(128) COLLATE utf8_unicode_ci NOT NULL DEFAULT '',
  `password_salt` varchar(255) COLLATE utf8_unicode_ci NOT NULL DEFAULT '',
  `reset_password_token` varchar(255) COLLATE utf8_unicode_ci DEFAULT NULL,
  `remember_token` varchar(255) COLLATE utf8_unicode_ci DEFAULT NULL,
  `remember_created_at` datetime DEFAULT NULL,
  `sign_in_count` int(11) DEFAULT '0',
  `current_sign_in_at` datetime DEFAULT NULL,
  `last_sign_in_at` datetime DEFAULT NULL,
  `current_sign_in_ip` varchar(255) COLLATE utf8_unicode_ci DEFAULT NULL,
  `last_sign_in_ip` varchar(255) COLLATE utf8_unicode_ci DEFAULT NULL,
  `created_at` datetime DEFAULT NULL,
  `updated_at` datetime DEFAULT NULL,
  `first_name` varchar(255) COLLATE utf8_unicode_ci DEFAULT NULL,
  `last_name` varchar(255) COLLATE utf8_unicode_ci DEFAULT NULL,
  `city` varchar(255) COLLATE utf8_unicode_ci DEFAULT NULL,
  `birth_date` date DEFAULT NULL,
  `gender` varchar(255) COLLATE utf8_unicode_ci DEFAULT NULL,
  `location_id` int(11) DEFAULT NULL,
  `username` varchar(255) COLLATE utf8_unicode_ci DEFAULT NULL,
  `time_zone` varchar(255) COLLATE utf8_unicode_ci DEFAULT NULL,
  PRIMARY KEY (`id`),
  UNIQUE KEY `index_users_on_email` (`email`),
  UNIQUE KEY `index_users_on_reset_password_token` (`reset_password_token`),
  KEY `index_users_on_location_id` (`location_id`),
  KEY `index_users_on_username` (`username`)
) ENGINE=InnoDB AUTO_INCREMENT=228 DEFAULT CHARSET=utf8 COLLATE=utf8_unicode_ci;
/*!40101 SET character_set_client = @saved_cs_client */;

--
-- Dumping data for table `users`
--

LOCK TABLES `users` WRITE;
/*!40000 ALTER TABLE `users` DISABLE KEYS */;
INSERT INTO `users` VALUES (9,'harry@test.com','$2a$10$s1CG8050PpTR4VZjMuku.eHYNEO7nrm1mVHJAHE9KllfDWgrOSj1G','$2a$10$s1CG8050PpTR4VZjMuku.e',NULL,NULL,NULL,1,'2011-03-24 05:58:35','2011-03-24 05:58:35','127.0.0.1','127.0.0.1','2011-03-24 05:58:35','2011-03-24 05:58:35','Harry','Test','Los Angeles','1975-03-24',NULL,NULL,NULL,NULL),(10,'jack@test.com','$2a$10$37zBh46AgjIXxxvBLab0FuD.uY08OMsz5s6pa3Spj223vPXObxok2','$2a$10$37zBh46AgjIXxxvBLab0Fu',NULL,NULL,NULL,1,'2011-03-27 02:06:11','2011-03-27 02:06:11','127.0.0.1','127.0.0.1','2011-03-27 02:06:11','2011-03-27 02:06:11','Jack','Test','Detroit','1964-03-27','Male',NULL,NULL,NULL),(11,'ralph@test.com','$2a$10$PX3BWMmOz4HKhf4U8JKM.uTSueOHfrK6bpcXTi10D.zs3HYHrGrY.','$2a$10$PX3BWMmOz4HKhf4U8JKM.u',NULL,NULL,NULL,1,'2011-03-27 03:21:24','2011-03-27 03:21:24','127.0.0.1','127.0.0.1','2011-03-27 03:21:24','2011-03-27 03:21:24','Ralph','Test','Los Angeles','1978-03-27','Male',NULL,NULL,NULL),(12,'don@test.com','$2a$10$7z1v3zX1B1fMsfQpJoLkyeyg1o04obgzNrihTQgE4lG4spig4VZ7e','$2a$10$7z1v3zX1B1fMsfQpJoLkye',NULL,NULL,NULL,5,'2011-03-27 18:47:22','2011-03-27 17:51:52','127.0.0.1','127.0.0.1','2011-03-27 03:23:37','2011-03-27 18:47:22','Don','Test','Chicago','1980-03-27','Male',NULL,NULL,NULL),(13,'david@test.com','$2a$10$plo4oY7lMEEGLv6VwCWqtO7HM3K9xMneHCs1gnzXgRb0do6yvvRI2','$2a$10$plo4oY7lMEEGLv6VwCWqtO',NULL,NULL,NULL,1,'2011-03-27 03:34:20','2011-03-27 03:34:20','127.0.0.1','127.0.0.1','2011-03-27 03:34:20','2011-03-27 03:34:20','David','Test','New York','1977-03-27','Male',NULL,NULL,NULL),(14,'max@test.com','$2a$10$Udar1xUxYyQM8tIw8coQHe5qfU6OTzCpwoUCPU3KtHMgAjUIGV9uO','$2a$10$Udar1xUxYyQM8tIw8coQHe',NULL,NULL,NULL,1,'2011-03-27 03:38:28','2011-03-27 03:38:28','127.0.0.1','127.0.0.1','2011-03-27 03:38:28','2011-03-27 03:38:28','Max','Test','New York','1989-03-27','Male',NULL,NULL,NULL),(15,'al@test.com','$2a$10$owNnpQ1zrIyDjGGXRFV3l.X6J2nKkmJiQgaAIVJ3KviKCahTbspWq','$2a$10$owNnpQ1zrIyDjGGXRFV3l.',NULL,NULL,NULL,1,'2011-03-27 04:59:49','2011-03-27 04:59:49','127.0.0.1','127.0.0.1','2011-03-27 04:59:49','2011-03-27 04:59:49','Al','Test','Detroit','1961-03-27','Male',NULL,NULL,NULL),(16,'nelson@test.com','$2a$10$4XPHLhhXIOiSavCMoMzKEecHpaDeGuBBp2nOZpvGQe9RKOoZBucGu','$2a$10$4XPHLhhXIOiSavCMoMzKEe',NULL,NULL,NULL,1,'2011-03-27 05:30:45','2011-03-27 05:30:45','127.0.0.1','127.0.0.1','2011-03-27 05:30:45','2011-03-27 05:30:45','Nelson','Test','Chicago','1980-03-27','Male',NULL,NULL,NULL),(17,'dean@test.com','$2a$10$m8iDYZ1KjwKI94bB7HkxlOwvUp9c7bXL6RDTRn2fU7MVrB3snMjMK','$2a$10$m8iDYZ1KjwKI94bB7HkxlO',NULL,NULL,NULL,1,'2011-03-27 06:06:03','2011-03-27 06:06:03','127.0.0.1','127.0.0.1','2011-03-27 06:06:03','2011-03-27 06:06:03','Dean','Test','Detroit','1963-05-27','Male',NULL,NULL,NULL),(18,'ben@test.com','$2a$10$wy2.4XVShf79RrnIlBu29OsgZj2EIeaCZ4XgcUhDsKjY5WOnJieFu','$2a$10$wy2.4XVShf79RrnIlBu29O',NULL,NULL,NULL,1,'2011-03-27 06:55:38','2011-03-27 06:55:38','127.0.0.1','127.0.0.1','2011-03-27 06:55:38','2011-03-27 06:55:38','Ben','Test','New York','1950-03-27','Male',NULL,NULL,NULL),(19,'jody@test.com','$2a$10$6LVGmOqUYvaL5R80dKS.l.AN80zy.r6MMVqjyOAQdx0yRqg6SoCQa','$2a$10$6LVGmOqUYvaL5R80dKS.l.',NULL,NULL,NULL,1,'2011-03-27 07:07:42','2011-03-27 07:07:42','127.0.0.1','127.0.0.1','2011-03-27 07:07:42','2011-03-27 07:07:42','Jody','Test','Los Angeles','1957-03-27','Female',NULL,NULL,NULL),(20,'seth@test.com','$2a$10$W4n.eXKSrGg686EfYnLFB.Z/FlD.YfpxR1gRHidnnxWiLGY.emn0a','$2a$10$W4n.eXKSrGg686EfYnLFB.',NULL,NULL,NULL,1,'2011-03-27 07:28:13','2011-03-27 07:28:13','127.0.0.1','127.0.0.1','2011-03-27 07:28:13','2011-03-27 07:28:13','Seth','Test','Los Angeles','1979-03-27','Male',NULL,NULL,NULL),(21,'bill@test.com','$2a$10$PpLYmELjKbkpCwghncMxKuRiHHaJPJJHnHpGVxYFRKsqMIANH3Zfi','$2a$10$PpLYmELjKbkpCwghncMxKu',NULL,NULL,NULL,5,'2011-03-28 22:45:02','2011-03-28 22:44:25','127.0.0.1','127.0.0.1','2011-03-27 19:11:31','2011-03-28 22:45:02','Bill','Test','Detroit','1965-03-27','Male',NULL,NULL,NULL),(22,'andy@test.com','$2a$10$u80HP6J9d1dxl33Arv4jzeJbouxa5wQ1jxz9gRKUtvbH16iA6velm','$2a$10$u80HP6J9d1dxl33Arv4jze',NULL,NULL,NULL,1,'2011-03-27 19:23:31','2011-03-27 19:23:31','127.0.0.1','127.0.0.1','2011-03-27 19:23:31','2011-03-27 19:23:31','Andy','Test','New York','1989-03-27','Male',NULL,NULL,NULL),(23,'stan@test.com','$2a$10$fvHL2nzKbOxAsnG1.LooGeoPe4NzMnvDRXmf5T4PE2BkQkP4NW3Iu','$2a$10$fvHL2nzKbOxAsnG1.LooGe',NULL,NULL,NULL,1,'2011-03-27 22:48:02','2011-03-27 22:48:02','127.0.0.1','127.0.0.1','2011-03-27 22:48:01','2011-03-27 22:48:02','Stan','Test','New York','1980-03-27','Male',NULL,NULL,NULL),(24,'wilson@test.com','$2a$10$jzZ9q1r77AkdZIOsgy.lw.lNLPS/jQJ3LfwyCpbDHMuyNR/qBD1kS','$2a$10$jzZ9q1r77AkdZIOsgy.lw.',NULL,NULL,NULL,1,'2011-03-27 23:32:20','2011-03-27 23:32:20','127.0.0.1','127.0.0.1','2011-03-27 23:32:20','2011-03-27 23:32:20','Wilson','Test','Los Angeles','1985-03-27','Male',NULL,NULL,NULL),(25,'jake@test.com','$2a$10$IuILhiRrvBl3v/iys./Vh.YpIIEj4aETsblTBRXHVGXGsaXxtuyqG','$2a$10$IuILhiRrvBl3v/iys./Vh.',NULL,NULL,NULL,1,'2011-03-28 00:38:52','2011-03-28 00:38:52','127.0.0.1','127.0.0.1','2011-03-28 00:38:52','2011-03-28 00:38:52','Jake','Test','Chicago','1984-03-28','Male',NULL,NULL,NULL),(26,'kirk@test.com','$2a$10$7bPTVGOmyz/jGDoAhzbuWu4Ojmy0MHm/pCTe9fVBBCapk4HJ.6iKy','$2a$10$7bPTVGOmyz/jGDoAhzbuWu',NULL,NULL,NULL,1,'2011-03-28 00:58:56','2011-03-28 00:58:56','127.0.0.1','127.0.0.1','2011-03-28 00:58:56','2011-03-28 00:58:56','Kirk','Test','Detroit','1983-03-28','Male',NULL,NULL,NULL),(27,'manny@test.com','$2a$10$sw4Wi6gmAYXE8b5ofRxcpexkDGvED4/CQccGRn7h961K.RaG6223G','$2a$10$sw4Wi6gmAYXE8b5ofRxcpe',NULL,NULL,NULL,1,'2011-03-28 01:18:56','2011-03-28 01:18:56','127.0.0.1','127.0.0.1','2011-03-28 01:18:56','2011-03-28 01:18:56','Manny','Test','Los Angeles','1963-03-28','Male',NULL,NULL,NULL),(28,'cecelia@test.com','$2a$10$M.oKSQMzGng9.0F6O0L6KuGcfZfDM09Yqn3gn/UDe8L.RsGwA7s8q','$2a$10$M.oKSQMzGng9.0F6O0L6Ku',NULL,NULL,NULL,1,'2011-03-28 01:48:44','2011-03-28 01:48:44','127.0.0.1','127.0.0.1','2011-03-28 01:48:44','2011-03-28 01:48:44','Cecelia','Test','Detroit','1969-03-06','Female',NULL,NULL,NULL),(29,'ruby@test.com','$2a$10$dkTkPiIghMeXyRzbeM1hju0I63ia5l9TGEOnxZeulDLMCzj7FLNgq','$2a$10$dkTkPiIghMeXyRzbeM1hju',NULL,NULL,NULL,1,'2011-03-28 04:17:55','2011-03-28 04:17:55','127.0.0.1','127.0.0.1','2011-03-28 04:17:55','2011-03-28 04:17:55','Ruby','Test','Chicago','1976-03-28','Female',NULL,NULL,NULL),(30,'fred@test.com','$2a$10$1oCvdkLhUGfDP2FV/YLEDeWz.LIQAqlTKRbKMiTE3l8gsE0HnilWG','$2a$10$1oCvdkLhUGfDP2FV/YLEDe',NULL,NULL,NULL,1,'2011-03-28 05:21:32','2011-03-28 05:21:32','127.0.0.1','127.0.0.1','2011-03-28 05:21:32','2011-03-28 05:21:32','Fred','Test','San Francisco','1985-03-28','Male',NULL,NULL,NULL),(31,'gary@test.com','$2a$10$OSUoagJIq975WQvN3dd1fOtQfAJkDseaCajQchjvbHlv/eYmPX4J2','$2a$10$OSUoagJIq975WQvN3dd1fO',NULL,NULL,NULL,1,'2011-03-28 05:34:50','2011-03-28 05:34:50','127.0.0.1','127.0.0.1','2011-03-28 05:34:50','2011-03-28 05:34:50','Gary','Test','Detroit','1980-03-28','Male',NULL,NULL,NULL),(32,'liz@test.com','$2a$10$LLwy13jrDH3TewPgj1vBEuAOlOnIyTljfduIj.oBTqZu87UB7g2au','$2a$10$LLwy13jrDH3TewPgj1vBEu',NULL,NULL,NULL,1,'2011-03-28 06:07:09','2011-03-28 06:07:09','127.0.0.1','127.0.0.1','2011-03-28 06:07:09','2011-03-28 06:07:09','Liz','Test','Chicago','1938-03-28','Female',NULL,NULL,NULL),(33,'janet@test.com','$2a$10$wWOQ1uInRElFhhrCCZ5K6ehOxgHdV5vxzLZ.UtIsKxW1Kfv2/xU7m','$2a$10$wWOQ1uInRElFhhrCCZ5K6e',NULL,NULL,NULL,1,'2011-03-28 06:50:03','2011-03-28 06:50:03','127.0.0.1','127.0.0.1','2011-03-28 06:50:03','2011-03-28 06:50:03','Janet','Test','Detroit','1990-03-28','Female',NULL,NULL,NULL),(34,'kim@test.com','$2a$10$NwMKKQpq9lN/p6cHE18Wpu59BJvKPFW2xQ2LnRg5WKLB2/11uTRnC','$2a$10$NwMKKQpq9lN/p6cHE18Wpu',NULL,NULL,NULL,1,'2011-03-28 06:57:28','2011-03-28 06:57:28','127.0.0.1','127.0.0.1','2011-03-28 06:57:28','2011-03-28 06:57:28','Kim','Test','Detroit','1980-03-28','Female',NULL,NULL,NULL),(35,'ron@test.com','$2a$10$sdOzdfmAJvRxAbjzIOHB8uA37.g5tZrn9WuUWweIRXhMWplXIK.Bq','$2a$10$sdOzdfmAJvRxAbjzIOHB8u',NULL,NULL,NULL,1,'2011-03-28 07:00:38','2011-03-28 07:00:38','127.0.0.1','127.0.0.1','2011-03-28 07:00:38','2011-03-28 07:00:38','Ron','Test','Detroit','1969-03-28','Male',NULL,NULL,NULL),(36,'allan@test.com','$2a$10$xeaVTI97lV.AvhfwHvWMI.Wcfm5BbaDtQlOlT.TlP6r.1sgK4d5OO','$2a$10$xeaVTI97lV.AvhfwHvWMI.',NULL,NULL,NULL,1,'2011-03-28 07:22:53','2011-03-28 07:22:53','127.0.0.1','127.0.0.1','2011-03-28 07:22:53','2011-03-28 07:22:53','Allan','Test','Chicago','1960-03-28','Male',NULL,NULL,NULL),(37,'josh@test.com','$2a$10$A/4EWlMe2KUJSOQ7mw3bteaDMiTDqPsRwFAKPug.A95xPqjS1HjZq','$2a$10$A/4EWlMe2KUJSOQ7mw3bte',NULL,NULL,NULL,1,'2011-03-28 07:32:05','2011-03-28 07:32:05','127.0.0.1','127.0.0.1','2011-03-28 07:32:05','2011-03-28 07:32:05','Josh','Test','Los Angeles','1982-03-28','Male',NULL,NULL,NULL),(38,'mike@test.com','$2a$10$MvpWKN1KWD2xQfLnTcZoTO/J0b4sGVHtRtBReFp3sJdSU3ZAi4P9q','$2a$10$MvpWKN1KWD2xQfLnTcZoTO',NULL,NULL,NULL,1,'2011-03-28 17:34:11','2011-03-28 17:34:11','127.0.0.1','127.0.0.1','2011-03-28 17:34:10','2011-03-28 17:34:11','Mike','Test','New York','1987-03-28','Male',NULL,NULL,NULL),(39,'mark@test.com','$2a$10$tG6sxaOZzTG/SIBOSxZ9ku9Ic8hqrF9gfgDTh/qeptHorjhPPnR5.','$2a$10$tG6sxaOZzTG/SIBOSxZ9ku',NULL,NULL,NULL,1,'2011-03-28 17:55:24','2011-03-28 17:55:24','127.0.0.1','127.0.0.1','2011-03-28 17:55:24','2011-03-28 17:55:24','Mark','Test','Detroit','1971-03-28','Male',NULL,NULL,NULL),(40,'diane@test.com','$2a$10$DbIKVFESOD6tffQklGAf.eD3Ow1ahx7iJFni7BDAr.fEgX2aK7AB2','$2a$10$DbIKVFESOD6tffQklGAf.e',NULL,NULL,NULL,1,'2011-03-28 17:58:55','2011-03-28 17:58:55','127.0.0.1','127.0.0.1','2011-03-28 17:58:54','2011-03-28 17:58:55','Diane','Test','Detroit','1947-03-28','Female',NULL,NULL,NULL),(41,'paul@test.com','$2a$10$2W5CdFZJKFbhi8ngca6NQe1s3S5VeC7JDNcFdBSwWTIfH7R7/8/ba','$2a$10$2W5CdFZJKFbhi8ngca6NQe',NULL,NULL,NULL,1,'2011-03-28 18:00:04','2011-03-28 18:00:04','127.0.0.1','127.0.0.1','2011-03-28 18:00:04','2011-03-28 18:00:04','Paul','Test','Los Angeles','1962-03-28','Male',NULL,NULL,NULL),(42,'marvin@test.com','$2a$10$8xm9EF1O1pyHn3M2EUKnSOpWM3rWbhI53ky7gVhYlh5ym0ozvx25i','$2a$10$8xm9EF1O1pyHn3M2EUKnSO',NULL,NULL,NULL,1,'2011-03-28 18:37:50','2011-03-28 18:37:50','127.0.0.1','127.0.0.1','2011-03-28 18:37:49','2011-03-28 18:37:50','Marvin','Test','Chicago','1987-03-28','Male',NULL,NULL,NULL),(43,'zach@test.com','$2a$10$D.Wb9ts6Whgtd/dePQ61SeiCY2O/XQLVn2a4pqMjv8Vh6c/zN7CFC','$2a$10$D.Wb9ts6Whgtd/dePQ61Se',NULL,NULL,NULL,1,'2011-03-28 18:42:13','2011-03-28 18:42:13','127.0.0.1','127.0.0.1','2011-03-28 18:42:13','2011-03-28 18:42:13','Zach','Test','San Francisco','1970-03-28','Male',NULL,NULL,NULL),(44,'kathy@test.com','$2a$10$ebtWbn8Usz3BtjlokZVT7On3LEgVzeXk7DGWugJfR1TjCyNenMnqS','$2a$10$ebtWbn8Usz3BtjlokZVT7O',NULL,NULL,NULL,1,'2011-03-28 18:46:31','2011-03-28 18:46:31','127.0.0.1','127.0.0.1','2011-03-28 18:46:31','2011-03-28 18:46:31','Kathy','Test','Chicago','1968-03-28','Female',NULL,NULL,NULL),(45,'denise@test.com','$2a$10$AoByn4Ii4sfnvCZEpgJO5egh.yLQV46mDwu2NJPE.0OtB8N7O9BIi','$2a$10$AoByn4Ii4sfnvCZEpgJO5e',NULL,NULL,NULL,1,'2011-03-28 18:49:06','2011-03-28 18:49:06','127.0.0.1','127.0.0.1','2011-03-28 18:49:06','2011-03-28 18:49:06','Denise','Test','Detroit','1954-03-28','Female',NULL,NULL,NULL),(46,'jared@test.com','$2a$10$CvwU.wK2LhZYxN7hgtySxeaC3GyVsEzuIdMjARWyFh3fxfmkYEwJa','$2a$10$CvwU.wK2LhZYxN7hgtySxe',NULL,NULL,NULL,1,'2011-03-28 19:06:18','2011-03-28 19:06:18','127.0.0.1','127.0.0.1','2011-03-28 19:06:18','2011-03-28 19:06:18','Jared','Test','Detroit','1956-03-28','Male',NULL,NULL,NULL),(47,'earl@test.com','$2a$10$U2a.siLLHP3R9KU9vb5xP.25MAOqOEm.LflDmTRwNgqhczl9Sy/H.','$2a$10$U2a.siLLHP3R9KU9vb5xP.',NULL,NULL,NULL,1,'2011-03-28 19:07:40','2011-03-28 19:07:40','127.0.0.1','127.0.0.1','2011-03-28 19:07:40','2011-03-28 19:07:40','Earl','Test','Los Angeles','1968-03-28','Male',NULL,NULL,NULL),(48,'chuck@test.com','$2a$10$wXdnfex0gJcsFnnfEg3t8euj8/VGoRLtoH.b3.5M6u3AN17KvOhZ6','$2a$10$wXdnfex0gJcsFnnfEg3t8e',NULL,NULL,NULL,1,'2011-03-28 19:08:45','2011-03-28 19:08:45','127.0.0.1','127.0.0.1','2011-03-28 19:08:44','2011-03-28 19:08:45','Chuck','Test','Los Angeles','1953-03-28','Male',NULL,NULL,NULL),(49,'jill@test.com','$2a$10$uL0rpmxomhNe0j3TWwkXnucIhHo13NQU24A/F7oz6MoJpHhGv2FLm','$2a$10$uL0rpmxomhNe0j3TWwkXnu',NULL,NULL,NULL,1,'2011-03-28 19:49:17','2011-03-28 19:49:17','127.0.0.1','127.0.0.1','2011-03-28 19:49:17','2011-03-28 19:49:17','Jill','Test','Los Angeles','1961-03-28','Female',NULL,NULL,NULL),(50,'frank@test.com','$2a$10$Q4s.s9bqXZfKhvEkn/N6guwGQEEjWOOz2VkzqxBs3iwC9WHvzgs66','$2a$10$Q4s.s9bqXZfKhvEkn/N6gu',NULL,NULL,NULL,3,'2011-03-28 23:13:56','2011-03-28 23:11:27','127.0.0.1','127.0.0.1','2011-03-28 19:51:06','2011-03-28 23:13:56','Frank','Test','Los Angeles','1939-03-28','Male',NULL,NULL,NULL),(51,'vic@test.com','$2a$10$k75D.80jbJ1PnabfD.Oy2.zjXQL7bNcm543TPhoLVquXzHy3p5eEO','$2a$10$k75D.80jbJ1PnabfD.Oy2.',NULL,NULL,NULL,1,'2011-03-28 19:53:20','2011-03-28 19:53:20','127.0.0.1','127.0.0.1','2011-03-28 19:53:20','2011-03-28 19:53:20','Vic','Test','New York','1977-03-28','Male',NULL,NULL,NULL),(52,'jed@test.com','$2a$10$.dSM/sBdp0bjlgvc2o9vn.7aHxm3VXcE36JEMdCClwFxWmMCiWyum','$2a$10$.dSM/sBdp0bjlgvc2o9vn.',NULL,NULL,NULL,1,'2011-03-28 20:01:07','2011-03-28 20:01:07','127.0.0.1','127.0.0.1','2011-03-28 20:01:07','2011-03-28 20:01:07','Jed','Test','Los Angeles','1930-03-28','Male',NULL,NULL,NULL),(53,'cole@test.com','$2a$10$fVEX9k3ElINgw3IfdIFrt.IsrrOTcNYE3mPHN.I1kxIXZYelzTcwi','$2a$10$fVEX9k3ElINgw3IfdIFrt.',NULL,NULL,NULL,1,'2011-03-28 20:07:11','2011-03-28 20:07:11','127.0.0.1','127.0.0.1','2011-03-28 20:07:11','2011-03-28 20:07:11','Cole','Test','San Francisco','1979-03-28','Male',NULL,NULL,NULL),(54,'val@test.com','$2a$10$T75bVz40l0bvR0AXA/XrAOkLgME.IXg6WorlUz.6wW44BsGgiM5ki','$2a$10$T75bVz40l0bvR0AXA/XrAO',NULL,NULL,NULL,1,'2011-03-28 20:11:07','2011-03-28 20:11:07','127.0.0.1','127.0.0.1','2011-03-28 20:11:07','2011-03-28 20:11:07','Val','Test','Detroit','1979-03-28','Female',NULL,NULL,NULL),(55,'andre@test.com','$2a$10$8e36hbhry1r7JdXOfky2Ge543y3yJUPPnq4Cd4lTwvECqytDk2uoW','$2a$10$8e36hbhry1r7JdXOfky2Ge',NULL,NULL,NULL,1,'2011-03-28 20:15:27','2011-03-28 20:15:27','127.0.0.1','127.0.0.1','2011-03-28 20:15:27','2011-03-28 20:15:27','Andre','Test','New York','1972-03-28','Male',NULL,NULL,NULL),(56,'hal@test.com','$2a$10$JGj29Rnox/W1m8BG0/WDn.0rM9PfCaleR6gibsoDiIAjF8nxI2w4C','$2a$10$JGj29Rnox/W1m8BG0/WDn.',NULL,NULL,NULL,1,'2011-03-28 20:31:07','2011-03-28 20:31:07','127.0.0.1','127.0.0.1','2011-03-28 20:31:07','2011-03-28 20:31:07','Hal','Test','Chicago','1988-03-28','Male',NULL,NULL,NULL),(57,'carol@test.com','$2a$10$4IU5bo.PFBxJ5insyIPwku28tJouZhtVc3GHwiA0h1TVjBmFj6/CS','$2a$10$4IU5bo.PFBxJ5insyIPwku',NULL,NULL,NULL,1,'2011-03-28 20:43:02','2011-03-28 20:43:02','127.0.0.1','127.0.0.1','2011-03-28 20:43:02','2011-03-28 20:43:02','Carol','Test','Detroit','1939-03-28','Male',NULL,NULL,NULL),(58,'nicole@test.com','$2a$10$16IlL7pI5XXM/ivFv0ZKZeG76Bg9vTp0HvEvsss.herFlKQlI70WO','$2a$10$16IlL7pI5XXM/ivFv0ZKZe',NULL,NULL,NULL,1,'2011-03-28 20:48:10','2011-03-28 20:48:10','127.0.0.1','127.0.0.1','2011-03-28 20:48:10','2011-03-28 20:48:10','Nicole','Test','Los Angeles','1979-03-28','Female',NULL,NULL,NULL),(59,'keith@test.com','$2a$10$M7dyWR.Cnce6ybVfMX8PsescAU0tlv0AhEgB03bAUhEDYpDSLxjsC','$2a$10$M7dyWR.Cnce6ybVfMX8Pse',NULL,NULL,NULL,1,'2011-03-28 20:56:00','2011-03-28 20:56:00','127.0.0.1','127.0.0.1','2011-03-28 20:56:00','2011-03-28 20:56:00','Keith','Test','Detroit','1967-03-28','Male',NULL,NULL,NULL),(60,'matt@test.com','$2a$10$MWDDkq.JdvHldEimXE9rv.HsdGS65TXv7UnfZFvI/ydutGX.PpmYe','$2a$10$MWDDkq.JdvHldEimXE9rv.',NULL,NULL,NULL,1,'2011-03-29 00:16:27','2011-03-29 00:16:27','127.0.0.1','127.0.0.1','2011-03-29 00:16:27','2011-03-29 00:16:27','Matt','Test','Detroit','1982-03-29','Male',NULL,NULL,NULL),(61,'vince@test.com','$2a$10$AWnH2rwX3raIf9D1IndqVev.R/RkGphiA6yAymeyrax7R74pGbMXS','$2a$10$AWnH2rwX3raIf9D1IndqVe',NULL,NULL,NULL,2,'2011-03-29 00:31:22','2011-03-29 00:18:15','127.0.0.1','127.0.0.1','2011-03-29 00:18:15','2011-03-29 00:31:22','Vince','Test','Los Angeles','1990-03-29','Male',NULL,NULL,NULL),(62,'scott@test.com','$2a$10$tZMsdAD75zy/nadNVt1N9Ow6PhIEGNFPEGYQsyw2Ny6GL6J7.F.DW','$2a$10$tZMsdAD75zy/nadNVt1N9O',NULL,NULL,NULL,1,'2011-03-29 00:34:03','2011-03-29 00:34:03','127.0.0.1','127.0.0.1','2011-03-29 00:34:03','2011-03-29 00:34:03','Scott','Test','Detroit','1973-03-29','Male',NULL,NULL,NULL),(63,'sally@test.com','$2a$10$LQydP0.gBr5UNIP/v9byG.fe.D/oQb8CwKYg6aMJ8x7oFTymtUnJa','$2a$10$LQydP0.gBr5UNIP/v9byG.',NULL,NULL,NULL,1,'2011-03-29 00:52:24','2011-03-29 00:52:24','127.0.0.1','127.0.0.1','2011-03-29 00:52:24','2011-03-29 00:52:24','Sally','Test','Detroit','1970-03-29','Female',NULL,NULL,NULL),(64,'vicki@test.com','$2a$10$TI6FTnQIc7NKTNnQVLpizOr5KjH.cqvAWHNCh31map1XOg2HKuc4S','$2a$10$TI6FTnQIc7NKTNnQVLpizO',NULL,NULL,NULL,1,'2011-03-29 00:54:50','2011-03-29 00:54:50','127.0.0.1','127.0.0.1','2011-03-29 00:54:50','2011-03-29 00:54:50','Vicki','Test','Detroit','1968-03-29','Female',NULL,NULL,NULL),(65,'pete@test.com','$2a$10$AconOT5PiNBhZ9hQYQLPduxbvixc.GSmdFImfZx1UVU6xomsmFT2O','$2a$10$AconOT5PiNBhZ9hQYQLPdu',NULL,NULL,NULL,1,'2011-03-29 01:14:47','2011-03-29 01:14:47','127.0.0.1','127.0.0.1','2011-03-29 01:14:47','2011-03-29 01:14:47','Pete','Test','Detroit','1989-03-29','Male',NULL,NULL,NULL),(66,'jerry@test.com','$2a$10$huP/isX33TVa.rz2zWShvejUML1r2UnZODx.8c.zGxA31iApUz2Iq','$2a$10$huP/isX33TVa.rz2zWShve',NULL,NULL,NULL,1,'2011-03-29 03:09:47','2011-03-29 03:09:47','127.0.0.1','127.0.0.1','2011-03-29 03:09:47','2011-03-29 03:09:47','Jerry','Test','San Francisco','1964-03-29','Male',NULL,NULL,NULL),(67,'damon@test.com','$2a$10$wuBBqBRHC2L9.8KbyxwuguIbBkML/38Mf5NyudciXQZwj/kmhmfC6','$2a$10$wuBBqBRHC2L9.8Kbyxwugu',NULL,NULL,NULL,1,'2011-03-29 03:25:59','2011-03-29 03:25:59','127.0.0.1','127.0.0.1','2011-03-29 03:25:59','2011-03-29 03:25:59','Damon','Test','Chicago','1970-03-29','Male',NULL,NULL,NULL),(68,'phil@test.com','$2a$10$/CUhQQqA2ORfwySinimy0uiU6JfI1lx9CkbrdXSuVu/RttjcbIOI2','$2a$10$/CUhQQqA2ORfwySinimy0u',NULL,NULL,NULL,1,'2011-03-29 04:20:26','2011-03-29 04:20:26','127.0.0.1','127.0.0.1','2011-03-29 04:20:26','2011-03-29 04:20:26','Phil','Test','Los Angeles','1960-03-29','Male',NULL,NULL,NULL),(69,'molly@test.com','$2a$10$bxVVz5ckit3Ps/AicjuJb.NYzzIRS.vAWk5pEwWgcpOaAbuH2PjRy','$2a$10$bxVVz5ckit3Ps/AicjuJb.',NULL,NULL,NULL,1,'2011-03-29 04:31:30','2011-03-29 04:31:30','127.0.0.1','127.0.0.1','2011-03-29 04:31:30','2011-03-29 04:31:30','Molly','Test','New York','1970-03-29','Female',NULL,NULL,NULL),(70,'tim@test.com','$2a$10$xJvtAJpu/6CL9dObSx/CueXaaxrUTRw0aiUEZR.vbjg.RxJN3QDWi','$2a$10$xJvtAJpu/6CL9dObSx/Cue',NULL,NULL,NULL,1,'2011-03-29 06:03:19','2011-03-29 06:03:19','127.0.0.1','127.0.0.1','2011-03-29 06:03:19','2011-03-29 06:03:19','Tim','Test','Chicago','1966-03-29','Male',NULL,NULL,NULL),(71,'nancy@test.com','$2a$10$11zsE/B4dQY1Lu3xEk26kOFUQI760Fppfzx3TNtpaK5WsP9A9ltmm','$2a$10$11zsE/B4dQY1Lu3xEk26kO',NULL,NULL,NULL,1,'2011-03-29 06:10:28','2011-03-29 06:10:28','127.0.0.1','127.0.0.1','2011-03-29 06:10:28','2011-03-29 06:10:28','Nancy','Test','New York','1986-03-29','Female',NULL,NULL,NULL),(72,'derek@test.com','$2a$10$2bhWGHfkUXXkyV5QA6zhmOb3LUhKMw9EHc7fAtVNM9RnTKHTNs2f2','$2a$10$2bhWGHfkUXXkyV5QA6zhmO',NULL,NULL,NULL,1,'2011-03-29 07:27:17','2011-03-29 07:27:17','127.0.0.1','127.0.0.1','2011-03-29 07:27:17','2011-03-29 07:27:17','Derek','Test','New York','1979-03-29','Male',NULL,NULL,NULL),(73,'cody@test.com','$2a$10$cGV3fUonIE7IxBst5PjtgOeoy/mJ83LR4Ob7iU2XhvRQYWY9./hLO','$2a$10$cGV3fUonIE7IxBst5PjtgO',NULL,NULL,NULL,1,'2011-03-29 17:41:34','2011-03-29 17:41:34','127.0.0.1','127.0.0.1','2011-03-29 17:41:34','2011-03-29 17:41:34','Cody','Test','Chicago','1965-03-29','Male',NULL,NULL,NULL),(74,'lee@test.com','$2a$10$B8QBS7p1VE9t63TZ7fAVOOtzSlJm94.i/NUlRGxB90WNXQOoDcdoq','$2a$10$B8QBS7p1VE9t63TZ7fAVOO',NULL,NULL,NULL,1,'2011-03-29 18:13:38','2011-03-29 18:13:38','127.0.0.1','127.0.0.1','2011-03-29 18:13:38','2011-03-29 18:13:38','Lee','Test','Detroit','1971-03-29','Female',NULL,NULL,NULL),(75,'larry@test.com','$2a$10$11eY4LjUu6D5.X7JTjoIQuC1i4v/A11o2HLdVakPOeF0s.WPhJoGu','$2a$10$11eY4LjUu6D5.X7JTjoIQu',NULL,NULL,NULL,1,'2011-03-29 18:19:15','2011-03-29 18:19:15','127.0.0.1','127.0.0.1','2011-03-29 18:19:15','2011-03-29 18:19:15','Larry','Test','New York','1965-03-29','Male',NULL,NULL,NULL),(76,'pat@test.com','$2a$10$KqyNPorzQePSQrE.6AJ4wuHm3QnX.aRnZ/2IcaU2z.eMEkqJAnU52','$2a$10$KqyNPorzQePSQrE.6AJ4wu',NULL,NULL,NULL,1,'2011-03-29 18:20:51','2011-03-29 18:20:51','127.0.0.1','127.0.0.1','2011-03-29 18:20:51','2011-03-29 18:20:51','Pat','Test','Detroit','1951-03-29','Male',NULL,NULL,NULL),(77,'will@test.com','$2a$10$ImzJ4MFacrbxEOrpq42jlefgvrqF8.2so3SP5hrKQ0AqNDcewseRK','$2a$10$ImzJ4MFacrbxEOrpq42jle',NULL,NULL,NULL,1,'2011-03-29 18:23:21','2011-03-29 18:23:21','127.0.0.1','127.0.0.1','2011-03-29 18:23:21','2011-03-29 18:23:21','Will','Test','Chicago','1925-03-29','Male',NULL,NULL,NULL),(78,'russ@test.com','$2a$10$cifrpK42.WeW4tOWG5Qgm.ajCuEVLbD1m7VYSBUbUrxT9rmt9qz7u','$2a$10$cifrpK42.WeW4tOWG5Qgm.',NULL,NULL,NULL,1,'2011-03-29 18:42:53','2011-03-29 18:42:53','127.0.0.1','127.0.0.1','2011-03-29 18:42:53','2011-03-29 18:42:53','Russ','Test','New York','1974-03-29','Male',NULL,NULL,NULL),(79,'brian@test.com','$2a$10$R/Uv5KG8Aie3YMi8.hMkuuR3MM/M7ei.GjsM0BLmVEAMA9jZIsYHy','$2a$10$R/Uv5KG8Aie3YMi8.hMkuu',NULL,NULL,NULL,1,'2011-03-29 19:19:34','2011-03-29 19:19:34','127.0.0.1','127.0.0.1','2011-03-29 19:19:34','2011-03-29 19:19:34','Brian','Test','Detroit','1962-03-29','Male',NULL,NULL,NULL),(80,'jon@test.com','$2a$10$zGHF.rp5shcA4lOQ6F5W2e52U3sLzy61FLX5LwRKYcxVAZxuqKbFS','$2a$10$zGHF.rp5shcA4lOQ6F5W2e',NULL,NULL,NULL,1,'2011-03-29 19:20:46','2011-03-29 19:20:46','127.0.0.1','127.0.0.1','2011-03-29 19:20:46','2011-03-29 19:20:46','Jon','Test','Chicago','1973-03-29','Male',NULL,NULL,NULL),(81,'brenda@test.com','$2a$10$Doy5rfM3Vm94uC9WvKgfRehVXQq/7aeUTEIIJabDZhPClbsGgv6Uy','$2a$10$Doy5rfM3Vm94uC9WvKgfRe',NULL,NULL,NULL,1,'2011-03-30 05:28:41','2011-03-30 05:28:41','127.0.0.1','127.0.0.1','2011-03-30 05:28:40','2011-03-30 05:28:41','Brenda','Test','Chicago','1959-03-30','Female',NULL,NULL,NULL),(82,'carrie@test.com','$2a$10$tybmRA9xyWrrSUm5hPyp1u3MQY9Mjb490feSsoa16pX8PJ8V.XLQy','$2a$10$tybmRA9xyWrrSUm5hPyp1u',NULL,NULL,NULL,1,'2011-03-30 05:50:01','2011-03-30 05:50:01','127.0.0.1','127.0.0.1','2011-03-30 05:50:01','2011-03-30 05:50:01','Carrie','Test','Detroit','1968-03-30','Female',NULL,NULL,NULL),(83,'gene@test.com','$2a$10$T3qLk9jT/uU6/7sTyn6k1egHLzYHwxixMOLVV4c1RQqXubQF3om3O','$2a$10$T3qLk9jT/uU6/7sTyn6k1e',NULL,NULL,NULL,1,'2011-03-30 06:17:46','2011-03-30 06:17:46','127.0.0.1','127.0.0.1','2011-03-30 06:17:46','2011-03-30 06:17:46','Gene','Test','New York','1970-03-30','Male',NULL,NULL,NULL),(84,'clark@test.com','$2a$10$YRDVlwSdcrn2.8LOS7Lfhu1hB4qZHXGwWUxx170Dvn2eQJvO0YRNq','$2a$10$YRDVlwSdcrn2.8LOS7Lfhu',NULL,NULL,NULL,1,'2011-03-30 06:22:10','2011-03-30 06:22:10','127.0.0.1','127.0.0.1','2011-03-30 06:22:10','2011-03-30 06:22:10','Clark','Test','San Francisco','1983-03-30','Male',NULL,NULL,NULL),(85,'chris@test.com','$2a$10$3GG8HpRffbhEnG517ecBte11XWZmafhKU2G/h1DyYw655F.WSllaK','$2a$10$3GG8HpRffbhEnG517ecBte',NULL,NULL,NULL,1,'2011-04-01 16:54:34','2011-04-01 16:54:34','127.0.0.1','127.0.0.1','2011-04-01 16:54:33','2011-04-01 16:54:34','Chris','Test','Detroit','1963-04-01','Male',NULL,NULL,NULL),(86,'adam@test.com','$2a$10$iQsqJfgxecndeMs7LeLzleM/GcP.xg35vewR23JxTrEtcyTuCZ3gy','$2a$10$iQsqJfgxecndeMs7LeLzle',NULL,NULL,NULL,1,'2011-04-01 16:56:36','2011-04-01 16:56:36','127.0.0.1','127.0.0.1','2011-04-01 16:56:36','2011-04-01 16:56:36','Adam','Test','Los Angeles','1957-04-01','Male',NULL,NULL,NULL),(87,'quinn@test.com','$2a$10$Yw71EGCmviIkxgo8yk3vWe6e0x5cCi0II1SeTSGl6UpUcUFmMifWa','$2a$10$Yw71EGCmviIkxgo8yk3vWe',NULL,NULL,NULL,1,'2011-04-01 16:58:20','2011-04-01 16:58:20','127.0.0.1','127.0.0.1','2011-04-01 16:58:20','2011-04-01 16:58:20','Quinn','Test','Chicago','1966-04-01','Male',NULL,NULL,NULL),(88,'todd@test.com','$2a$10$2SMxEOTfas3aHntiTxP8c./9UaCcM9c9mPn/xz1r9DvHbQzaXAc1.','$2a$10$2SMxEOTfas3aHntiTxP8c.',NULL,NULL,NULL,1,'2011-04-01 17:26:26','2011-04-01 17:26:26','127.0.0.1','127.0.0.1','2011-04-01 17:26:26','2011-04-01 17:26:26','Todd','Test','Detroit','1988-04-01','Male',NULL,NULL,NULL),(89,'rod@test.com','$2a$10$v8i0Ub7LbJ8nEF6VOL7w1O/JEOgRg0eBN6zHn5T8j4G1gBClQ9oH.','$2a$10$v8i0Ub7LbJ8nEF6VOL7w1O',NULL,NULL,NULL,1,'2011-04-01 20:31:48','2011-04-01 20:31:48','127.0.0.1','127.0.0.1','2011-04-01 20:31:48','2011-04-01 20:31:48','Rod','Test','Los Angeles','1954-04-01','Male',NULL,NULL,NULL),(90,'brad@test.com','$2a$10$cuuWyoNBfuewyrEojHYZ.OAx2ijq2Tfh2JI5c.TnhcR7b88xVG5s6','$2a$10$cuuWyoNBfuewyrEojHYZ.O',NULL,NULL,NULL,1,'2011-04-01 23:47:24','2011-04-01 23:47:24','127.0.0.1','127.0.0.1','2011-04-01 23:47:24','2011-04-01 23:47:24','Brad','Test','San Francisco','1971-04-01','Male',NULL,NULL,NULL),(91,'kelly@test.com','$2a$10$qXaFlMvOy.VMIgfloHMz9.RFrG75hXIhASxRa37fxBfi.TdfTwDvi','$2a$10$qXaFlMvOy.VMIgfloHMz9.',NULL,NULL,NULL,1,'2011-04-02 00:03:53','2011-04-02 00:03:53','127.0.0.1','127.0.0.1','2011-04-02 00:03:53','2011-04-02 00:03:53','Kelly','Test','Los Angeles','1978-04-02','Female',NULL,NULL,NULL),(92,'len@test.com','$2a$10$VAYjukPXHMjX0u3XAoqOgegcT3.rmURjLBVKQuV5wSHrE1FkJB4R6','$2a$10$VAYjukPXHMjX0u3XAoqOge',NULL,NULL,NULL,1,'2011-04-02 00:05:09','2011-04-02 00:05:09','127.0.0.1','127.0.0.1','2011-04-02 00:05:09','2011-04-02 00:05:09','Len','Test','Chicago','1955-04-02','Male',NULL,NULL,NULL),(93,'rich@test.com','$2a$10$.5WBLgnsNGnlK2L0MBwTM.af.3T2Y7gVrtHwopC3yayi21dpaX00q','$2a$10$.5WBLgnsNGnlK2L0MBwTM.',NULL,NULL,NULL,1,'2011-04-02 00:07:21','2011-04-02 00:07:21','127.0.0.1','127.0.0.1','2011-04-02 00:07:21','2011-04-02 00:07:21','Rich','Test','Los Angeles','1966-04-02','Male',NULL,NULL,NULL),(94,'walt@test.com','$2a$10$RStb9T.nkyyz4KI9MtKaseiEvdF4N3.dtK95aEfsPFjyBaFpOmyjq','$2a$10$RStb9T.nkyyz4KI9MtKase',NULL,NULL,NULL,1,'2011-04-02 01:02:35','2011-04-02 01:02:35','127.0.0.1','127.0.0.1','2011-04-02 01:02:35','2011-04-02 01:02:35','Walt','Test','Los Angeles','1980-04-02','Male',NULL,NULL,NULL),(95,'eric@test.com','$2a$10$zZq1ZodGkI92NHJk.VfnGOpeYTNZzx5QHHEqK5AK5tw4r44UbRbeu','$2a$10$zZq1ZodGkI92NHJk.VfnGO',NULL,NULL,NULL,1,'2011-04-02 01:04:38','2011-04-02 01:04:38','127.0.0.1','127.0.0.1','2011-04-02 01:04:38','2011-04-02 01:04:38','Eric','Test','Los Angeles','1981-04-02','Male',NULL,NULL,NULL),(96,'evan@test.com','$2a$10$CXC44u//czptFWAC0lNOO.0/1XTh6BWbA8tI6zyOqhdjWnoYTd81a','$2a$10$CXC44u//czptFWAC0lNOO.',NULL,NULL,NULL,1,'2011-04-02 01:07:08','2011-04-02 01:07:08','127.0.0.1','127.0.0.1','2011-04-02 01:07:08','2011-04-02 01:07:08','Evan','Test','San Francisco','1962-04-02','Male',NULL,NULL,NULL),(97,'edith@test.com','$2a$10$HqRzKONZlTVlZZtFPoroM.Z/yiszDkEV.SzTaIwAwy4kyGgS1YhHS','$2a$10$HqRzKONZlTVlZZtFPoroM.',NULL,NULL,NULL,1,'2011-04-02 01:38:44','2011-04-02 01:38:44','127.0.0.1','127.0.0.1','2011-04-02 01:38:44','2011-04-02 01:38:44','Edith','Test','Los Angeles','1966-04-02','Female',NULL,NULL,NULL),(98,'mel@test.com','$2a$10$kwymLN3Bh8WKwN8NwrbNwutSBHlBVRhcFbEwevYbhrV8foMbojBN.','$2a$10$kwymLN3Bh8WKwN8NwrbNwu',NULL,NULL,NULL,1,'2011-04-02 01:41:24','2011-04-02 01:41:24','127.0.0.1','127.0.0.1','2011-04-02 01:41:24','2011-04-02 01:41:24','Mel','Test','Detroit','1977-04-02','Male',NULL,NULL,NULL),(99,'emily@test.com','$2a$10$l8kGcJYYdEVA9S6GctOgBezJ2w1oVpNkcXIFyBD0lGbJCQOBm58EG','$2a$10$l8kGcJYYdEVA9S6GctOgBe',NULL,NULL,NULL,1,'2011-04-02 02:07:19','2011-04-02 02:07:19','127.0.0.1','127.0.0.1','2011-04-02 02:07:19','2011-04-02 02:07:19','Emily','Test','San Francisco','1970-04-02','Female',NULL,NULL,NULL),(100,'steve@test.com','$2a$10$wP3VDzitZtSWV2hbmRyhfu6oeH5yneAoN74f0UK.HkypTUw5TFwgu','$2a$10$wP3VDzitZtSWV2hbmRyhfu',NULL,NULL,NULL,1,'2011-04-02 02:12:06','2011-04-02 02:12:06','127.0.0.1','127.0.0.1','2011-04-02 02:12:06','2011-04-02 02:12:06','Steve','Test','Chicago','1971-04-02','Male',NULL,NULL,NULL),(101,'anne@test.com','$2a$10$NdaCleMHTBWFx27w.CTHMehlsqPfU.ThtYT6OadGU8RVzFXzKWGiW','$2a$10$NdaCleMHTBWFx27w.CTHMe',NULL,NULL,NULL,1,'2011-04-02 03:13:14','2011-04-02 03:13:14','127.0.0.1','127.0.0.1','2011-04-02 03:13:14','2011-04-02 03:13:14','Anne','Test','Los Angeles','1947-04-02','Female',NULL,NULL,NULL),(102,'betty@test.com','$2a$10$hWxAU.z/6GKnPr9.EzayL.8BG3WcUMc9kIlczmPjTqm1XBNC7LAiy','$2a$10$hWxAU.z/6GKnPr9.EzayL.',NULL,NULL,NULL,1,'2011-04-02 04:00:16','2011-04-02 04:00:16','127.0.0.1','127.0.0.1','2011-04-02 04:00:16','2011-04-02 04:00:16','Betty','Test','Chicago','1963-04-02','Female',NULL,NULL,NULL),(103,'amy@test.com','$2a$10$9pm.4ly9NmmdPXvdB1UtV.zh1.C2i9y1A2hkgKMtKKc8xZ1QX/iQO','$2a$10$9pm.4ly9NmmdPXvdB1UtV.',NULL,NULL,NULL,1,'2011-04-02 04:17:13','2011-04-02 04:17:13','127.0.0.1','127.0.0.1','2011-04-02 04:17:13','2011-04-02 04:17:13','Amy','Test','New York','1961-04-02','Female',NULL,NULL,NULL),(104,'nat@test.com','$2a$10$MZ/xlMljaubUgv2EqHjcdu50Pf2BoAkUuzIj36znNi76JweD4fzR2','$2a$10$MZ/xlMljaubUgv2EqHjcdu',NULL,NULL,NULL,1,'2011-04-02 04:24:13','2011-04-02 04:24:13','127.0.0.1','127.0.0.1','2011-04-02 04:24:12','2011-04-02 04:24:13','Nat','Test','Los Angeles','1964-04-02','Male',NULL,NULL,NULL),(105,'sherry@test.com','$2a$10$ZBFCEcG4U06mOKSRp9vTR.QNOLb5p4ykhxO6Gz2pprnvcyW20F2dG','$2a$10$ZBFCEcG4U06mOKSRp9vTR.',NULL,NULL,NULL,1,'2011-04-02 05:05:26','2011-04-02 05:05:26','127.0.0.1','127.0.0.1','2011-04-02 05:05:26','2011-04-02 05:05:26','Sherry','Test','Los Angeles','1961-04-02','Female',NULL,NULL,NULL),(106,'julia@test.com','$2a$10$BjbhJ5sja7TI01Ot2tkfMOoZ9sFtw8.L4F84qb3ZOch3WtN53IvZq','$2a$10$BjbhJ5sja7TI01Ot2tkfMO',NULL,NULL,NULL,1,'2011-04-02 06:02:01','2011-04-02 06:02:01','127.0.0.1','127.0.0.1','2011-04-02 06:02:01','2011-04-02 06:02:01','Julia','Test','New York','1958-04-02','Female',NULL,NULL,NULL),(107,'perry@test.com','$2a$10$UmKTc658Kcu20FjxjzBi3OnvYqgiD97yNAov9h8oHu6uRqxm3BIlO','$2a$10$UmKTc658Kcu20FjxjzBi3O',NULL,NULL,NULL,1,'2011-04-02 06:11:43','2011-04-02 06:11:43','127.0.0.1','127.0.0.1','2011-04-02 06:11:43','2011-04-02 06:11:43','Perry','Test','Detroit','1971-04-02','Male',NULL,NULL,NULL),(108,'shirley@test.com','$2a$10$ZJcRPwNtN14F.qu5euIHx.y2whO1VWq0pJmnxBlnrpMtwBxISfrIC','$2a$10$ZJcRPwNtN14F.qu5euIHx.',NULL,NULL,NULL,1,'2011-04-02 06:18:15','2011-04-02 06:18:15','127.0.0.1','127.0.0.1','2011-04-02 06:18:15','2011-04-02 06:18:15','Shirley','Test','Detroit','1988-04-02','Female',NULL,NULL,NULL),(109,'dick@test.com','$2a$10$tenDkGEmkg4flBlNra6zJ.dyvjw377EdvAaBZIrPkkLlzMWIIa1tm','$2a$10$tenDkGEmkg4flBlNra6zJ.',NULL,NULL,NULL,1,'2011-04-02 07:03:53','2011-04-02 07:03:53','127.0.0.1','127.0.0.1','2011-04-02 07:03:53','2011-04-02 07:03:53','Dick','Test','Los Angeles','1975-04-02','Male',NULL,NULL,NULL),(110,'alice@test.com','$2a$10$EPdMtnq6vBr7hllxDP7v0u.KcEEbYf9oLRm/KtJ7gwIiYqKzTg.tu','$2a$10$EPdMtnq6vBr7hllxDP7v0u',NULL,NULL,NULL,1,'2011-04-02 17:19:06','2011-04-02 17:19:06','127.0.0.1','127.0.0.1','2011-04-02 17:19:05','2011-04-02 17:19:06','Alice','Test','Detroit','1972-04-02','Female',NULL,NULL,NULL),(111,'sharon@test.com','$2a$10$lHtPQ6IKIrD.LXV2QHFyg.CK9XpR3uiAlTHEI8cHGMmBwAMAh/w8K','$2a$10$lHtPQ6IKIrD.LXV2QHFyg.',NULL,NULL,NULL,1,'2011-04-02 17:20:55','2011-04-02 17:20:55','127.0.0.1','127.0.0.1','2011-04-02 17:20:55','2011-04-02 17:20:55','Sharon','Test','Los Angeles','1983-04-02','Female',NULL,NULL,NULL),(112,'jim@test.com','$2a$10$4fG3VBxBh.XY1h3T4T40W.CritUUMvusbKEWpBfhbSW.iv16ZaX6K','$2a$10$4fG3VBxBh.XY1h3T4T40W.',NULL,NULL,NULL,1,'2011-04-02 18:08:05','2011-04-02 18:08:05','127.0.0.1','127.0.0.1','2011-04-02 18:08:05','2011-04-02 18:08:05','Jim','Test','New York','1960-04-02','Male',NULL,NULL,NULL),(113,'sonny@test.com','$2a$10$myJAFMLNkWeJOhTTL2ucwuX4/GXfBm9TxZklANrnx2xRl0ZAw4DMS','$2a$10$myJAFMLNkWeJOhTTL2ucwu',NULL,NULL,NULL,1,'2011-04-02 18:10:04','2011-04-02 18:10:04','127.0.0.1','127.0.0.1','2011-04-02 18:10:04','2011-04-02 18:10:04','Sonny','Test','Los Angeles','1954-04-02','Male',NULL,NULL,NULL),(114,'marcia@test.com','$2a$10$b.5YwJsk1nHV3/xyLhu6SeLhbO/GH8xvuf1/xUt7KcQtd0P56y1JC','$2a$10$b.5YwJsk1nHV3/xyLhu6Se',NULL,NULL,NULL,1,'2011-04-03 01:53:55','2011-04-03 01:53:55','127.0.0.1','127.0.0.1','2011-04-03 01:53:55','2011-04-03 01:53:55','Marcia','Test','Detroit','1963-04-03','Female',NULL,NULL,NULL),(115,'kerry@test.com','$2a$10$R1qav0n4yPkYPsdoldnJbemeS7sNElc/HkuFk5LW7TjxCEPTET2KK','$2a$10$R1qav0n4yPkYPsdoldnJbe',NULL,NULL,NULL,1,'2011-04-03 03:53:46','2011-04-03 03:53:46','127.0.0.1','127.0.0.1','2011-04-03 03:53:46','2011-04-03 03:53:46','Kerry','Test','San Francisco','1986-04-03','Male',NULL,NULL,NULL),(116,'nick@test.com','$2a$10$7TuUrHkcY5vK5x5xohjYxeM2SW52cDPho8xvLdpiy7W6Rxr8Sp15.','$2a$10$7TuUrHkcY5vK5x5xohjYxe',NULL,NULL,NULL,1,'2011-04-03 04:13:08','2011-04-03 04:13:08','127.0.0.1','127.0.0.1','2011-04-03 04:13:08','2011-04-03 04:13:08','Nick','Test','Los Angeles','1966-04-03','Male',NULL,NULL,NULL),(117,'gina@test.com','$2a$10$bUNONNhMfdUc/w9wrX.mwOxW5X2GGDHrt2xFMjcFO1L/lZHOOpIbK','$2a$10$bUNONNhMfdUc/w9wrX.mwO',NULL,NULL,NULL,1,'2011-04-03 17:40:52','2011-04-03 17:40:52','127.0.0.1','127.0.0.1','2011-04-03 17:40:52','2011-04-03 17:40:52','Gina','Test','Detroit','1973-04-03','Female',NULL,NULL,NULL),(118,'sara@test.com','$2a$10$woWwXL8GVcZOgtTTL86bWO9HMauEakO63/AhJd2LPC9YSsprMtcTe','$2a$10$woWwXL8GVcZOgtTTL86bWO',NULL,NULL,NULL,1,'2011-04-03 18:36:01','2011-04-03 18:36:01','127.0.0.1','127.0.0.1','2011-04-03 18:36:01','2011-04-03 18:36:01','Sara','Test','Los Angeles','1960-04-03','Female',NULL,NULL,NULL),(119,'suzy@test.com','$2a$10$lcVbdZRu9oGok2YW08FAhuejrUhWF38/io0LXi2r6YlKTzh5lwile','$2a$10$lcVbdZRu9oGok2YW08FAhu',NULL,NULL,NULL,1,'2011-04-03 19:34:12','2011-04-03 19:34:12','127.0.0.1','127.0.0.1','2011-04-03 19:34:12','2011-04-03 19:34:12','Suzy','Test','Los Angeles','1970-04-03','Female',NULL,NULL,NULL),(120,'glenn@test.com','$2a$10$0gAkjj5JyT2DK8Zod3t4vuoW337As8jLOVfcdgxJ7yPckzuaLZkJG','$2a$10$0gAkjj5JyT2DK8Zod3t4vu',NULL,NULL,NULL,1,'2011-04-03 19:35:17','2011-04-03 19:35:17','127.0.0.1','127.0.0.1','2011-04-03 19:35:17','2011-04-03 19:35:17','Glenn','Test','Detroit','1962-04-03','Male',NULL,NULL,NULL),(121,'tina@test.com','$2a$10$4Hm4VmMvCMnRonz5/XIfLeYTZY6iCTQHC9EFLR4sT1jUtBY.RiNm.','$2a$10$4Hm4VmMvCMnRonz5/XIfLe',NULL,NULL,NULL,1,'2011-04-03 19:36:31','2011-04-03 19:36:31','127.0.0.1','127.0.0.1','2011-04-03 19:36:31','2011-04-03 19:36:31','Tina','Test','Detroit','1960-04-03','Female',NULL,NULL,NULL),(122,'dino@test.com','$2a$10$1BRxQ6q1B9603OdnVBd0M.e8n31py9J1Es17jqNHlNtHJQMl95zva','$2a$10$1BRxQ6q1B9603OdnVBd0M.',NULL,NULL,NULL,1,'2011-04-03 19:39:23','2011-04-03 19:39:23','127.0.0.1','127.0.0.1','2011-04-03 19:39:23','2011-04-03 19:39:23','Dino','Test','Los Angeles','1971-04-03','Male',NULL,NULL,NULL),(123,'maureen@test.com','$2a$10$Gfi5oqeyijM0a2zOnW.OmOCs.EYmKPOOBhVaJWhROyY0.lJGetih2','$2a$10$Gfi5oqeyijM0a2zOnW.OmO',NULL,NULL,NULL,1,'2011-04-03 20:53:36','2011-04-03 20:53:36','127.0.0.1','127.0.0.1','2011-04-03 20:53:36','2011-04-03 20:53:36','Maureen','Test','Detroit','1984-04-03','Female',NULL,NULL,NULL),(124,'henry@test.com','$2a$10$VVYIS99t6YKhweVUtwhkoeess3l/ZrpSyGIYuTz3RUmapaQjGXBJi','$2a$10$VVYIS99t6YKhweVUtwhkoe',NULL,NULL,NULL,1,'2011-04-03 20:55:55','2011-04-03 20:55:55','127.0.0.1','127.0.0.1','2011-04-03 20:55:55','2011-04-03 20:55:55','Henry','Test','Los Angeles','1983-04-03','Male',NULL,NULL,NULL),(125,'darryl@test.com','$2a$10$qhY2pHIP2b0S65XgM2CNz./p6hH4Ztn3eBRJWv0o/Jn1UW1nyfyd.','$2a$10$qhY2pHIP2b0S65XgM2CNz.',NULL,NULL,NULL,1,'2011-04-03 23:57:42','2011-04-03 23:57:42','127.0.0.1','127.0.0.1','2011-04-03 23:57:42','2011-04-03 23:57:42','Darryl','Test','Los Angeles','1958-04-03','Male',NULL,NULL,NULL),(126,'felix@test.com','$2a$10$NoK27PyQX1wR9/cjOtQ7wOwp1XURIh6PH74dPdBbnz1rHi2FT8wl2','$2a$10$NoK27PyQX1wR9/cjOtQ7wO',NULL,NULL,NULL,1,'2011-04-04 00:49:14','2011-04-04 00:49:14','127.0.0.1','127.0.0.1','2011-04-04 00:49:14','2011-04-04 00:49:14','Felix','Test','San Francisco','1986-04-04','Male',NULL,NULL,NULL),(127,'chet@test.com','$2a$10$N8kP5ClKKSeR7f4Lb/2yHOc.Wohzst0w1TubdIEmVk4yHvLZoBUC2','$2a$10$N8kP5ClKKSeR7f4Lb/2yHO',NULL,NULL,NULL,1,'2011-04-05 21:37:49','2011-04-05 21:37:49','127.0.0.1','127.0.0.1','2011-04-05 21:37:49','2011-04-05 21:37:49','Chet','Test','Chicago','1981-04-05','Male',NULL,NULL,NULL),(128,'cliff@test.com','$2a$10$jMJdguAROMufkSrPcbeJf.kkxfiMYrWn.uRtgAPf.jTHwNINiHPM2','$2a$10$jMJdguAROMufkSrPcbeJf.',NULL,NULL,NULL,1,'2011-04-05 21:41:32','2011-04-05 21:41:32','127.0.0.1','127.0.0.1','2011-04-05 21:41:32','2011-04-05 21:41:32','Cliff','Test','Chicago','1962-04-05','Male',NULL,NULL,NULL),(129,'veronica@test.com','$2a$10$v6JdqWKRODUyPDZSY9Xjl.bVmwoTPrmjaveRMVGfgFiLXYrL3LW5q','$2a$10$v6JdqWKRODUyPDZSY9Xjl.',NULL,NULL,NULL,1,'2011-04-07 04:08:46','2011-04-07 04:08:46','127.0.0.1','127.0.0.1','2011-04-07 04:08:45','2011-04-07 04:08:46','Veronica','Test','Chicago','1962-04-07','Female',NULL,NULL,NULL),(130,'cheryl@test.com','$2a$10$xsdn47Y3U5X1nEPp2j8zaOOZJqvvptLIE63.QIKM4tu7LJj32nRAe','$2a$10$xsdn47Y3U5X1nEPp2j8zaO',NULL,NULL,NULL,1,'2011-04-07 04:24:51','2011-04-07 04:24:51','127.0.0.1','127.0.0.1','2011-04-07 04:24:51','2011-04-07 04:24:51','Cheryl','Test','Chicago','1969-04-07','Female',NULL,NULL,NULL),(131,'gil@test.com','$2a$10$bhEh.8MQdDDp4JNwWiIaJuDFBcNhdgMsDKRPcEfGyTzw7GlDnhiEu','$2a$10$bhEh.8MQdDDp4JNwWiIaJu',NULL,NULL,NULL,1,'2011-04-07 18:47:33','2011-04-07 18:47:33','127.0.0.1','127.0.0.1','2011-04-07 18:47:32','2011-04-07 18:47:33','Gil','Test','Chicago','1977-04-07','Male',NULL,NULL,NULL),(132,'alex@test.com','$2a$10$fWZnfrFHILD3QNQmk3VbTeEQmoNXWPAMbyUzXAMzYIx6JzFTlfArO','$2a$10$fWZnfrFHILD3QNQmk3VbTe',NULL,NULL,NULL,1,'2011-04-07 18:59:50','2011-04-07 18:59:50','127.0.0.1','127.0.0.1','2011-04-07 18:59:50','2011-04-07 18:59:50','Alex','Test','Chicago','1974-04-07','Male',NULL,NULL,NULL),(133,'brent@test.com','$2a$10$ehMy49C5UV3QrV.esxkLpeEgvktXo6C70ge6RZsywsgCFfN0/t7De','$2a$10$ehMy49C5UV3QrV.esxkLpe',NULL,NULL,NULL,1,'2011-04-07 19:43:34','2011-04-07 19:43:34','127.0.0.1','127.0.0.1','2011-04-07 19:43:34','2011-04-07 19:43:34','Brent','Test','Chicago','1973-04-07','Male',NULL,NULL,NULL),(134,'rachel@test.com','$2a$10$33AA9gJEYyDZODVZJJ3bq.9L0YG4t49uDpn65bcxp36Zwxenbs6MG','$2a$10$33AA9gJEYyDZODVZJJ3bq.',NULL,NULL,NULL,1,'2011-04-07 21:54:11','2011-04-07 21:54:11','127.0.0.1','127.0.0.1','2011-04-07 21:54:11','2011-04-07 21:54:11','Rachel','Test','Chicago','1972-04-07','Female',NULL,NULL,NULL),(135,'ashley@test.com','$2a$10$X0kq4Wg1DHgsMg28p5C96e5bEiRVQAZp43XH77CxD2N1EF3Nkgu.O','$2a$10$X0kq4Wg1DHgsMg28p5C96e',NULL,NULL,NULL,1,'2011-04-07 21:57:45','2011-04-07 21:57:45','127.0.0.1','127.0.0.1','2011-04-07 21:57:45','2011-04-07 21:57:45','Ashley','Test','Chicago','1960-04-07','Female',NULL,NULL,NULL),(136,'wilma@test.com','$2a$10$2VdT8GWBIyS///jYTNoYfe7ou820RuMrisoQEAS6EWwcB8MdFcJz.','$2a$10$2VdT8GWBIyS///jYTNoYfe',NULL,NULL,NULL,1,'2011-04-07 22:25:57','2011-04-07 22:25:57','127.0.0.1','127.0.0.1','2011-04-07 22:25:57','2011-04-07 22:25:57','Wilma','Test','Chicago','1975-04-07','Female',NULL,NULL,NULL),(137,'owen@test.com','$2a$10$RT49jrKyhixbrTpXtBPwnuQVzMcrJxjQuvfAS4qeExOKwiTQ/ANQi','$2a$10$RT49jrKyhixbrTpXtBPwnu',NULL,NULL,NULL,1,'2011-04-07 22:27:45','2011-04-07 22:27:45','127.0.0.1','127.0.0.1','2011-04-07 22:27:45','2011-04-07 22:27:45','Owen','Test','Chicago','1971-04-07','Male',NULL,NULL,NULL),(138,'irene@test.com','$2a$10$0z8AasxKB4GNuuEfDVrmdemZkcseOt4jKJ2IDBAlUy0J0h34AnAgG','$2a$10$0z8AasxKB4GNuuEfDVrmde',NULL,NULL,NULL,1,'2011-04-08 01:04:49','2011-04-08 01:04:49','127.0.0.1','127.0.0.1','2011-04-08 01:04:49','2011-04-08 01:04:49','Irene','Test','Chicago','1968-04-08','Female',NULL,NULL,NULL),(139,'trent@test.com','$2a$10$9MiYMXq4BX2KuD57FvEkrOCMBLSz69JvYaTVtORV9nheTxgLXfWe.','$2a$10$9MiYMXq4BX2KuD57FvEkrO',NULL,NULL,NULL,1,'2011-04-08 18:57:36','2011-04-08 18:57:36','127.0.0.1','127.0.0.1','2011-04-08 18:57:36','2011-04-08 18:57:36','Trent','Test','Chicago','1975-04-08','Male',NULL,NULL,NULL),(140,'amber@test.com','$2a$10$JlWTByMgowiY4nRBF5SdBOZZfMYi/ojWJLcfDRt8CIIGs2962O7Iu','$2a$10$JlWTByMgowiY4nRBF5SdBO',NULL,NULL,NULL,1,'2011-04-08 20:32:47','2011-04-08 20:32:47','127.0.0.1','127.0.0.1','2011-04-08 20:32:47','2011-04-08 20:32:47','Amber','Test','Chicago','1976-04-08','Female',NULL,NULL,NULL),(141,'maura@test.com','$2a$10$VTxvrWFBIArXM6dSBT1pOeletQcnchgbSqoecDsR.oXTTzmRJ1HQm','$2a$10$VTxvrWFBIArXM6dSBT1pOe',NULL,NULL,NULL,1,'2011-04-08 20:44:04','2011-04-08 20:44:04','127.0.0.1','127.0.0.1','2011-04-08 20:44:04','2011-04-08 20:44:04','Maura','Test','Chicago','1978-04-08','Female',NULL,NULL,NULL),(142,'simon@test.com','$2a$10$hmUA8SL8DyEeqGk0wBnog.l.Xq0oZXmJir0IXTTsmFLJgeVNbQysW','$2a$10$hmUA8SL8DyEeqGk0wBnog.',NULL,NULL,NULL,1,'2011-04-08 20:48:03','2011-04-08 20:48:03','127.0.0.1','127.0.0.1','2011-04-08 20:48:03','2011-04-08 20:48:03','Simon','Test','Chicago','1986-04-08','Male',NULL,NULL,NULL),(143,'audrey@test.com','$2a$10$zMgdfeMnbcDULBpIysAHO.04DTLp3u9ypUP/jcvsHm6yeG66vlhBK','$2a$10$zMgdfeMnbcDULBpIysAHO.',NULL,NULL,NULL,1,'2011-04-08 20:51:26','2011-04-08 20:51:26','127.0.0.1','127.0.0.1','2011-04-08 20:51:26','2011-04-08 20:51:26','Audrey','Test','Chicago','1993-04-08','Female',NULL,NULL,NULL),(144,'alfred@test.com','$2a$10$SoQpD2BJw77pUU39TFnGKOEkGxm/4G8QYzXFBzlmik1kJoRjXixT2','$2a$10$SoQpD2BJw77pUU39TFnGKO',NULL,NULL,NULL,1,'2011-04-09 06:31:54','2011-04-09 06:31:54','127.0.0.1','127.0.0.1','2011-04-09 06:31:54','2011-04-09 06:31:54','Alfred','Test','Chicago','1971-04-09','Male',NULL,NULL,NULL),(145,'isaac@test.com','$2a$10$eeJCS6UzTYZOe1k4LpNqT.OXeXrYZJbq20xMynv3y2/R0SF.8Kv76','$2a$10$eeJCS6UzTYZOe1k4LpNqT.',NULL,NULL,NULL,1,'2011-04-09 17:18:30','2011-04-09 17:18:30','127.0.0.1','127.0.0.1','2011-04-09 17:18:30','2011-04-09 17:18:30','Isaac','Test','Chicago','1985-04-09','Male',NULL,NULL,NULL),(146,'elena@test.com','$2a$10$2K2vU.CXtEyfZbGFox4QLeJLewLYtOIppqp1C5LHQOUCM0889J33i','$2a$10$2K2vU.CXtEyfZbGFox4QLe',NULL,NULL,NULL,1,'2011-04-09 17:53:52','2011-04-09 17:53:52','127.0.0.1','127.0.0.1','2011-04-09 17:53:51','2011-04-09 17:53:52','Elena','Test','Chicago','1970-04-09','Female',NULL,NULL,NULL),(147,'edgar@test.com','$2a$10$kOhxzitfpxrWFRSi1ppEMuUiq5QoXaTV4KTAerUj.c4n92HR99fKO','$2a$10$kOhxzitfpxrWFRSi1ppEMu',NULL,NULL,NULL,1,'2011-04-09 19:10:04','2011-04-09 19:10:04','127.0.0.1','127.0.0.1','2011-04-09 19:10:04','2011-04-09 19:10:04','Edgar','Test','Chicago','1962-04-09','Male',NULL,NULL,NULL),(148,'holly@test.com','$2a$10$AlBSTD3FubHHVBJAiIIIC.F39qjSg4xqyCKvk3vY3oBl77L2lqnVK','$2a$10$AlBSTD3FubHHVBJAiIIIC.',NULL,NULL,NULL,1,'2011-04-09 23:28:35','2011-04-09 23:28:35','127.0.0.1','127.0.0.1','2011-04-09 23:28:35','2011-04-09 23:28:35','Holly','Test','Chicago','1991-04-09','Female',NULL,NULL,NULL),(149,'barbara@test.com','$2a$10$vk3t0wE3NLhaMTcDYGOYrObBerpiSxgEY6Q7f57lGNCEZHFyNvt.K','$2a$10$vk3t0wE3NLhaMTcDYGOYrO',NULL,NULL,NULL,1,'2011-04-10 01:09:33','2011-04-10 01:09:33','127.0.0.1','127.0.0.1','2011-04-10 01:09:33','2011-04-10 01:09:33','Barbara','Test','Chicago','1972-04-10','Female',NULL,NULL,NULL),(150,'nell@test.com','$2a$10$P2p2J37sClQoVH.2qWVHsuHetXHzPwQHELesa9zea91PQvzRzS0P.','$2a$10$P2p2J37sClQoVH.2qWVHsu',NULL,NULL,NULL,1,'2011-04-10 02:08:59','2011-04-10 02:08:59','127.0.0.1','127.0.0.1','2011-04-10 02:08:59','2011-04-10 02:08:59','Nell','Test','Chicago','1972-04-10','Female',NULL,NULL,NULL),(151,'solomon@test.com','$2a$10$JoPF4RYe9CaUUEAYOu.Aee.MaB6/tBjUap3PcCdYLK8bKcL9e0O.m','$2a$10$JoPF4RYe9CaUUEAYOu.Aee',NULL,NULL,NULL,1,'2011-04-10 02:17:17','2011-04-10 02:17:17','127.0.0.1','127.0.0.1','2011-04-10 02:17:17','2011-04-10 02:17:17','Solomon','Test','Chicago','1963-04-10','Male',NULL,NULL,NULL),(152,'julie@test.com','$2a$10$O.1Ub.aQsL77oSq0J7P0i.2rlrIKhxMBvjuGVci8RtzHmR6Iiize.','$2a$10$O.1Ub.aQsL77oSq0J7P0i.',NULL,NULL,NULL,1,'2011-04-10 02:26:32','2011-04-10 02:26:32','127.0.0.1','127.0.0.1','2011-04-10 02:26:32','2011-04-10 02:26:32','Julie','Test','Chicago','1992-04-10','Female',NULL,NULL,NULL),(153,'crystal@test.com','$2a$10$UT1xZmFHvS//XpeXaNzZrO5d5Hd4kohzvOEFSatXKOy/bSmF5crLS','$2a$10$UT1xZmFHvS//XpeXaNzZrO',NULL,NULL,NULL,1,'2011-04-10 02:56:33','2011-04-10 02:56:33','127.0.0.1','127.0.0.1','2011-04-10 02:56:33','2011-04-10 02:56:33','Crystal','Test','Chicago','1979-04-10','Female',NULL,NULL,NULL),(154,'leo@test.com','$2a$10$wR.Cgm2g7WcGmHMyq4YAkeJAGSlyEPiKERwBxoxp5MVriNjrweXyC','$2a$10$wR.Cgm2g7WcGmHMyq4YAke',NULL,NULL,NULL,1,'2011-04-10 06:11:22','2011-04-10 06:11:22','127.0.0.1','127.0.0.1','2011-04-10 06:11:22','2011-04-10 06:11:22','Leo','Test','Chicago','1964-04-10','Male',NULL,NULL,NULL),(155,'nora@test.com','$2a$10$/oxPJRMn3YPcSahUtcI7iuhjh2mpMovaWPJ2ZITRYXonpQt8qiXhi','$2a$10$/oxPJRMn3YPcSahUtcI7iu',NULL,NULL,NULL,1,'2011-04-10 06:13:56','2011-04-10 06:13:56','127.0.0.1','127.0.0.1','2011-04-10 06:13:56','2011-04-10 06:13:56','Nora','Test','Chicago','1964-04-10','Female',NULL,NULL,NULL),(156,'shirley1@test.com','$2a$10$EzT9OK2DA1LK0uQcnQCKreFIOK/u5x1WfWjieLcBF2h4KcWlh4tka','$2a$10$EzT9OK2DA1LK0uQcnQCKre',NULL,NULL,NULL,1,'2011-04-10 23:01:20','2011-04-10 23:01:20','127.0.0.1','127.0.0.1','2011-04-10 23:01:20','2011-04-10 23:01:20','Shirley','Test','Chicago','1974-04-10','Female',NULL,NULL,NULL),(157,'erin@test.com','$2a$10$2lMakbYGQSpoYKbQehIY4OO8xNt293XwmrvDZtw5XC.icPyNtgge2','$2a$10$2lMakbYGQSpoYKbQehIY4O',NULL,NULL,NULL,1,'2011-04-11 00:49:19','2011-04-11 00:49:19','127.0.0.1','127.0.0.1','2011-04-11 00:49:19','2011-04-11 00:49:19','Erin','Test','Chicago','1983-04-11','Female',NULL,NULL,NULL),(158,'susan@test.com','$2a$10$ksj8ptIjS.MpOVc6Nh0NaeYDN1Bmk6sCHQiIceq0wVc4Di5lEAIc.','$2a$10$ksj8ptIjS.MpOVc6Nh0Nae',NULL,NULL,NULL,1,'2011-04-11 06:57:11','2011-04-11 06:57:11','127.0.0.1','127.0.0.1','2011-04-11 06:57:11','2011-04-11 06:57:11','Susan','Test','Chicago','1976-04-11','Female',NULL,NULL,NULL),(159,'sarah@test.com','$2a$10$Z5E0v9h/CGwUs6BOwKMItehdSk78vPa1agxTDnlOzl5x3tkFCsW1y','$2a$10$Z5E0v9h/CGwUs6BOwKMIte',NULL,NULL,NULL,1,'2011-04-11 16:54:49','2011-04-11 16:54:49','127.0.0.1','127.0.0.1','2011-04-11 16:54:49','2011-04-11 16:54:49','Sarah','Test','Chicago','1967-04-11','Female',NULL,NULL,NULL),(160,'melissa@test.com','$2a$10$dUlnFQhTpPLiz4.1D/CekecjoGE64Yt.51gOqUvmGBcEnyIzEEAtm','$2a$10$dUlnFQhTpPLiz4.1D/Ceke',NULL,NULL,NULL,1,'2011-04-11 17:18:17','2011-04-11 17:18:17','127.0.0.1','127.0.0.1','2011-04-11 17:18:16','2011-04-11 17:18:17','Melissa','Test','Chicago','1965-04-11','Female',NULL,NULL,NULL),(161,'sheila@test.com','$2a$10$FrrwmgMVWO1aDbNc5/Ltwe.fMUCqJILkoxS5OWbR3EqjQbcH8sdOW','$2a$10$FrrwmgMVWO1aDbNc5/Ltwe',NULL,NULL,NULL,1,'2011-04-11 19:46:51','2011-04-11 19:46:51','127.0.0.1','127.0.0.1','2011-04-11 19:46:51','2011-04-11 19:46:51','Sheila','Test','Chicago','1980-04-11','Female',NULL,NULL,NULL),(162,'barney@test.com','$2a$10$I0qNJMxmQYeF9sxAkMiOweAOl.5TY959UFhlIP8mp8opC72XVxU5C','$2a$10$I0qNJMxmQYeF9sxAkMiOwe',NULL,NULL,NULL,1,'2011-04-11 19:51:16','2011-04-11 19:51:16','127.0.0.1','127.0.0.1','2011-04-11 19:51:16','2011-04-11 19:51:16','Barney','Test','Chicago','1954-04-11','Male',NULL,NULL,NULL),(163,'ross@test.com','$2a$10$yvDYSQmVC3dKA0O.pY3XlujTqXMKat0L2wok4ay3szrZkk3YWLPVC','$2a$10$yvDYSQmVC3dKA0O.pY3Xlu',NULL,NULL,NULL,1,'2011-04-11 20:07:01','2011-04-11 20:07:01','127.0.0.1','127.0.0.1','2011-04-11 20:07:01','2011-04-11 20:07:01','Ross','Test','Chicago','1969-04-11','Male',NULL,NULL,NULL),(164,'greg@test.com','$2a$10$8prsNEtTAklwsRlAc2zlLuxlC/g8oAFbIKckfHb2icpbjADRZieN2','$2a$10$8prsNEtTAklwsRlAc2zlLu',NULL,NULL,NULL,1,'2011-04-11 20:28:16','2011-04-11 20:28:16','127.0.0.1','127.0.0.1','2011-04-11 20:28:16','2011-04-11 20:28:16','Greg','Test','Chicago','1962-04-11','Male',NULL,NULL,NULL),(165,'hank@test.com','$2a$10$m5spGScOcbjq2cXMKIAtlunoZUlBYF5YEIZv2dKJX8ePzc9.e7K5y','$2a$10$m5spGScOcbjq2cXMKIAtlu',NULL,NULL,NULL,1,'2011-04-11 20:37:41','2011-04-11 20:37:41','127.0.0.1','127.0.0.1','2011-04-11 20:37:41','2011-04-11 20:37:41','Hank','Test','Chicago','1966-04-11','Male',NULL,NULL,NULL),(166,'michael@test.com','$2a$10$tzUsHg7MNUeolhT87JDY..y7QGRz.qkrkzQJt3VrJP9KI/Z2I1d02','$2a$10$tzUsHg7MNUeolhT87JDY..',NULL,NULL,NULL,1,'2011-04-11 21:26:15','2011-04-11 21:26:15','127.0.0.1','127.0.0.1','2011-04-11 21:26:15','2011-04-11 21:26:15','Michael','Test','Chicago','1976-04-11','Male',NULL,NULL,NULL),(167,'ellen@test.com','$2a$10$jllIJqthNIRlYt885DHhQOuiaspfN3NLahe7dvn5CdKbcFyWeAs9W','$2a$10$jllIJqthNIRlYt885DHhQO',NULL,NULL,NULL,1,'2011-04-11 22:24:10','2011-04-11 22:24:10','127.0.0.1','127.0.0.1','2011-04-11 22:24:10','2011-04-11 22:24:10','Ellen ','Test','Chicago','1956-04-11','Female',NULL,NULL,NULL),(168,'robert@test.com','$2a$10$R1UD3kAYAt8GSrgUO.bZteN1QlvA6L.XZZ9bFXMNB2ogt2vs.tQmy','$2a$10$R1UD3kAYAt8GSrgUO.bZte',NULL,NULL,NULL,1,'2011-04-11 22:29:52','2011-04-11 22:29:52','127.0.0.1','127.0.0.1','2011-04-11 22:29:52','2011-04-11 22:29:52','Robert','Test','Chicago','1966-04-11','Male',NULL,NULL,NULL),(169,'angela@test.com','$2a$10$e/wK5BQHLz8oC7qpfi..iOm9hprkjfoBpZIExl8qxDMAl6DgUl3P6','$2a$10$e/wK5BQHLz8oC7qpfi..iO',NULL,NULL,NULL,1,'2011-04-12 02:57:22','2011-04-12 02:57:22','127.0.0.1','127.0.0.1','2011-04-12 02:57:22','2011-04-12 02:57:22','Angela','Test','Chicago','1955-04-12','Female',NULL,NULL,NULL),(170,'lionel@test.com','$2a$10$2yF/i.RNoh0p.KK0h9EjiuZ6YmfrLwmuj5WCQZ1Fm7MN.xHQjLKYa','$2a$10$2yF/i.RNoh0p.KK0h9Ejiu',NULL,NULL,NULL,1,'2011-04-12 03:21:46','2011-04-12 03:21:46','127.0.0.1','127.0.0.1','2011-04-12 03:21:46','2011-04-12 03:21:46','Lionel','Test','Chicago','1963-04-12','Male',NULL,NULL,NULL),(171,'bernie@test.com','$2a$10$qn26OcS/qWx.Ay.qCNo4kesakYHeawvIWz36wFRSEVrezOvnuZKlC','$2a$10$qn26OcS/qWx.Ay.qCNo4ke',NULL,NULL,NULL,1,'2011-04-12 04:56:52','2011-04-12 04:56:52','127.0.0.1','127.0.0.1','2011-04-12 04:56:52','2011-04-12 04:56:52','Bernie','Test','Chicago','1975-04-12','Male',NULL,NULL,NULL),(172,'julius@test.com','$2a$10$ilEQR/ynY96MvrsbqHpVgejF7SK5jyYA27Rcdqd/Hq/sZwlTw/4tu','$2a$10$ilEQR/ynY96MvrsbqHpVge',NULL,NULL,NULL,1,'2011-04-12 06:57:01','2011-04-12 06:57:01','127.0.0.1','127.0.0.1','2011-04-12 06:57:01','2011-04-12 06:57:01','Julius','Test','Chicago','1977-04-12','Male',NULL,NULL,NULL),(173,'tony@test.com','$2a$10$bJW2wb8iisbEo1WA2ge7iOEfsP4N9kqPvMZNFrYRQp9dCht88UB7m','$2a$10$bJW2wb8iisbEo1WA2ge7iO',NULL,NULL,NULL,1,'2011-04-12 08:35:32','2011-04-12 08:35:32','127.0.0.1','127.0.0.1','2011-04-12 08:35:32','2011-04-12 08:35:32','Tony','Test',NULL,'1952-04-13','Male',3,NULL,NULL),(175,'jordan@test.com','$2a$10$EUMH8V3ZvEjX9jRDTqtnU.BTQpORy14g92GJ8lMpTat4zkwbvUt/a','$2a$10$EUMH8V3ZvEjX9jRDTqtnU.',NULL,NULL,NULL,1,'2011-04-12 16:26:26','2011-04-12 16:26:26','127.0.0.1','127.0.0.1','2011-04-12 16:26:26','2011-04-12 16:26:26','Jordan','Test',NULL,'1978-06-11','Female',2,NULL,NULL),(176,'xavier@test.com','$2a$10$Wh/cgB0LC5mLNTOWOu5fk.eCzrGFLlDgNlt/20d9rR7Vp630muHjy','$2a$10$Wh/cgB0LC5mLNTOWOu5fk.',NULL,NULL,NULL,1,'2011-04-12 18:01:03','2011-04-12 18:01:03','127.0.0.1','127.0.0.1','2011-04-12 18:01:03','2011-04-12 18:01:03','Xavier','Test',NULL,'1954-07-10','Male',4,NULL,NULL),(177,'trevor@test.com','$2a$10$9EUxPzfgj0sKl4l7HGc.d.9qAnk.Iozn8QzYRDu9m4lsHDxDG03b.','$2a$10$9EUxPzfgj0sKl4l7HGc.d.',NULL,NULL,NULL,1,'2011-04-12 19:02:58','2011-04-12 19:02:58','127.0.0.1','127.0.0.1','2011-04-12 19:02:58','2011-04-12 19:02:58','Trevor','Test',NULL,'1993-04-25','Male',5,NULL,NULL),(178,'kent@test.com','$2a$10$yaqxbJQ3jpQnyG/u2f1Tb.OF8qAiZx4hGN2V6mzqZCaYfpMnyvLyK','$2a$10$yaqxbJQ3jpQnyG/u2f1Tb.',NULL,NULL,NULL,1,'2011-04-12 20:53:05','2011-04-12 20:53:05','127.0.0.1','127.0.0.1','2011-04-12 20:53:04','2011-04-12 20:53:05','Kent','Test',NULL,'1958-02-10','Male',3,NULL,NULL),(179,'roger@test.com','$2a$10$q89mxrTQyYPVFOmEDcWPru4siS3bT/3QfIUD.5ZyU6UvQCqO8UTyG','$2a$10$q89mxrTQyYPVFOmEDcWPru',NULL,NULL,NULL,1,'2011-04-12 21:54:37','2011-04-12 21:54:37','127.0.0.1','127.0.0.1','2011-04-12 21:54:37','2011-04-12 21:54:37','Roger','Test',NULL,'1965-05-06','Male',6,NULL,NULL),(180,'oliver@test.com','$2a$10$f3vWXeAkjLJ1GcU0YjrlR.LbAYXOQ1SIOo07mNkrcpovdIi5rHZha','$2a$10$f3vWXeAkjLJ1GcU0YjrlR.',NULL,NULL,NULL,1,'2011-04-13 01:39:01','2011-04-13 01:39:01','127.0.0.1','127.0.0.1','2011-04-13 01:39:01','2011-04-13 01:39:01','Oliver','Test',NULL,'1976-12-31','Male',3,NULL,NULL),(181,'dick02@test.com','$2a$10$oZIJAMBGCjcekwj/eibtZuKAj3GVZZFt9gkte9Fz8z9scpwW51NXa','$2a$10$oZIJAMBGCjcekwj/eibtZu',NULL,NULL,NULL,3,'2011-04-18 00:35:44','2011-04-17 03:15:45','127.0.0.1','127.0.0.1','2011-04-17 02:27:10','2011-04-18 00:35:44','Dick','Test',NULL,'1966-07-12','Male',3,NULL,NULL),(182,'lilly@test.com','$2a$10$GRQvRsspBuE5A8Lcgvifm.YO1PFFo.w5G6oX0sWPEKMt8xWZW7Fky','$2a$10$GRQvRsspBuE5A8Lcgvifm.',NULL,NULL,NULL,1,'2011-04-17 03:51:50','2011-04-17 03:51:50','127.0.0.1','127.0.0.1','2011-04-17 03:51:50','2011-04-17 03:51:50','Lilly','Test',NULL,'1975-02-03','Female',2,NULL,NULL),(183,'linda@test.com','$2a$10$nmuy.NYcX/YxtVmaS6PvN.gOp.v01NC8/KsLG/lyVLboc/xjE01N6','$2a$10$nmuy.NYcX/YxtVmaS6PvN.',NULL,NULL,NULL,27,'2011-06-15 19:30:38','2011-06-15 19:26:53','127.0.0.1','127.0.0.1','2011-04-17 03:55:54','2011-06-15 19:30:38','Linda','Test',NULL,'1960-10-01','Female',3,NULL,NULL),(184,'ray@test.com','$2a$10$.EmCIGx6wpiV7CsBFlyA6eyGUFssQxTb2kLW4OrxTgxGsxwa20nL.','$2a$10$.EmCIGx6wpiV7CsBFlyA6e',NULL,NULL,NULL,1,'2011-04-17 04:02:44','2011-04-17 04:02:44','127.0.0.1','127.0.0.1','2011-04-17 04:02:43','2011-04-17 04:02:44','Ray','Test',NULL,'1972-08-07','Male',4,NULL,NULL),(185,'lana@test.com','$2a$10$O6OqEnwJB4qOWWNUEpED0euGvaK0jxpOahI6r/D0EhcNw.288okbS','$2a$10$O6OqEnwJB4qOWWNUEpED0e',NULL,NULL,NULL,1,'2011-04-17 04:46:08','2011-04-17 04:46:08','127.0.0.1','127.0.0.1','2011-04-17 04:46:08','2011-04-17 04:46:08','Lana','Test',NULL,'1979-05-05','Female',2,NULL,NULL),(186,'terry@test.com','$2a$10$Ki/h7RaLXClFaZILV/lAA.2fDe3rs07CQbsL0m8zMcNLs6id7ekDi','$2a$10$Ki/h7RaLXClFaZILV/lAA.',NULL,NULL,NULL,1,'2011-04-17 05:52:04','2011-04-17 05:52:04','127.0.0.1','127.0.0.1','2011-04-17 05:52:04','2011-04-17 05:52:04','Terry','Test',NULL,'1990-01-13','Male',1,NULL,NULL),(187,'hugh@test.com','$2a$10$CaYMDk/KEccby71vJq7pbOEctjPhljcxgNG/b8Lk5F8757TW8vb4a','$2a$10$CaYMDk/KEccby71vJq7pbO',NULL,NULL,NULL,1,'2011-04-17 06:09:10','2011-04-17 06:09:10','127.0.0.1','127.0.0.1','2011-04-17 06:09:09','2011-04-17 06:09:10','Hugh','Test',NULL,'1964-09-10','Male',4,NULL,NULL),(188,'walter@test.com','$2a$10$vCI3Ki5b6Rm3RGRB8rXT0upEsFjgpQvPg1p2JQ82KxH5sKc78H1ja','$2a$10$vCI3Ki5b6Rm3RGRB8rXT0u',NULL,NULL,NULL,1,'2011-04-17 07:15:07','2011-04-17 07:15:07','127.0.0.1','127.0.0.1','2011-04-17 07:15:07','2011-04-17 07:15:07','Walter','Test',NULL,'1958-11-04','Male',2,NULL,NULL),(189,'miles@test.com','$2a$10$bnK8omcZPcisGLm1Bv4pieHR2ZK5eHA.qp5hpzJXxjOQOqez3.9qO','$2a$10$bnK8omcZPcisGLm1Bv4pie',NULL,NULL,NULL,1,'2011-04-17 17:05:52','2011-04-17 17:05:52','127.0.0.1','127.0.0.1','2011-04-17 17:05:52','2011-04-17 17:05:52','Miles','Test',NULL,'1987-05-23','Male',1,NULL,NULL),(190,'marion@test.com','$2a$10$MhWF5XJaNoeUoSqkQS8a8O4emHEYvr8W79GzikjEV1PC0nVyITnkq','$2a$10$MhWF5XJaNoeUoSqkQS8a8O',NULL,NULL,NULL,1,'2011-04-17 17:52:12','2011-04-17 17:52:12','127.0.0.1','127.0.0.1','2011-04-17 17:52:11','2011-04-17 17:52:12','Marion','Test',NULL,'1975-04-24','Female',3,NULL,NULL),(191,'vivian@test.com','$2a$10$v0yAupiVilny9wxEzrhiEevlk2XhMQYSX7kwNm1VE7dX53gwJx.bG','$2a$10$v0yAupiVilny9wxEzrhiEe',NULL,NULL,NULL,1,'2011-04-17 18:03:28','2011-04-17 18:03:28','127.0.0.1','127.0.0.1','2011-04-17 18:03:28','2011-04-17 18:03:28','Vivian','Test',NULL,'1963-02-03','Female',3,NULL,NULL),(192,'rico@test.com','$2a$10$9PPPO2MjaR/TCiLlWWabHegZPn8wpY.XUghK3qt7AaWrUM6h2hYLS','$2a$10$9PPPO2MjaR/TCiLlWWabHe',NULL,NULL,NULL,1,'2011-04-17 18:45:07','2011-04-17 18:45:07','127.0.0.1','127.0.0.1','2011-04-17 18:45:07','2011-04-17 18:45:07','Rico','Test',NULL,'1970-04-10','Male',1,NULL,NULL),(193,'alisha@test.com','$2a$10$njls87TFNRLsgxau8V1ydOtriBzACkpIoP/uwOkNhgd4pX4rYPLoS','$2a$10$njls87TFNRLsgxau8V1ydO',NULL,NULL,NULL,1,'2011-04-17 19:27:21','2011-04-17 19:27:21','127.0.0.1','127.0.0.1','2011-04-17 19:27:21','2011-04-17 19:27:21','Alisha','Test',NULL,'1959-08-10','Female',3,NULL,NULL),(194,'kyle@test.com','$2a$10$JsoquJp1fSiONPQaF4ij1u8vabRFPC4R48oDe2X02Cwdmq1UM6cjW','$2a$10$JsoquJp1fSiONPQaF4ij1u',NULL,NULL,NULL,1,'2011-04-17 20:49:07','2011-04-17 20:49:07','127.0.0.1','127.0.0.1','2011-04-17 20:49:07','2011-04-17 20:49:07','Kyle','Test',NULL,'1945-12-02','Male',2,NULL,NULL),(195,'pam@test.com','$2a$10$Pakh4/0NzzlNBsYZzrbqmODHCVORDcGzINV4MQeenNBzBW56V4UBi','$2a$10$Pakh4/0NzzlNBsYZzrbqmO',NULL,NULL,NULL,1,'2011-04-17 21:41:24','2011-04-17 21:41:24','127.0.0.1','127.0.0.1','2011-04-17 21:41:24','2011-04-17 21:41:24','Pam','Test',NULL,'1961-02-05','Female',3,NULL,NULL),(196,'dennis@test.com','$2a$10$BpZ.P5QLBAeWKCajau9tMePumUhCtupEtxqAZpNLPdloh/fxYezfK','$2a$10$BpZ.P5QLBAeWKCajau9tMe',NULL,NULL,NULL,1,'2011-04-17 23:05:05','2011-04-17 23:05:05','127.0.0.1','127.0.0.1','2011-04-17 23:05:05','2011-04-17 23:05:05','Dennis','Test',NULL,'1964-10-07','Male',4,NULL,NULL),(197,'camille@test.com','$2a$10$ZCWoaMEE7OWKZ/bFLyakguwlgS473ilaL40v2.4HVfglt5Y87nou2','$2a$10$ZCWoaMEE7OWKZ/bFLyakgu',NULL,NULL,NULL,1,'2011-04-17 23:57:05','2011-04-17 23:57:05','127.0.0.1','127.0.0.1','2011-04-17 23:57:05','2011-04-17 23:57:05','Camille','Test',NULL,'1962-03-09','Female',2,NULL,NULL),(198,'marshall@test.com','$2a$10$MKxxzbEfiOxCjlqc/UbVZOEDTpdQC.zu5DkKqydaOBS8k2WHOJPUy','$2a$10$MKxxzbEfiOxCjlqc/UbVZO',NULL,NULL,NULL,1,'2011-04-18 00:26:22','2011-04-18 00:26:22','127.0.0.1','127.0.0.1','2011-04-18 00:26:22','2011-04-18 00:26:22','Marshall','Test',NULL,'1955-08-09','Male',5,NULL,NULL),(199,'willie@test.com','$2a$10$mUknY8FTxujFgYFW0MBP5eY.r7SEEtjT8N8rpyaLiyYfpgPLDgOvq','$2a$10$mUknY8FTxujFgYFW0MBP5e',NULL,NULL,NULL,1,'2011-04-18 01:05:25','2011-04-18 01:05:25','127.0.0.1','127.0.0.1','2011-04-18 01:05:25','2011-04-18 01:05:25','Willie','Test',NULL,'1962-03-24','Male',3,NULL,NULL),(200,'lyle@test.com','$2a$10$BNz2oOW90L5D6GqTjtnx/u2/hUYl7CHm1EDggENYcYPwdWOSVNDVG','$2a$10$BNz2oOW90L5D6GqTjtnx/u',NULL,NULL,NULL,1,'2011-04-18 02:15:48','2011-04-18 02:15:48','127.0.0.1','127.0.0.1','2011-04-18 02:15:48','2011-04-18 02:15:48','Lyle','Test',NULL,'1975-07-11','Male',2,NULL,NULL),(201,'yvette@test.com','$2a$10$jyyjF40gJo6AjoaJCbLjre5gMfV0kuXNHsgoZiCPZBvN8kzd4sm0K','$2a$10$jyyjF40gJo6AjoaJCbLjre',NULL,NULL,NULL,1,'2011-04-18 03:29:58','2011-04-18 03:29:58','127.0.0.1','127.0.0.1','2011-04-18 03:29:58','2011-04-18 03:29:58','Yvette','Test',NULL,'1961-04-10','Female',3,NULL,NULL),(202,'yves@test.com','$2a$10$PzBRrKXHMjdXoxKkVdOtq.m3eFsVuuR.SrLSDxjL1QWG.sYdzW2lG','$2a$10$PzBRrKXHMjdXoxKkVdOtq.',NULL,NULL,NULL,1,'2011-04-18 03:35:05','2011-04-18 03:35:05','127.0.0.1','127.0.0.1','2011-04-18 03:35:05','2011-04-18 03:35:05','Yves','Test',NULL,'1963-10-06','Male',1,NULL,NULL),(203,'norm@test.com','$2a$10$NhGvof88GRrh5RXnmCqk6eXNH1qolkl0k.8niu7lSttsv/5nsOJsu','$2a$10$NhGvof88GRrh5RXnmCqk6e',NULL,NULL,NULL,1,'2011-04-18 03:58:39','2011-04-18 03:58:39','127.0.0.1','127.0.0.1','2011-04-18 03:58:39','2011-04-18 03:58:39','Norm','Test',NULL,'1971-03-09','Male',2,NULL,NULL),(204,'andrea@test.com','$2a$10$jJHMGqTyArDjJEv/UN2OBuzo57ab1tG/MMAKKIiZZFhDa/09JYQ42','$2a$10$jJHMGqTyArDjJEv/UN2OBu',NULL,NULL,NULL,1,'2011-04-18 19:05:08','2011-04-18 19:05:08','127.0.0.1','127.0.0.1','2011-04-18 19:05:08','2011-04-18 19:05:08','Andrea','Test',NULL,'1960-11-03','Female',2,NULL,NULL),(205,'randy@test.com','$2a$10$OrRxMrxQg3DjgfwYgr8Gbedjsu5YnahQYIVou0Bt2QioUeAoofR3S','$2a$10$OrRxMrxQg3DjgfwYgr8Gbe',NULL,NULL,NULL,154,'2011-06-20 22:37:17','2011-06-20 22:13:51','127.0.0.1','127.0.0.1','2011-04-20 05:12:41','2011-06-20 22:37:17','Randy','Testguy',NULL,'1977-02-07','Male',1,'randy06','Central Time (US & Canada)'),(206,'jacob@test.com','$2a$10$RFuQX3Ha3b5cOUgMbBb8xeNzMjcCe2.b6zd6UgH6wfSS.rvq6jzkG','$2a$10$RFuQX3Ha3b5cOUgMbBb8xe',NULL,NULL,NULL,1,'2011-04-20 22:41:38','2011-04-20 22:41:38','127.0.0.1','127.0.0.1','2011-04-20 22:41:38','2011-04-20 22:41:38','Jacob','Test',NULL,'1979-09-13','Male',2,'jacob01',NULL),(207,'carl@test.com','$2a$10$a8URHJ8yTFvAl8vZ8ZmD7uz4OBrdrqDWiyDRGtwfHNBG2AtkjIKBW','$2a$10$a8URHJ8yTFvAl8vZ8ZmD7u',NULL,NULL,NULL,1,'2011-04-25 17:00:55','2011-04-25 17:00:55','127.0.0.1','127.0.0.1','2011-04-25 17:00:54','2011-04-25 17:00:55','Carl','Test',NULL,'1983-05-13','Male',1,'carl01',NULL),(208,'bernard@test.com','$2a$10$nO4GCVJHQukbw5fGgVAWe.16V/Mj7WDk2.X2c1OOQszJaFq84LTjq','$2a$10$nO4GCVJHQukbw5fGgVAWe.',NULL,NULL,NULL,1,'2011-04-28 17:56:48','2011-04-28 17:56:48','127.0.0.1','127.0.0.1','2011-04-28 17:56:48','2011-04-28 17:56:48','Bernard','Test',NULL,'1979-08-08','Male',2,'bernard01',NULL),(209,'daisy@test.com','$2a$10$T1b6uCdt8R22m7BTTkJ2DeBG73vQUWzYrGUmJOiRMuDr.CTsLKFpS','$2a$10$T1b6uCdt8R22m7BTTkJ2De',NULL,NULL,NULL,1,'2011-04-29 00:47:35','2011-04-29 00:47:35','127.0.0.1','127.0.0.1','2011-04-29 00:47:35','2011-04-29 00:47:35','Daisy','Test',NULL,'1975-06-10','Female',3,'daisy01',NULL),(211,'mickey@test.com','$2a$10$IYsRSyV51E4c.O9D16bJ1.Jl6fvlVRqGACgSlSfxAy2aT/bAKrxhi','$2a$10$IYsRSyV51E4c.O9D16bJ1.',NULL,NULL,NULL,1,'2011-05-13 18:11:00','2011-05-13 18:11:00','127.0.0.1','127.0.0.1','2011-05-13 18:11:00','2011-05-13 18:11:00','Mickey','Test',NULL,'1960-04-15','Male',2,'mickey01',NULL),(212,'cal@test.com','$2a$10$4Jg53.Mgs8UEys0mja6vRe6ZN7Rmk5QpCFTdm.smr1pw3drUSKvra','$2a$10$4Jg53.Mgs8UEys0mja6vRe',NULL,NULL,NULL,1,'2011-05-13 19:51:27','2011-05-13 19:51:27','127.0.0.1','127.0.0.1','2011-05-13 19:51:26','2011-05-13 19:51:27','Cal','Test',NULL,'1967-04-13','Male',4,'cal123',NULL),(213,'yolanda@test.com','$2a$10$v0Ys5B3uKBhVVlKPcPJU.ers8Ia4rMTQ4mLEzg5lAMRE3OwXDYI9a','$2a$10$v0Ys5B3uKBhVVlKPcPJU.e',NULL,NULL,NULL,1,'2011-05-14 20:16:29','2011-05-14 20:16:29','127.0.0.1','127.0.0.1','2011-05-14 20:16:29','2011-05-14 20:16:29','Yolanda','Test',NULL,'1968-06-15','Female',2,'yolanda01','Eastern Time (US & Canada)'),(214,'theo@test.com','$2a$10$JPW6fUrUF8wiwlHVL3xx6Ob63m/D4IDU1PfLWqQzP.wbprvzrIalS','$2a$10$JPW6fUrUF8wiwlHVL3xx6O',NULL,NULL,NULL,1,'2011-05-14 22:21:13','2011-05-14 22:21:13','127.0.0.1','127.0.0.1','2011-05-14 22:21:13','2011-05-14 22:21:13','Theo','Test',NULL,'1960-06-15','Male',4,'theo05','Pacific Time (US & Canada)'),(215,'burt@test.com','$2a$10$NasvRRer.jKzt2QHVtrjxeVJHRt4tvA0D0H2N/hGDcdACpmdTPuEy','$2a$10$NasvRRer.jKzt2QHVtrjxe',NULL,NULL,NULL,1,'2011-05-15 04:56:19','2011-05-15 04:56:19','127.0.0.1','127.0.0.1','2011-05-15 04:56:19','2011-05-15 04:56:19','Burt','Test',NULL,'1970-03-15','Male',3,'burt01','Pacific Time (US & Canada)'),(216,'jasper@test.com','$2a$10$mLnxVdYVth8MumePxh8GceMn/s7eEg5ZsbN4FfXg5x6qQ5bQEDC22','$2a$10$mLnxVdYVth8MumePxh8Gce',NULL,NULL,NULL,1,'2011-05-16 06:14:10','2011-05-16 06:14:10','127.0.0.1','127.0.0.1','2011-05-16 06:14:10','2011-05-16 06:14:10','Jasper','Test',NULL,'1965-04-20','Male',1,'jasper01','Central Time (US & Canada)'),(217,'reggie@test.com','$2a$10$VuMM5J6cJkpEDAnDUg.nnu.bIH38bcZHThLLvDcF8K/T1bVTgtx1.','$2a$10$VuMM5J6cJkpEDAnDUg.nnu',NULL,NULL,NULL,1,'2011-05-16 08:47:44','2011-05-16 08:47:44','127.0.0.1','127.0.0.1','2011-05-16 08:47:43','2011-05-16 08:47:44','Reggie','Test',NULL,'1962-04-05','Male',1,'reggie01','Central Time (US & Canada)'),(218,'amanda@test.com','$2a$10$yC5OXnmHjX5t2JMef67C2eH3Yuzv7RmrL1XR1N3mCxo2W4GcgIf1K','$2a$10$yC5OXnmHjX5t2JMef67C2e',NULL,NULL,NULL,1,'2011-05-16 17:41:43','2011-05-16 17:41:43','127.0.0.1','127.0.0.1','2011-05-16 17:41:43','2011-05-16 17:41:43','Amanda','Test',NULL,'1974-08-21','Female',4,'amanda01','Pacific Time (US & Canada)'),(219,'raquel@test.com','$2a$10$JdvaMrgK3.vxp6ZOeQRwFejRkw.5/MU83pneOWkTC3wiBdLiQxFl2','$2a$10$JdvaMrgK3.vxp6ZOeQRwFe',NULL,NULL,NULL,5,'2011-05-24 19:40:15','2011-05-24 06:32:29','127.0.0.1','127.0.0.1','2011-05-16 21:38:17','2011-05-24 19:40:15','Raquel','Test',NULL,'1973-02-05','Female',3,'raquel01','Pacific Time (US & Canada)'),(226,'joshua@test.com','$2a$10$geLw6v7DBZCYHIsTXL8vhOCcGKgUzO5wfKY/mmOteaUK5wD8LeoWC','',NULL,NULL,NULL,2,'2011-05-25 03:46:51','2011-05-24 22:16:13','127.0.0.1','127.0.0.1','2011-05-24 22:16:13','2011-05-25 03:46:51','Joshua','Test',NULL,'1971-09-29','Male',5,'joshua11','Eastern Time (US & Canada)'),(227,'dirk@test.com','$2a$10$Pm.0J5vfnt3FNi3Ck1dFmOi.QYmTJIE5iHUVpofWHSL2IoyTL0WxK','',NULL,NULL,NULL,1,'2011-06-12 18:43:25','2011-06-12 18:43:25','127.0.0.1','127.0.0.1','2011-06-12 18:43:24','2011-06-12 18:43:25','Dirk','Test',NULL,'1976-04-26','Male',4,'dirk06','Pacific Time (US & Canada)');
/*!40000 ALTER TABLE `users` ENABLE KEYS */;
UNLOCK TABLES;
/*!40103 SET TIME_ZONE=@OLD_TIME_ZONE */;

/*!40101 SET SQL_MODE=@OLD_SQL_MODE */;
/*!40014 SET FOREIGN_KEY_CHECKS=@OLD_FOREIGN_KEY_CHECKS */;
/*!40014 SET UNIQUE_CHECKS=@OLD_UNIQUE_CHECKS */;
/*!40101 SET CHARACTER_SET_CLIENT=@OLD_CHARACTER_SET_CLIENT */;
/*!40101 SET CHARACTER_SET_RESULTS=@OLD_CHARACTER_SET_RESULTS */;
/*!40101 SET COLLATION_CONNECTION=@OLD_COLLATION_CONNECTION */;
/*!40111 SET SQL_NOTES=@OLD_SQL_NOTES */;

-- Dump completed on 2011-07-01 18:20:57
